Fecha,Precio,ADX,RSI,SMA200_Trend,SMA50_Rel,Soporte,Resistencia,Sentimiento,Decision
2026-05-14 14:58:31,101.81,59.3,60.0,BULL,ABOVE,101.57,101.83,ALCISTA,ESPERAR
2026-05-14 14:59:32,101.84,57.1,61.5,BULL,ABOVE,101.6,101.83,ALCISTA,COMPRA
2026-05-14 15:00:34,101.81,52.9,60.0,BULL,ABOVE,101.62,101.86,ALCISTA,ESPERAR
2026-05-14 15:01:36,101.84,46.7,57.7,BULL,ABOVE,101.62,101.86,ALCISTA,ESPERAR
2026-05-14 15:02:37,101.84,39.9,56.0,BULL,ABOVE,101.62,101.87,ALCISTA,ESPERAR
2026-05-14 15:03:38,101.84,34.0,56.0,BULL,ABOVE,101.65,101.87,ALCISTA,ESPERAR
2026-05-14 15:04:41,101.84,30.3,75.0,BULL,ABOVE,101.65,101.87,ALCISTA,ESPERAR
2026-05-14 15:05:42,101.78,25.8,53.6,BULL,ABOVE,101.74,101.87,ALCISTA,ESPERAR
2026-05-14 15:06:44,101.81,21.9,58.3,BULL,ABOVE,101.74,101.88,ALCISTA,ESPERAR
2026-05-14 15:07:46,101.87,17.4,66.7,BULL,ABOVE,101.74,101.88,ALCISTA,ESPERAR
2026-05-14 15:08:48,101.88,15.4,66.7,BULL,ABOVE,101.74,101.9,ALCISTA,ESPERAR
2026-05-14 15:09:49,101.95,15.0,73.0,BULL,ABOVE,101.74,101.91,ALCISTA,ESPERAR
2026-05-16 12:52:19,101.02,26.2,51.6,BULL,BELOW,100.98,101.24,ALCISTA,ESPERAR
2026-05-16 12:52:24,101.02,26.2,51.6,BEAR,BELOW,100.98,101.24,ALCISTA,ESPERAR
2026-05-16 12:53:20,101.02,26.2,51.6,BULL,BELOW,100.98,101.24,ALCISTA,ESPERAR
2026-05-16 12:53:24,101.02,26.2,51.6,BEAR,BELOW,100.98,101.24,ALCISTA,ESPERAR
2026-05-16 12:54:21,101.02,26.2,51.6,BULL,BELOW,100.98,101.24,ALCISTA,ESPERAR
2026-05-16 12:54:25,101.02,26.2,51.6,BEAR,BELOW,100.98,101.24,ALCISTA,ESPERAR
2026-05-16 12:55:21,101.02,26.2,51.6,BULL,BELOW,100.98,101.24,ALCISTA,ESPERAR
2026-05-16 12:55:26,101.02,26.2,51.6,BEAR,BELOW,100.98,101.24,ALCISTA,ESPERAR
2026-05-16 12:56:22,101.02,26.2,51.6,BULL,BELOW,100.98,101.24,ALCISTA,ESPERAR
2026-05-16 12:56:27,101.02,26.2,51.6,BEAR,BELOW,100.98,101.24,ALCISTA,ESPERAR
2026-05-16 12:57:24,101.02,26.2,51.6,BULL,BELOW,100.98,101.24,ALCISTA,ESPERAR
2026-05-16 12:57:28,101.02,26.2,51.6,BEAR,BELOW,100.98,101.24,ALCISTA,ESPERAR
2026-05-16 12:58:25,101.02,26.2,51.6,BULL,BELOW,100.98,101.24,ALCISTA,ESPERAR
2026-05-16 12:58:31,101.02,26.2,51.6,BEAR,BELOW,100.98,101.24,ALCISTA,ESPERAR
2026-05-16 12:59:26,101.02,26.2,51.6,BULL,BELOW,100.98,101.24,ALCISTA,ESPERAR
2026-05-16 12:59:31,101.02,26.2,51.6,BEAR,BELOW,100.98,101.24,ALCISTA,ESPERAR
2026-05-16 13:00:28,101.02,26.2,51.6,BULL,BELOW,100.98,101.24,ALCISTA,ESPERAR
2026-05-16 13:00:32,101.02,26.2,51.6,BEAR,BELOW,100.98,101.24,ALCISTA,ESPERAR
2026-05-16 13:01:29,101.02,26.2,51.6,BULL,BELOW,100.98,101.24,ALCISTA,ESPERAR
2026-05-16 13:01:33,101.02,26.2,51.6,BEAR,BELOW,100.98,101.24,ALCISTA,ESPERAR
2026-05-16 13:02:31,101.02,26.2,51.6,BULL,BELOW,100.98,101.24,ALCISTA,ESPERAR
2026-05-16 13:02:34,101.02,26.2,51.6,BEAR,BELOW,100.98,101.24,ALCISTA,ESPERAR
2026-05-16 13:03:32,101.02,26.2,51.6,BULL,BELOW,100.98,101.24,ALCISTA,ESPERAR
2026-05-16 13:03:35,101.02,26.2,51.6,BEAR,BELOW,100.98,101.24,ALCISTA,ESPERAR
2026-05-16 13:04:34,101.02,26.2,51.6,BULL,BELOW,100.98,101.24,ALCISTA,ESPERAR
2026-05-16 13:04:36,101.02,26.2,51.6,BEAR,BELOW,100.98,101.24,ALCISTA,ESPERAR
2026-05-16 13:05:35,101.02,26.2,51.6,BULL,BELOW,100.98,101.24,ALCISTA,ESPERAR
2026-05-16 13:05:38,101.02,26.2,51.6,BEAR,BELOW,100.98,101.24,ALCISTA,ESPERAR
2026-05-16 13:06:37,101.02,26.2,51.6,BULL,BELOW,100.98,101.24,ALCISTA,ESPERAR
2026-05-16 13:06:38,101.02,26.2,51.6,BEAR,BELOW,100.98,101.24,ALCISTA,ESPERAR
2026-05-16 13:07:38,101.02,26.2,51.6,BULL,BELOW,100.98,101.24,ALCISTA,ESPERAR
2026-05-16 13:07:39,101.02,26.2,51.6,BEAR,BELOW,100.98,101.24,ALCISTA,ESPERAR
2026-05-16 13:08:39,101.02,26.2,51.6,BULL,BELOW,100.98,101.24,ALCISTA,ESPERAR
2026-05-16 13:08:42,101.02,26.2,51.6,BEAR,BELOW,100.98,101.24,ALCISTA,ESPERAR
2026-05-16 13:09:40,101.02,26.2,51.6,BULL,BELOW,100.98,101.24,ALCISTA,ESPERAR
2026-05-16 13:09:43,101.02,26.2,51.6,BEAR,BELOW,100.98,101.24,ALCISTA,ESPERAR
2026-05-16 13:10:43,101.02,26.2,51.6,BULL,BELOW,100.98,101.24,ALCISTA,ESPERAR
2026-05-16 13:10:44,101.02,26.2,51.6,BEAR,BELOW,100.98,101.24,ALCISTA,ESPERAR
2026-05-16 13:11:44,101.02,26.2,51.6,BULL,BELOW,100.98,101.24,ALCISTA,ESPERAR
2026-05-16 13:11:45,101.02,26.2,51.6,BEAR,BELOW,100.98,101.24,ALCISTA,ESPERAR
2026-05-16 13:12:45,101.02,26.2,51.6,BULL,BELOW,100.98,101.24,ALCISTA,ESPERAR
2026-05-16 13:12:48,101.02,26.2,51.6,BEAR,BELOW,100.98,101.24,ALCISTA,ESPERAR
2026-05-16 13:13:46,101.02,26.2,51.6,BULL,BELOW,100.98,101.24,ALCISTA,ESPERAR
2026-05-16 13:13:49,101.02,26.2,51.6,BEAR,BELOW,100.98,101.24,ALCISTA,ESPERAR
2026-05-16 13:14:49,101.02,26.2,51.6,BULL,BELOW,100.98,101.24,ALCISTA,ESPERAR
2026-05-16 13:14:50,101.02,26.2,51.6,BEAR,BELOW,100.98,101.24,ALCISTA,ESPERAR
2026-05-16 13:15:50,101.02,26.2,51.6,BULL,BELOW,100.98,101.24,ALCISTA,ESPERAR
2026-05-16 13:15:50,101.02,26.2,51.6,BEAR,BELOW,100.98,101.24,ALCISTA,ESPERAR
2026-05-16 13:16:50,101.02,26.2,51.6,BULL,BELOW,100.98,101.24,ALCISTA,ESPERAR
2026-05-16 13:16:51,101.02,26.2,51.6,BEAR,BELOW,100.98,101.24,ALCISTA,ESPERAR
2026-05-16 13:17:52,101.02,26.2,51.6,BULL,BELOW,100.98,101.24,ALCISTA,ESPERAR
2026-05-16 13:17:52,101.02,26.2,51.6,BEAR,BELOW,100.98,101.24,ALCISTA,ESPERAR
2026-05-16 13:18:53,101.02,26.2,51.6,BULL,BELOW,100.98,101.24,ALCISTA,ESPERAR
2026-05-16 13:18:54,101.02,26.2,51.6,BEAR,BELOW,100.98,101.24,ALCISTA,ESPERAR
2026-05-16 13:19:54,101.02,26.2,51.6,BULL,BELOW,100.98,101.24,ALCISTA,ESPERAR
2026-05-16 13:19:56,101.02,26.2,51.6,BEAR,BELOW,100.98,101.24,ALCISTA,ESPERAR
2026-05-16 13:20:55,101.02,26.2,51.6,BULL,BELOW,100.98,101.24,ALCISTA,ESPERAR
2026-05-16 13:20:57,101.02,26.2,51.6,BEAR,BELOW,100.98,101.24,ALCISTA,ESPERAR
2026-05-16 13:21:56,101.02,26.2,51.6,BULL,BELOW,100.98,101.24,ALCISTA,ESPERAR
2026-05-16 13:21:58,101.02,26.2,51.6,BEAR,BELOW,100.98,101.24,ALCISTA,ESPERAR
2026-05-16 13:22:57,101.02,26.2,51.6,BULL,BELOW,100.98,101.24,ALCISTA,ESPERAR
2026-05-16 13:23:00,101.02,26.2,51.6,BEAR,BELOW,100.98,101.24,ALCISTA,ESPERAR
2026-05-16 13:23:59,101.02,26.2,51.6,BULL,BELOW,100.98,101.24,ALCISTA,ESPERAR
2026-05-16 13:24:01,101.02,26.2,51.6,BEAR,BELOW,100.98,101.24,ALCISTA,ESPERAR
2026-05-16 13:25:01,101.02,26.2,51.6,BULL,BELOW,100.98,101.24,ALCISTA,ESPERAR
2026-05-16 13:25:02,101.02,26.2,51.6,BEAR,BELOW,100.98,101.24,ALCISTA,ESPERAR
2026-05-16 13:26:02,101.02,26.2,51.6,BULL,BELOW,100.98,101.24,ALCISTA,ESPERAR
2026-05-16 13:26:03,101.02,26.2,51.6,BEAR,BELOW,100.98,101.24,ALCISTA,ESPERAR
2026-05-16 13:27:03,101.02,26.2,51.6,BULL,BELOW,100.98,101.24,ALCISTA,ESPERAR
2026-05-16 13:27:06,101.02,26.2,51.6,BEAR,BELOW,100.98,101.24,ALCISTA,ESPERAR
2026-05-16 13:28:04,101.02,26.2,51.6,BULL,BELOW,100.98,101.24,ALCISTA,ESPERAR
2026-05-16 13:28:07,101.02,26.2,51.6,BEAR,BELOW,100.98,101.24,ALCISTA,ESPERAR
2026-05-16 13:29:07,101.02,26.2,51.6,BULL,BELOW,100.98,101.24,ALCISTA,ESPERAR
2026-05-16 13:29:08,101.02,26.2,51.6,BEAR,BELOW,100.98,101.24,ALCISTA,ESPERAR
2026-05-16 13:30:08,101.02,26.2,51.6,BULL,BELOW,100.98,101.24,ALCISTA,ESPERAR
2026-05-16 13:30:09,101.02,26.2,51.6,BEAR,BELOW,100.98,101.24,ALCISTA,ESPERAR
2026-05-16 13:31:10,101.02,26.2,51.6,BEAR,BELOW,100.98,101.24,ALCISTA,ESPERAR
2026-05-16 13:31:10,101.02,26.2,51.6,BULL,BELOW,100.98,101.24,ALCISTA,ESPERAR
2026-05-16 13:32:11,101.02,26.2,51.6,BEAR,BELOW,100.98,101.24,ALCISTA,ESPERAR
2026-05-16 13:32:11,101.02,26.2,51.6,BULL,BELOW,100.98,101.24,ALCISTA,ESPERAR
2026-05-16 13:33:12,101.02,26.2,51.6,BULL,BELOW,100.98,101.24,ALCISTA,ESPERAR
2026-05-16 13:33:13,101.02,26.2,51.6,BEAR,BELOW,100.98,101.24,ALCISTA,ESPERAR
2026-05-16 13:34:14,101.02,26.2,51.6,BULL,BELOW,100.98,101.24,ALCISTA,ESPERAR
2026-05-16 13:34:14,101.02,26.2,51.6,BEAR,BELOW,100.98,101.24,ALCISTA,ESPERAR
2026-05-16 13:35:15,101.02,26.2,51.6,BULL,BELOW,100.98,101.24,ALCISTA,ESPERAR
2026-05-16 13:35:15,101.02,26.2,51.6,BEAR,BELOW,100.98,101.24,ALCISTA,ESPERAR
2026-05-16 13:36:16,101.02,26.2,51.6,BEAR,BELOW,100.98,101.24,ALCISTA,ESPERAR
2026-05-16 13:36:16,101.02,26.2,51.6,BULL,BELOW,100.98,101.24,ALCISTA,ESPERAR
2026-05-16 13:37:17,101.02,26.2,51.6,BULL,BELOW,100.98,101.24,ALCISTA,ESPERAR
2026-05-16 13:37:18,101.02,26.2,51.6,BEAR,BELOW,100.98,101.24,ALCISTA,ESPERAR
2026-05-16 13:38:18,101.02,26.2,51.6,BULL,BELOW,100.98,101.24,ALCISTA,ESPERAR
2026-05-16 13:38:18,101.02,26.2,51.6,BEAR,BELOW,100.98,101.24,ALCISTA,ESPERAR
2026-05-16 13:39:19,101.02,26.2,51.6,BEAR,BELOW,100.98,101.24,ALCISTA,ESPERAR
2026-05-16 13:39:19,101.02,26.2,51.6,BULL,BELOW,100.98,101.24,ALCISTA,ESPERAR
2026-05-16 13:40:20,101.02,26.2,51.6,BEAR,BELOW,100.98,101.24,ALCISTA,ESPERAR
2026-05-16 13:40:21,101.02,26.2,51.6,BULL,BELOW,100.98,101.24,ALCISTA,ESPERAR
2026-05-16 13:41:22,101.02,26.2,51.6,BULL,BELOW,100.98,101.24,ALCISTA,ESPERAR
2026-05-16 13:41:22,101.02,26.2,51.6,BEAR,BELOW,100.98,101.24,ALCISTA,ESPERAR
2026-05-16 13:42:23,101.02,26.2,51.6,BULL,BELOW,100.98,101.24,ALCISTA,ESPERAR
2026-05-16 13:42:23,101.02,26.2,51.6,BEAR,BELOW,100.98,101.24,ALCISTA,ESPERAR
2026-05-16 13:43:24,101.02,26.2,51.6,BULL,BELOW,100.98,101.24,ALCISTA,ESPERAR
2026-05-16 13:43:44,101.02,26.2,51.6,BEAR,BELOW,100.98,101.24,ALCISTA,ESPERAR
2026-05-16 13:44:26,101.02,26.2,51.6,BULL,BELOW,100.98,101.24,ALCISTA,ESPERAR
2026-05-16 13:44:45,101.02,26.2,51.6,BEAR,BELOW,100.98,101.24,ALCISTA,ESPERAR
2026-05-16 13:45:27,101.02,26.2,51.6,BULL,BELOW,100.98,101.24,ALCISTA,ESPERAR
2026-05-16 13:45:47,101.02,26.2,51.6,BEAR,BELOW,100.98,101.24,ALCISTA,ESPERAR
2026-05-16 13:46:28,101.02,26.2,51.6,BULL,BELOW,100.98,101.24,ALCISTA,ESPERAR
2026-05-16 13:46:48,101.02,26.2,51.6,BEAR,BELOW,100.98,101.24,ALCISTA,ESPERAR
2026-05-16 13:47:29,101.02,26.2,51.6,BULL,BELOW,100.98,101.24,ALCISTA,ESPERAR
2026-05-16 13:47:49,101.02,26.2,51.6,BEAR,BELOW,100.98,101.24,ALCISTA,ESPERAR
2026-05-16 13:48:32,101.02,26.2,51.6,BULL,BELOW,100.98,101.24,ALCISTA,ESPERAR
2026-05-16 13:48:50,101.02,26.2,51.6,BEAR,BELOW,100.98,101.24,ALCISTA,ESPERAR
2026-05-16 13:49:33,101.02,26.2,51.6,BULL,BELOW,100.98,101.24,ALCISTA,ESPERAR
2026-05-16 13:49:51,101.02,26.2,51.6,BEAR,BELOW,100.98,101.24,ALCISTA,ESPERAR
2026-05-16 13:50:35,101.02,26.2,51.6,BULL,BELOW,100.98,101.24,ALCISTA,ESPERAR
2026-05-16 13:50:52,101.02,26.2,51.6,BEAR,BELOW,100.98,101.24,ALCISTA,ESPERAR
2026-05-16 13:51:36,101.02,26.2,51.6,BULL,BELOW,100.98,101.24,ALCISTA,ESPERAR
2026-05-16 13:51:53,101.02,26.2,51.6,BEAR,BELOW,100.98,101.24,ALCISTA,ESPERAR
2026-05-16 13:52:37,101.02,26.2,51.6,BULL,BELOW,100.98,101.24,ALCISTA,ESPERAR
2026-05-16 13:52:54,101.02,26.2,51.6,BEAR,BELOW,100.98,101.24,ALCISTA,ESPERAR
2026-05-16 13:53:39,101.02,26.2,51.6,BULL,BELOW,100.98,101.24,ALCISTA,ESPERAR
2026-05-16 13:53:55,101.02,26.2,51.6,BEAR,BELOW,100.98,101.24,ALCISTA,ESPERAR
2026-05-16 13:54:40,101.02,26.2,51.6,BULL,BELOW,100.98,101.24,ALCISTA,ESPERAR
2026-05-16 13:54:56,101.02,26.2,51.6,BEAR,BELOW,100.98,101.24,ALCISTA,ESPERAR
2026-05-16 13:55:42,101.02,26.2,51.6,BULL,BELOW,100.98,101.24,ALCISTA,ESPERAR
2026-05-16 13:55:57,101.02,26.2,51.6,BEAR,BELOW,100.98,101.24,ALCISTA,ESPERAR
2026-05-16 13:56:43,101.02,26.2,51.6,BULL,BELOW,100.98,101.24,ALCISTA,ESPERAR
2026-05-16 13:56:58,101.02,26.2,51.6,BEAR,BELOW,100.98,101.24,ALCISTA,ESPERAR
2026-05-16 13:57:43,101.02,26.2,51.6,BULL,BELOW,100.98,101.24,ALCISTA,ESPERAR
2026-05-16 13:58:00,101.02,26.2,51.6,BEAR,BELOW,100.98,101.24,ALCISTA,ESPERAR
2026-05-16 13:58:45,101.02,26.2,51.6,BULL,BELOW,100.98,101.24,ALCISTA,ESPERAR
2026-05-16 13:59:01,101.02,26.2,51.6,BEAR,BELOW,100.98,101.24,ALCISTA,ESPERAR
2026-05-16 13:59:47,101.02,26.2,51.6,BULL,BELOW,100.98,101.24,ALCISTA,ESPERAR
2026-05-16 14:00:01,101.02,26.2,51.6,BEAR,BELOW,100.98,101.24,ALCISTA,ESPERAR
2026-05-16 14:00:48,101.02,26.2,51.6,BULL,BELOW,100.98,101.24,ALCISTA,ESPERAR
2026-05-16 14:01:03,101.02,26.2,51.6,BEAR,BELOW,100.98,101.24,ALCISTA,ESPERAR
2026-05-16 14:01:49,101.02,26.2,51.6,BULL,BELOW,100.98,101.24,ALCISTA,ESPERAR
2026-05-16 14:02:04,101.02,26.2,51.6,BEAR,BELOW,100.98,101.24,ALCISTA,ESPERAR
2026-05-16 14:02:57,101.02,26.2,51.6,BULL,BELOW,100.98,101.24,ALCISTA,ESPERAR
2026-05-16 14:03:05,101.02,26.2,51.6,BEAR,BELOW,100.98,101.24,ALCISTA,ESPERAR
2026-05-16 14:04:02,101.02,26.2,51.6,BULL,BELOW,100.98,101.24,ALCISTA,ESPERAR
2026-05-16 14:04:07,101.02,26.2,51.6,BEAR,BELOW,100.98,101.24,ALCISTA,ESPERAR
2026-05-16 14:05:04,101.02,26.2,51.6,BULL,BELOW,100.98,101.24,ALCISTA,ESPERAR
2026-05-16 14:05:07,101.02,26.2,51.6,BEAR,BELOW,100.98,101.24,ALCISTA,ESPERAR
2026-05-16 14:06:06,101.02,26.2,51.6,BULL,BELOW,100.98,101.24,ALCISTA,ESPERAR
2026-05-16 14:06:08,101.02,26.2,51.6,BEAR,BELOW,100.98,101.24,ALCISTA,ESPERAR
2026-05-16 14:07:07,101.02,26.2,51.6,BULL,BELOW,100.98,101.24,ALCISTA,ESPERAR
2026-05-16 14:07:10,101.02,26.2,51.6,BEAR,BELOW,100.98,101.24,ALCISTA,ESPERAR
2026-05-16 14:08:08,101.02,26.2,51.6,BULL,BELOW,100.98,101.24,ALCISTA,ESPERAR
2026-05-16 14:08:11,101.02,26.2,51.6,BEAR,BELOW,100.98,101.24,ALCISTA,ESPERAR
2026-05-16 14:09:09,101.02,26.2,51.6,BULL,BELOW,100.98,101.24,ALCISTA,ESPERAR
2026-05-16 14:09:12,101.02,26.2,51.6,BEAR,BELOW,100.98,101.24,ALCISTA,ESPERAR
2026-05-16 14:10:10,101.02,26.2,51.6,BULL,BELOW,100.98,101.24,ALCISTA,ESPERAR
2026-05-16 14:10:13,101.02,26.2,51.6,BEAR,BELOW,100.98,101.24,ALCISTA,ESPERAR
2026-05-16 14:11:11,101.02,26.2,51.6,BULL,BELOW,100.98,101.24,ALCISTA,ESPERAR
2026-05-16 14:11:14,101.02,26.2,51.6,BEAR,BELOW,100.98,101.24,ALCISTA,ESPERAR
2026-05-16 14:12:12,101.02,26.2,51.6,BULL,BELOW,100.98,101.24,ALCISTA,ESPERAR
2026-05-16 14:12:15,101.02,26.2,51.6,BEAR,BELOW,100.98,101.24,ALCISTA,ESPERAR
2026-05-16 14:13:14,101.02,26.2,51.6,BULL,BELOW,100.98,101.24,ALCISTA,ESPERAR
2026-05-16 14:13:17,101.02,26.2,51.6,BEAR,BELOW,100.98,101.24,ALCISTA,ESPERAR
2026-05-16 14:14:16,101.02,26.2,51.6,BULL,BELOW,100.98,101.24,ALCISTA,ESPERAR
2026-05-16 14:14:17,101.02,26.2,51.6,BEAR,BELOW,100.98,101.24,ALCISTA,ESPERAR
2026-05-16 14:15:18,101.02,26.2,51.6,BEAR,BELOW,100.98,101.24,ALCISTA,ESPERAR
2026-05-16 14:15:19,101.02,26.2,51.6,BULL,BELOW,100.98,101.24,ALCISTA,ESPERAR
2026-05-16 14:16:20,101.02,26.2,51.6,BULL,BELOW,100.98,101.24,ALCISTA,ESPERAR
2026-05-16 14:16:21,101.02,26.2,51.6,BEAR,BELOW,100.98,101.24,ALCISTA,ESPERAR
2026-05-16 14:17:21,101.02,26.2,51.6,BULL,BELOW,100.98,101.24,ALCISTA,ESPERAR
2026-05-16 14:17:22,101.02,26.2,51.6,BEAR,BELOW,100.98,101.24,ALCISTA,ESPERAR
2026-05-16 14:18:22,101.02,26.2,51.6,BEAR,BELOW,100.98,101.24,ALCISTA,ESPERAR
2026-05-16 14:18:23,101.02,26.2,51.6,BULL,BELOW,100.98,101.24,ALCISTA,ESPERAR
2026-05-16 14:19:23,101.02,26.2,51.6,BEAR,BELOW,100.98,101.24,ALCISTA,ESPERAR
2026-05-16 14:19:24,101.02,26.2,51.6,BULL,BELOW,100.98,101.24,ALCISTA,ESPERAR
2026-05-16 14:20:24,101.02,26.2,51.6,BEAR,BELOW,100.98,101.24,ALCISTA,ESPERAR
2026-05-16 14:20:25,101.02,26.2,51.6,BULL,BELOW,100.98,101.24,ALCISTA,ESPERAR
2026-05-16 14:21:26,101.02,26.2,51.6,BEAR,BELOW,100.98,101.24,ALCISTA,ESPERAR
2026-05-16 14:21:27,101.02,26.2,51.6,BULL,BELOW,100.98,101.24,ALCISTA,ESPERAR
2026-05-16 14:22:27,101.02,26.2,51.6,BEAR,BELOW,100.98,101.24,ALCISTA,ESPERAR
2026-05-16 14:22:29,101.02,26.2,51.6,BULL,BELOW,100.98,101.24,ALCISTA,ESPERAR
2026-05-16 14:23:28,101.02,26.2,51.6,BEAR,BELOW,100.98,101.24,ALCISTA,ESPERAR
2026-05-16 14:23:30,101.02,26.2,51.6,BULL,BELOW,100.98,101.24,ALCISTA,ESPERAR
2026-05-16 14:24:30,101.02,26.2,51.6,BEAR,BELOW,100.98,101.24,ALCISTA,ESPERAR
2026-05-16 14:24:31,101.02,26.2,51.6,BULL,BELOW,100.98,101.24,ALCISTA,ESPERAR
2026-05-16 14:25:31,101.02,26.2,51.6,BEAR,BELOW,100.98,101.24,ALCISTA,ESPERAR
2026-05-16 14:25:32,101.02,26.2,51.6,BULL,BELOW,100.98,101.24,ALCISTA,ESPERAR
2026-05-16 14:26:32,101.02,26.2,51.6,BEAR,BELOW,100.98,101.24,ALCISTA,ESPERAR
2026-05-16 14:26:33,101.02,26.2,51.6,BULL,BELOW,100.98,101.24,ALCISTA,ESPERAR
2026-05-16 14:27:33,101.02,26.2,51.6,BULL,BELOW,100.98,101.24,ALCISTA,ESPERAR
2026-05-16 14:27:33,101.02,26.2,51.6,BEAR,BELOW,100.98,101.24,ALCISTA,ESPERAR
2026-05-16 14:28:35,101.02,26.2,51.6,BEAR,BELOW,100.98,101.24,ALCISTA,ESPERAR
2026-05-16 14:28:35,101.02,26.2,51.6,BULL,BELOW,100.98,101.24,ALCISTA,ESPERAR
2026-05-16 14:29:37,101.02,26.2,51.6,BULL,BELOW,100.98,101.24,ALCISTA,ESPERAR
2026-05-16 14:29:38,101.02,26.2,51.6,BEAR,BELOW,100.98,101.24,ALCISTA,ESPERAR
2026-05-16 14:30:38,101.02,26.2,51.6,BULL,BELOW,100.98,101.24,ALCISTA,ESPERAR
2026-05-16 14:30:39,101.02,26.2,51.6,BEAR,BELOW,100.98,101.24,ALCISTA,ESPERAR
2026-05-16 14:31:40,101.02,26.2,51.6,BULL,BELOW,100.98,101.24,ALCISTA,ESPERAR
2026-05-16 14:31:40,101.02,26.2,51.6,BEAR,BELOW,100.98,101.24,ALCISTA,ESPERAR
2026-05-16 14:32:41,101.02,26.2,51.6,BULL,BELOW,100.98,101.24,ALCISTA,ESPERAR
2026-05-16 14:32:41,101.02,26.2,51.6,BEAR,BELOW,100.98,101.24,ALCISTA,ESPERAR
2026-05-16 14:33:42,101.02,26.2,51.6,BEAR,BELOW,100.98,101.24,ALCISTA,ESPERAR
2026-05-16 14:33:42,101.02,26.2,51.6,BULL,BELOW,100.98,101.24,ALCISTA,ESPERAR
2026-05-16 14:34:44,101.02,26.2,51.6,BULL,BELOW,100.98,101.24,ALCISTA,ESPERAR
2026-05-16 14:34:44,101.02,26.2,51.6,BEAR,BELOW,100.98,101.24,ALCISTA,ESPERAR
2026-05-16 14:35:45,101.02,26.2,51.6,BULL,BELOW,100.98,101.24,ALCISTA,ESPERAR
2026-05-16 14:35:45,101.02,26.2,51.6,BEAR,BELOW,100.98,101.24,ALCISTA,ESPERAR
2026-05-16 14:36:46,101.02,26.2,51.6,BULL,BELOW,100.98,101.24,ALCISTA,ESPERAR
2026-05-16 14:36:47,101.02,26.2,51.6,BEAR,BELOW,100.98,101.24,ALCISTA,ESPERAR
2026-05-16 14:37:48,101.02,26.2,51.6,BULL,BELOW,100.98,101.24,ALCISTA,ESPERAR
2026-05-16 14:37:48,101.02,26.2,51.6,BEAR,BELOW,100.98,101.24,ALCISTA,ESPERAR
2026-05-16 14:38:49,101.02,26.2,51.6,BEAR,BELOW,100.98,101.24,ALCISTA,ESPERAR
2026-05-16 14:38:49,101.02,26.2,51.6,BULL,BELOW,100.98,101.24,ALCISTA,ESPERAR
2026-05-16 14:39:50,101.02,26.2,51.6,BEAR,BELOW,100.98,101.24,ALCISTA,ESPERAR
2026-05-16 14:39:51,101.02,26.2,51.6,BULL,BELOW,100.98,101.24,ALCISTA,ESPERAR
2026-05-16 14:40:51,101.02,26.2,51.6,BEAR,BELOW,100.98,101.24,ALCISTA,ESPERAR
2026-05-16 14:40:51,101.02,26.2,51.6,BULL,BELOW,100.98,101.24,ALCISTA,ESPERAR
2026-05-16 14:41:52,101.02,26.2,51.6,BULL,BELOW,100.98,101.24,ALCISTA,ESPERAR
2026-05-16 14:41:53,101.02,26.2,51.6,BEAR,BELOW,100.98,101.24,ALCISTA,ESPERAR
2026-05-16 14:42:53,101.02,26.2,51.6,BULL,BELOW,100.98,101.24,ALCISTA,ESPERAR
2026-05-16 14:42:54,101.02,26.2,51.6,BEAR,BELOW,100.98,101.24,ALCISTA,ESPERAR
2026-05-16 14:43:54,101.02,26.2,51.6,BULL,BELOW,100.98,101.24,ALCISTA,ESPERAR
2026-05-16 14:43:56,101.02,26.2,51.6,BEAR,BELOW,100.98,101.24,ALCISTA,ESPERAR
2026-05-16 14:44:55,101.02,26.2,51.6,BULL,BELOW,100.98,101.24,ALCISTA,ESPERAR
2026-05-16 14:44:58,101.02,26.2,51.6,BEAR,BELOW,100.98,101.24,ALCISTA,ESPERAR
2026-05-16 14:45:58,101.02,26.2,51.6,BULL,BELOW,100.98,101.24,ALCISTA,ESPERAR
2026-05-16 14:45:58,101.02,26.2,51.6,BEAR,BELOW,100.98,101.24,ALCISTA,ESPERAR
2026-05-16 14:47:00,101.02,26.2,51.6,BEAR,BELOW,100.98,101.24,ALCISTA,ESPERAR
2026-05-16 14:47:00,101.02,26.2,51.6,BULL,BELOW,100.98,101.24,ALCISTA,ESPERAR
2026-05-16 14:48:01,101.02,26.2,51.6,BEAR,BELOW,100.98,101.24,ALCISTA,ESPERAR
2026-05-16 14:48:01,101.02,26.2,51.6,BULL,BELOW,100.98,101.24,ALCISTA,ESPERAR
2026-05-16 14:49:02,101.02,26.2,51.6,BULL,BELOW,100.98,101.24,ALCISTA,ESPERAR
2026-05-16 14:49:03,101.02,26.2,51.6,BEAR,BELOW,100.98,101.24,ALCISTA,ESPERAR
2026-05-16 14:50:04,101.02,26.2,51.6,BEAR,BELOW,100.98,101.24,ALCISTA,ESPERAR
2026-05-16 14:50:04,101.02,26.2,51.6,BULL,BELOW,100.98,101.24,ALCISTA,ESPERAR
2026-05-16 14:51:05,101.02,26.2,51.6,BEAR,BELOW,100.98,101.24,ALCISTA,ESPERAR
2026-05-16 14:51:05,101.02,26.2,51.6,BULL,BELOW,100.98,101.24,ALCISTA,ESPERAR
2026-05-16 14:52:06,101.02,26.2,51.6,BEAR,BELOW,100.98,101.24,ALCISTA,ESPERAR
2026-05-16 14:52:07,101.02,26.2,51.6,BULL,BELOW,100.98,101.24,ALCISTA,ESPERAR
2026-05-16 14:53:07,101.02,26.2,51.6,BULL,BELOW,100.98,101.24,ALCISTA,ESPERAR
2026-05-16 14:53:07,101.02,26.2,51.6,BEAR,BELOW,100.98,101.24,ALCISTA,ESPERAR
2026-05-16 14:54:08,101.02,26.2,51.6,BULL,BELOW,100.98,101.24,ALCISTA,ESPERAR
2026-05-16 14:54:09,101.02,26.2,51.6,BEAR,BELOW,100.98,101.24,ALCISTA,ESPERAR
2026-05-16 14:55:09,101.02,26.2,51.6,BULL,BELOW,100.98,101.24,ALCISTA,ESPERAR
2026-05-16 14:55:10,101.02,26.2,51.6,BEAR,BELOW,100.98,101.24,ALCISTA,ESPERAR
2026-05-16 14:56:10,101.02,26.2,51.6,BULL,BELOW,100.98,101.24,ALCISTA,ESPERAR
2026-05-16 14:56:12,101.02,26.2,51.6,BEAR,BELOW,100.98,101.24,ALCISTA,ESPERAR
2026-05-16 14:57:11,101.02,26.2,51.6,BULL,BELOW,100.98,101.24,ALCISTA,ESPERAR
2026-05-16 14:57:13,101.02,26.2,51.6,BEAR,BELOW,100.98,101.24,ALCISTA,ESPERAR
2026-05-16 14:58:12,101.02,26.2,51.6,BULL,BELOW,100.98,101.24,ALCISTA,ESPERAR
2026-05-16 14:58:13,101.02,26.2,51.6,BEAR,BELOW,100.98,101.24,ALCISTA,ESPERAR
2026-05-16 14:59:13,101.02,26.2,51.6,BULL,BELOW,100.98,101.24,ALCISTA,ESPERAR
2026-05-16 14:59:14,101.02,26.2,51.6,BEAR,BELOW,100.98,101.24,ALCISTA,ESPERAR
2026-05-16 15:00:14,101.02,26.2,51.6,BULL,BELOW,100.98,101.24,ALCISTA,ESPERAR
2026-05-16 15:00:15,101.02,26.2,51.6,BEAR,BELOW,100.98,101.24,ALCISTA,ESPERAR
2026-05-16 15:01:16,101.02,26.2,51.6,BULL,BELOW,100.98,101.24,ALCISTA,ESPERAR
2026-05-16 15:01:16,101.02,26.2,51.6,BEAR,BELOW,100.98,101.24,ALCISTA,ESPERAR
2026-05-16 15:02:17,101.02,26.2,51.6,BULL,BELOW,100.98,101.24,ALCISTA,ESPERAR
2026-05-16 15:02:20,101.02,26.2,51.6,BEAR,BELOW,100.98,101.24,ALCISTA,ESPERAR
2026-05-16 15:03:19,101.02,26.2,51.6,BULL,BELOW,100.98,101.24,ALCISTA,ESPERAR
2026-05-16 15:03:22,101.02,26.2,51.6,BEAR,BELOW,100.98,101.24,ALCISTA,ESPERAR
2026-05-16 15:04:20,101.02,26.2,51.6,BULL,BELOW,100.98,101.24,ALCISTA,ESPERAR
2026-05-16 15:04:23,101.02,26.2,51.6,BEAR,BELOW,100.98,101.24,ALCISTA,ESPERAR
2026-05-16 15:05:21,101.02,26.2,51.6,BULL,BELOW,100.98,101.24,ALCISTA,ESPERAR
2026-05-16 15:05:24,101.02,26.2,51.6,BEAR,BELOW,100.98,101.24,ALCISTA,ESPERAR
2026-05-16 15:06:25,101.02,26.2,51.6,BULL,BELOW,100.98,101.24,ALCISTA,ESPERAR
2026-05-16 15:06:25,101.02,26.2,51.6,BEAR,BELOW,100.98,101.24,ALCISTA,ESPERAR
2026-05-16 15:07:26,101.02,26.2,51.6,BULL,BELOW,100.98,101.24,ALCISTA,ESPERAR
2026-05-16 15:07:26,101.02,26.2,51.6,BEAR,BELOW,100.98,101.24,ALCISTA,ESPERAR
2026-05-16 15:08:27,101.02,26.2,51.6,BULL,BELOW,100.98,101.24,ALCISTA,ESPERAR
2026-05-16 15:08:27,101.02,26.2,51.6,BEAR,BELOW,100.98,101.24,ALCISTA,ESPERAR
2026-05-16 15:09:29,101.02,26.2,51.6,BULL,BELOW,100.98,101.24,ALCISTA,ESPERAR
2026-05-16 15:09:29,101.02,26.2,51.6,BEAR,BELOW,100.98,101.24,ALCISTA,ESPERAR
2026-05-16 15:10:30,101.02,26.2,51.6,BULL,BELOW,100.98,101.24,ALCISTA,ESPERAR
2026-05-16 15:10:30,101.02,26.2,51.6,BEAR,BELOW,100.98,101.24,ALCISTA,ESPERAR
2026-05-16 15:11:32,101.02,26.2,51.6,BEAR,BELOW,100.98,101.24,ALCISTA,ESPERAR
2026-05-16 15:11:32,101.02,26.2,51.6,BULL,BELOW,100.98,101.24,ALCISTA,ESPERAR
2026-05-16 15:12:32,101.02,26.2,51.6,BULL,BELOW,100.98,101.24,ALCISTA,ESPERAR
2026-05-16 15:12:33,101.02,26.2,51.6,BEAR,BELOW,100.98,101.24,ALCISTA,ESPERAR
2026-05-16 15:13:34,101.02,26.2,51.6,BULL,BELOW,100.98,101.24,ALCISTA,ESPERAR
2026-05-16 15:13:34,101.02,26.2,51.6,BEAR,BELOW,100.98,101.24,ALCISTA,ESPERAR
2026-05-16 15:14:35,101.02,26.2,51.6,BULL,BELOW,100.98,101.24,ALCISTA,ESPERAR
2026-05-16 15:14:35,101.02,26.2,51.6,BEAR,BELOW,100.98,101.24,ALCISTA,ESPERAR
2026-05-16 15:15:37,101.02,26.2,51.6,BEAR,BELOW,100.98,101.24,ALCISTA,ESPERAR
2026-05-16 15:15:37,101.02,26.2,51.6,BULL,BELOW,100.98,101.24,ALCISTA,ESPERAR
2026-05-16 15:16:38,101.02,26.2,51.6,BEAR,BELOW,100.98,101.24,ALCISTA,ESPERAR
2026-05-16 15:16:38,101.02,26.2,51.6,BULL,BELOW,100.98,101.24,ALCISTA,ESPERAR
2026-05-16 15:17:39,101.02,26.2,51.6,BEAR,BELOW,100.98,101.24,ALCISTA,ESPERAR
2026-05-16 15:17:39,101.02,26.2,51.6,BULL,BELOW,100.98,101.24,ALCISTA,ESPERAR
2026-05-16 15:18:40,101.02,26.2,51.6,BEAR,BELOW,100.98,101.24,ALCISTA,ESPERAR
2026-05-16 15:18:40,101.02,26.2,51.6,BULL,BELOW,100.98,101.24,ALCISTA,ESPERAR
2026-05-16 15:19:42,101.02,26.2,51.6,BULL,BELOW,100.98,101.24,ALCISTA,ESPERAR
2026-05-16 15:19:42,101.02,26.2,51.6,BEAR,BELOW,100.98,101.24,ALCISTA,ESPERAR
2026-05-16 15:20:43,101.02,26.2,51.6,BULL,BELOW,100.98,101.24,ALCISTA,ESPERAR
2026-05-16 15:20:43,101.02,26.2,51.6,BEAR,BELOW,100.98,101.24,ALCISTA,ESPERAR
2026-05-16 15:21:44,101.02,26.2,51.6,BEAR,BELOW,100.98,101.24,ALCISTA,ESPERAR
2026-05-16 15:21:45,101.02,26.2,51.6,BULL,BELOW,100.98,101.24,ALCISTA,ESPERAR
2026-05-16 15:22:46,101.02,26.2,51.6,BEAR,BELOW,100.98,101.24,ALCISTA,ESPERAR
2026-05-16 15:22:48,101.02,26.2,51.6,BULL,BELOW,100.98,101.24,ALCISTA,ESPERAR
2026-05-16 15:23:48,101.02,26.2,51.6,BEAR,BELOW,100.98,101.24,ALCISTA,ESPERAR
2026-05-16 15:23:49,101.02,26.2,51.6,BULL,BELOW,100.98,101.24,ALCISTA,ESPERAR
2026-05-16 15:24:49,101.02,26.2,51.6,BEAR,BELOW,100.98,101.24,ALCISTA,ESPERAR
2026-05-16 15:24:50,101.02,26.2,51.6,BULL,BELOW,100.98,101.24,ALCISTA,ESPERAR
2026-05-16 15:25:49,101.02,26.2,51.6,BEAR,BELOW,100.98,101.24,ALCISTA,ESPERAR
2026-05-16 15:25:50,101.02,26.2,51.6,BULL,BELOW,100.98,101.24,ALCISTA,ESPERAR
2026-05-16 15:26:51,101.02,26.2,51.6,BEAR,BELOW,100.98,101.24,ALCISTA,ESPERAR
2026-05-16 15:26:51,101.02,26.2,51.6,BULL,BELOW,100.98,101.24,ALCISTA,ESPERAR
2026-05-16 15:27:52,101.02,26.2,51.6,BEAR,BELOW,100.98,101.24,ALCISTA,ESPERAR
2026-05-16 15:27:53,101.02,26.2,51.6,BULL,BELOW,100.98,101.24,ALCISTA,ESPERAR
2026-05-16 15:28:55,101.02,26.2,51.6,BULL,BELOW,100.98,101.24,ALCISTA,ESPERAR
2026-05-16 15:28:55,101.02,26.2,51.6,BEAR,BELOW,100.98,101.24,ALCISTA,ESPERAR
2026-05-16 15:29:56,101.02,26.2,51.6,BULL,BELOW,100.98,101.24,ALCISTA,ESPERAR
2026-05-16 15:29:56,101.02,26.2,51.6,BEAR,BELOW,100.98,101.24,ALCISTA,ESPERAR
2026-05-16 15:30:57,101.02,26.2,51.6,BEAR,BELOW,100.98,101.24,ALCISTA,ESPERAR
2026-05-16 15:30:57,101.02,26.2,51.6,BULL,BELOW,100.98,101.24,ALCISTA,ESPERAR
2026-05-16 15:31:59,101.02,26.2,51.6,BEAR,BELOW,100.98,101.24,ALCISTA,ESPERAR
2026-05-16 15:32:00,101.02,26.2,51.6,BULL,BELOW,100.98,101.24,ALCISTA,ESPERAR
2026-05-16 15:33:00,101.02,26.2,51.6,BEAR,BELOW,100.98,101.24,ALCISTA,ESPERAR
2026-05-16 15:33:01,101.02,26.2,51.6,BULL,BELOW,100.98,101.24,ALCISTA,ESPERAR
2026-05-16 15:34:01,101.02,26.2,51.6,BEAR,BELOW,100.98,101.24,ALCISTA,ESPERAR
2026-05-16 15:34:01,101.02,26.2,51.6,BULL,BELOW,100.98,101.24,ALCISTA,ESPERAR
2026-05-16 15:35:02,101.02,26.2,51.6,BULL,BELOW,100.98,101.24,ALCISTA,ESPERAR
2026-05-16 15:35:03,101.02,26.2,51.6,BEAR,BELOW,100.98,101.24,ALCISTA,ESPERAR
2026-05-16 15:36:04,101.02,26.2,51.6,BULL,BELOW,100.98,101.24,ALCISTA,ESPERAR
2026-05-16 15:36:04,101.02,26.2,51.6,BEAR,BELOW,100.98,101.24,ALCISTA,ESPERAR
2026-05-16 15:37:05,101.02,26.2,51.6,BEAR,BELOW,100.98,101.24,ALCISTA,ESPERAR
2026-05-16 15:37:05,101.02,26.2,51.6,BULL,BELOW,100.98,101.24,ALCISTA,ESPERAR
2026-05-16 15:38:06,101.02,26.2,51.6,BEAR,BELOW,100.98,101.24,ALCISTA,ESPERAR
2026-05-16 15:38:06,101.02,26.2,51.6,BULL,BELOW,100.98,101.24,ALCISTA,ESPERAR
2026-05-16 15:39:08,101.02,26.2,51.6,BULL,BELOW,100.98,101.24,ALCISTA,ESPERAR
2026-05-16 15:39:08,101.02,26.2,51.6,BEAR,BELOW,100.98,101.24,ALCISTA,ESPERAR
2026-05-16 15:40:09,101.02,26.2,51.6,BULL,BELOW,100.98,101.24,ALCISTA,ESPERAR
2026-05-16 15:40:09,101.02,26.2,51.6,BEAR,BELOW,100.98,101.24,ALCISTA,ESPERAR
2026-05-16 15:41:10,101.02,26.2,51.6,BEAR,BELOW,100.98,101.24,ALCISTA,ESPERAR
2026-05-16 15:41:10,101.02,26.2,51.6,BULL,BELOW,100.98,101.24,ALCISTA,ESPERAR
2026-05-16 15:42:12,101.02,26.2,51.6,BULL,BELOW,100.98,101.24,ALCISTA,ESPERAR
2026-05-16 15:42:13,101.02,26.2,51.6,BEAR,BELOW,100.98,101.24,ALCISTA,ESPERAR
2026-05-16 15:43:13,101.02,26.2,51.6,BULL,BELOW,100.98,101.24,ALCISTA,ESPERAR
2026-05-16 15:43:14,101.02,26.2,51.6,BEAR,BELOW,100.98,101.24,ALCISTA,ESPERAR
2026-05-16 15:44:14,101.02,26.2,51.6,BULL,BELOW,100.98,101.24,ALCISTA,ESPERAR
2026-05-16 15:44:15,101.02,26.2,51.6,BEAR,BELOW,100.98,101.24,ALCISTA,ESPERAR
2026-05-16 15:45:16,101.02,26.2,51.6,BULL,BELOW,100.98,101.24,ALCISTA,ESPERAR
2026-05-16 15:45:16,101.02,26.2,51.6,BEAR,BELOW,100.98,101.24,ALCISTA,ESPERAR
2026-05-16 15:46:17,101.02,26.2,51.6,BULL,BELOW,100.98,101.24,ALCISTA,ESPERAR
2026-05-16 15:46:19,101.02,26.2,51.6,BEAR,BELOW,100.98,101.24,ALCISTA,ESPERAR
2026-05-16 15:47:20,101.02,26.2,51.6,BULL,BELOW,100.98,101.24,ALCISTA,ESPERAR
2026-05-16 15:47:20,101.02,26.2,51.6,BEAR,BELOW,100.98,101.24,ALCISTA,ESPERAR
2026-05-16 15:48:21,101.02,26.2,51.6,BULL,BELOW,100.98,101.24,ALCISTA,ESPERAR
2026-05-16 15:48:21,101.02,26.2,51.6,BEAR,BELOW,100.98,101.24,ALCISTA,ESPERAR
2026-05-16 15:49:22,101.02,26.2,51.6,BEAR,BELOW,100.98,101.24,ALCISTA,ESPERAR
2026-05-16 15:49:22,101.02,26.2,51.6,BULL,BELOW,100.98,101.24,ALCISTA,ESPERAR
2026-05-16 15:50:23,101.02,26.2,51.6,BEAR,BELOW,100.98,101.24,ALCISTA,ESPERAR
2026-05-16 15:50:23,101.02,26.2,51.6,BULL,BELOW,100.98,101.24,ALCISTA,ESPERAR
2026-05-16 15:51:24,101.02,26.2,51.6,BULL,BELOW,100.98,101.24,ALCISTA,ESPERAR
2026-05-16 15:51:25,101.02,26.2,51.6,BEAR,BELOW,100.98,101.24,ALCISTA,ESPERAR
2026-05-16 15:52:26,101.02,26.2,51.6,BULL,BELOW,100.98,101.24,ALCISTA,ESPERAR
2026-05-16 15:52:26,101.02,26.2,51.6,BEAR,BELOW,100.98,101.24,ALCISTA,ESPERAR
2026-05-16 15:53:27,101.02,26.2,51.6,BULL,BELOW,100.98,101.24,ALCISTA,ESPERAR
2026-05-16 15:53:27,101.02,26.2,51.6,BEAR,BELOW,100.98,101.24,ALCISTA,ESPERAR
2026-05-16 15:54:28,101.02,26.2,51.6,BULL,BELOW,100.98,101.24,ALCISTA,ESPERAR
2026-05-16 15:54:28,101.02,26.2,51.6,BEAR,BELOW,100.98,101.24,ALCISTA,ESPERAR
2026-05-16 15:55:30,101.02,26.2,51.6,BULL,BELOW,100.98,101.24,ALCISTA,ESPERAR
2026-05-16 15:55:30,101.02,26.2,51.6,BEAR,BELOW,100.98,101.24,ALCISTA,ESPERAR
2026-05-16 15:56:31,101.02,26.2,51.6,BULL,BELOW,100.98,101.24,ALCISTA,ESPERAR
2026-05-16 15:56:32,101.02,26.2,51.6,BEAR,BELOW,100.98,101.24,ALCISTA,ESPERAR
2026-05-16 15:57:33,101.02,26.2,51.6,BULL,BELOW,100.98,101.24,ALCISTA,ESPERAR
2026-05-16 15:57:33,101.02,26.2,51.6,BEAR,BELOW,100.98,101.24,ALCISTA,ESPERAR
2026-05-16 15:58:34,101.02,26.2,51.6,BULL,BELOW,100.98,101.24,ALCISTA,ESPERAR
2026-05-16 15:58:35,101.02,26.2,51.6,BEAR,BELOW,100.98,101.24,ALCISTA,ESPERAR
2026-05-16 15:59:36,101.02,26.2,51.6,BULL,BELOW,100.98,101.24,ALCISTA,ESPERAR
2026-05-16 15:59:36,101.02,26.2,51.6,BEAR,BELOW,100.98,101.24,ALCISTA,ESPERAR
2026-05-16 16:00:38,101.02,26.2,51.6,BULL,BELOW,100.98,101.24,ALCISTA,ESPERAR
2026-05-16 16:00:38,101.02,26.2,51.6,BEAR,BELOW,100.98,101.24,ALCISTA,ESPERAR
2026-05-16 16:01:39,101.02,26.2,51.6,BEAR,BELOW,100.98,101.24,ALCISTA,ESPERAR
2026-05-16 16:01:39,101.02,26.2,51.6,BULL,BELOW,100.98,101.24,ALCISTA,ESPERAR
2026-05-16 16:02:40,101.02,26.2,51.6,BULL,BELOW,100.98,101.24,ALCISTA,ESPERAR
2026-05-16 16:02:40,101.02,26.2,51.6,BEAR,BELOW,100.98,101.24,ALCISTA,ESPERAR
2026-05-16 16:03:42,101.02,26.2,51.6,BEAR,BELOW,100.98,101.24,ALCISTA,ESPERAR
2026-05-16 16:03:42,101.02,26.2,51.6,BULL,BELOW,100.98,101.24,ALCISTA,ESPERAR
2026-05-16 16:04:43,101.02,26.2,51.6,BULL,BELOW,100.98,101.24,ALCISTA,ESPERAR
2026-05-16 16:04:43,101.02,26.2,51.6,BEAR,BELOW,100.98,101.24,ALCISTA,ESPERAR
2026-05-16 16:05:44,101.02,26.2,51.6,BULL,BELOW,100.98,101.24,ALCISTA,ESPERAR
2026-05-16 16:05:44,101.02,26.2,51.6,BEAR,BELOW,100.98,101.24,ALCISTA,ESPERAR
2026-05-16 16:06:45,101.02,26.2,51.6,BULL,BELOW,100.98,101.24,ALCISTA,ESPERAR
2026-05-16 16:06:45,101.02,26.2,51.6,BEAR,BELOW,100.98,101.24,ALCISTA,ESPERAR
2026-05-16 16:07:46,101.02,26.2,51.6,BULL,BELOW,100.98,101.24,ALCISTA,ESPERAR
2026-05-16 16:07:46,101.02,26.2,51.6,BEAR,BELOW,100.98,101.24,ALCISTA,ESPERAR
2026-05-16 16:08:47,101.02,26.2,51.6,BEAR,BELOW,100.98,101.24,ALCISTA,ESPERAR
2026-05-16 16:08:48,101.02,26.2,51.6,BULL,BELOW,100.98,101.24,ALCISTA,ESPERAR
2026-05-16 16:09:49,101.02,26.2,51.6,BEAR,BELOW,100.98,101.24,ALCISTA,ESPERAR
2026-05-16 16:09:49,101.02,26.2,51.6,BULL,BELOW,100.98,101.24,ALCISTA,ESPERAR
2026-05-16 16:10:50,101.02,26.2,51.6,BEAR,BELOW,100.98,101.24,ALCISTA,ESPERAR
2026-05-16 16:10:50,101.02,26.2,51.6,BULL,BELOW,100.98,101.24,ALCISTA,ESPERAR
2026-05-16 16:11:51,101.02,26.2,51.6,BEAR,BELOW,100.98,101.24,ALCISTA,ESPERAR
2026-05-16 16:11:51,101.02,26.2,51.6,BULL,BELOW,100.98,101.24,ALCISTA,ESPERAR
2026-05-16 16:12:52,101.02,26.2,51.6,BEAR,BELOW,100.98,101.24,ALCISTA,ESPERAR
2026-05-16 16:12:53,101.02,26.2,51.6,BULL,BELOW,100.98,101.24,ALCISTA,ESPERAR
2026-05-16 16:13:53,101.02,26.2,51.6,BEAR,BELOW,100.98,101.24,ALCISTA,ESPERAR
2026-05-16 16:13:53,101.02,26.2,51.6,BULL,BELOW,100.98,101.24,ALCISTA,ESPERAR
2026-05-16 16:14:54,101.02,26.2,51.6,BULL,BELOW,100.98,101.24,ALCISTA,ESPERAR
2026-05-16 16:14:54,101.02,26.2,51.6,BEAR,BELOW,100.98,101.24,ALCISTA,ESPERAR
2026-05-16 16:15:57,101.02,26.2,51.6,BEAR,BELOW,100.98,101.24,ALCISTA,ESPERAR
2026-05-16 16:15:57,101.02,26.2,51.6,BULL,BELOW,100.98,101.24,ALCISTA,ESPERAR
2026-05-16 16:16:58,101.02,26.2,51.6,BEAR,BELOW,100.98,101.24,ALCISTA,ESPERAR
2026-05-16 16:16:58,101.02,26.2,51.6,BULL,BELOW,100.98,101.24,ALCISTA,ESPERAR
2026-05-16 16:17:59,101.02,26.2,51.6,BEAR,BELOW,100.98,101.24,ALCISTA,ESPERAR
2026-05-16 16:17:59,101.02,26.2,51.6,BULL,BELOW,100.98,101.24,ALCISTA,ESPERAR
2026-05-16 16:19:00,101.02,26.2,51.6,BEAR,BELOW,100.98,101.24,ALCISTA,ESPERAR
2026-05-16 16:19:01,101.02,26.2,51.6,BULL,BELOW,100.98,101.24,ALCISTA,ESPERAR
2026-05-16 16:20:02,101.02,26.2,51.6,BULL,BELOW,100.98,101.24,ALCISTA,ESPERAR
2026-05-16 16:20:02,101.02,26.2,51.6,BEAR,BELOW,100.98,101.24,ALCISTA,ESPERAR
2026-05-16 16:21:03,101.02,26.2,51.6,BULL,BELOW,100.98,101.24,ALCISTA,ESPERAR
2026-05-16 16:21:03,101.02,26.2,51.6,BEAR,BELOW,100.98,101.24,ALCISTA,ESPERAR
2026-05-16 16:22:04,101.02,26.2,51.6,BULL,BELOW,100.98,101.24,ALCISTA,ESPERAR
2026-05-16 16:22:04,101.02,26.2,51.6,BEAR,BELOW,100.98,101.24,ALCISTA,ESPERAR
2026-05-16 16:23:05,101.02,26.2,51.6,BULL,BELOW,100.98,101.24,ALCISTA,ESPERAR
2026-05-16 16:23:05,101.02,26.2,51.6,BEAR,BELOW,100.98,101.24,ALCISTA,ESPERAR
2026-05-16 16:24:06,101.02,26.2,51.6,BULL,BELOW,100.98,101.24,ALCISTA,ESPERAR
2026-05-16 16:24:06,101.02,26.2,51.6,BEAR,BELOW,100.98,101.24,ALCISTA,ESPERAR
2026-05-16 16:25:09,101.02,26.2,51.6,BULL,BELOW,100.98,101.24,ALCISTA,ESPERAR
2026-05-16 16:25:14,101.02,26.2,51.6,BEAR,BELOW,100.98,101.24,ALCISTA,ESPERAR
2026-05-16 16:26:10,101.02,26.2,51.6,BULL,BELOW,100.98,101.24,ALCISTA,ESPERAR
2026-05-16 16:26:15,101.02,26.2,51.6,BEAR,BELOW,100.98,101.24,ALCISTA,ESPERAR
2026-05-16 16:27:11,101.02,26.2,51.6,BULL,BELOW,100.98,101.24,ALCISTA,ESPERAR
2026-05-16 16:27:16,101.02,26.2,51.6,BEAR,BELOW,100.98,101.24,ALCISTA,ESPERAR
2026-05-16 16:28:12,101.02,26.2,51.6,BULL,BELOW,100.98,101.24,ALCISTA,ESPERAR
2026-05-16 16:28:17,101.02,26.2,51.6,BEAR,BELOW,100.98,101.24,ALCISTA,ESPERAR
2026-05-16 16:29:14,101.02,26.2,51.6,BULL,BELOW,100.98,101.24,ALCISTA,ESPERAR
2026-05-16 16:29:17,101.02,26.2,51.6,BEAR,BELOW,100.98,101.24,ALCISTA,ESPERAR
2026-05-16 16:30:15,101.02,26.2,51.6,BULL,BELOW,100.98,101.24,ALCISTA,ESPERAR
2026-05-16 16:30:19,101.02,26.2,51.6,BEAR,BELOW,100.98,101.24,ALCISTA,ESPERAR
2026-05-16 16:31:16,101.02,26.2,51.6,BULL,BELOW,100.98,101.24,ALCISTA,ESPERAR
2026-05-16 16:31:20,101.02,26.2,51.6,BEAR,BELOW,100.98,101.24,ALCISTA,ESPERAR
2026-05-16 16:32:17,101.02,26.2,51.6,BULL,BELOW,100.98,101.24,ALCISTA,ESPERAR
2026-05-16 16:32:20,101.02,26.2,51.6,BEAR,BELOW,100.98,101.24,ALCISTA,ESPERAR
2026-05-16 16:33:19,101.02,26.2,51.6,BULL,BELOW,100.98,101.24,ALCISTA,ESPERAR
2026-05-16 16:33:21,101.02,26.2,51.6,BEAR,BELOW,100.98,101.24,ALCISTA,ESPERAR
2026-05-16 16:34:20,101.02,26.2,51.6,BULL,BELOW,100.98,101.24,ALCISTA,ESPERAR
2026-05-16 16:34:22,101.02,26.2,51.6,BEAR,BELOW,100.98,101.24,ALCISTA,ESPERAR
2026-05-16 16:35:22,101.02,26.2,51.6,BULL,BELOW,100.98,101.24,ALCISTA,ESPERAR
2026-05-16 16:35:23,101.02,26.2,51.6,BEAR,BELOW,100.98,101.24,ALCISTA,ESPERAR
2026-05-16 16:36:23,101.02,26.2,51.6,BULL,BELOW,100.98,101.24,ALCISTA,ESPERAR
2026-05-16 16:36:24,101.02,26.2,51.6,BEAR,BELOW,100.98,101.24,ALCISTA,ESPERAR
2026-05-16 16:37:27,101.02,26.2,51.6,BEAR,BELOW,100.98,101.24,ALCISTA,ESPERAR
2026-05-16 16:37:28,101.02,26.2,51.6,BULL,BELOW,100.98,101.24,ALCISTA,ESPERAR
2026-05-16 16:38:29,101.02,26.2,51.6,BEAR,BELOW,100.98,101.24,ALCISTA,ESPERAR
2026-05-16 16:38:29,101.02,26.2,51.6,BULL,BELOW,100.98,101.24,ALCISTA,ESPERAR
2026-05-16 16:39:31,101.02,26.2,51.6,BEAR,BELOW,100.98,101.24,ALCISTA,ESPERAR
2026-05-16 16:39:31,101.02,26.2,51.6,BULL,BELOW,100.98,101.24,ALCISTA,ESPERAR
2026-05-16 16:40:32,101.02,20.9,53.3,BULL,BELOW,100.98,101.24,ALCISTA,ESPERAR
2026-05-16 16:40:32,101.02,20.9,53.3,RANGE,BELOW,100.98,101.24,ALCISTA,ESPERAR
2026-05-16 16:41:33,101.02,20.9,53.3,RANGE,BELOW,100.98,101.24,ALCISTA,ESPERAR
2026-05-16 16:41:33,101.02,20.9,53.3,BULL,BELOW,100.98,101.24,ALCISTA,ESPERAR
2026-05-16 16:42:34,101.02,20.9,53.3,BULL,BELOW,100.98,101.24,ALCISTA,ESPERAR
2026-05-16 16:42:35,101.02,20.9,53.3,RANGE,BELOW,100.98,101.24,ALCISTA,ESPERAR
2026-05-16 16:43:36,101.02,20.9,53.3,BULL,BELOW,100.98,101.24,ALCISTA,ESPERAR
2026-05-16 16:43:37,101.02,20.9,53.3,RANGE,BELOW,100.98,101.24,ALCISTA,ESPERAR
2026-05-16 16:44:38,101.02,20.9,53.3,BULL,BELOW,100.98,101.24,ALCISTA,ESPERAR
2026-05-16 16:44:39,101.02,20.9,53.3,RANGE,BELOW,100.98,101.24,ALCISTA,ESPERAR
2026-05-16 16:45:39,101.02,20.9,53.3,BULL,BELOW,100.98,101.24,ALCISTA,ESPERAR
2026-05-16 16:45:42,101.02,20.9,53.3,RANGE,BELOW,100.98,101.24,ALCISTA,ESPERAR
2026-05-16 16:46:40,101.02,20.9,53.3,BULL,BELOW,100.98,101.24,ALCISTA,ESPERAR
2026-05-16 16:46:43,101.02,20.9,53.3,RANGE,BELOW,100.98,101.24,ALCISTA,ESPERAR
2026-05-16 16:47:41,101.02,20.9,53.3,BULL,BELOW,100.98,101.24,ALCISTA,ESPERAR
2026-05-16 16:47:44,101.02,20.9,53.3,RANGE,BELOW,100.98,101.24,ALCISTA,ESPERAR
2026-05-16 16:48:43,101.02,20.9,53.3,BULL,BELOW,100.98,101.24,ALCISTA,ESPERAR
2026-05-16 16:48:45,101.02,20.9,53.3,RANGE,BELOW,100.98,101.24,ALCISTA,ESPERAR
2026-05-16 16:49:44,101.02,20.9,53.3,BULL,BELOW,100.98,101.24,ALCISTA,ESPERAR
2026-05-16 16:49:46,101.02,20.9,53.3,RANGE,BELOW,100.98,101.24,ALCISTA,ESPERAR
2026-05-16 16:50:46,101.02,20.9,53.3,BULL,BELOW,100.98,101.24,ALCISTA,ESPERAR
2026-05-16 16:50:48,101.02,20.9,53.3,RANGE,BELOW,100.98,101.24,ALCISTA,ESPERAR
2026-05-16 16:51:46,101.02,20.9,53.3,BULL,BELOW,100.98,101.24,ALCISTA,ESPERAR
2026-05-16 16:51:50,101.02,20.9,53.3,RANGE,BELOW,100.98,101.24,ALCISTA,ESPERAR
2026-05-16 16:52:47,101.02,20.9,53.3,BULL,BELOW,100.98,101.24,ALCISTA,ESPERAR
2026-05-16 16:52:51,101.02,20.9,53.3,RANGE,BELOW,100.98,101.24,ALCISTA,ESPERAR
2026-05-16 16:53:50,101.02,20.9,53.3,BULL,BELOW,100.98,101.24,ALCISTA,ESPERAR
2026-05-16 16:53:52,101.02,20.9,53.3,RANGE,BELOW,100.98,101.24,ALCISTA,ESPERAR
2026-05-16 16:54:52,101.02,20.9,53.3,BULL,BELOW,100.98,101.24,ALCISTA,ESPERAR
2026-05-16 16:54:53,101.02,20.9,53.3,RANGE,BELOW,100.98,101.24,ALCISTA,ESPERAR
2026-05-16 16:55:53,101.02,20.9,53.3,BULL,BELOW,100.98,101.24,ALCISTA,ESPERAR
2026-05-16 16:55:56,101.02,20.9,53.3,RANGE,BELOW,100.98,101.24,ALCISTA,ESPERAR
2026-05-16 16:56:54,101.02,20.9,53.3,BULL,BELOW,100.98,101.24,ALCISTA,ESPERAR
2026-05-16 16:56:56,101.02,20.9,53.3,RANGE,BELOW,100.98,101.24,ALCISTA,ESPERAR
2026-05-16 16:57:57,101.02,20.9,53.3,BULL,BELOW,100.98,101.24,ALCISTA,ESPERAR
2026-05-16 16:57:57,101.02,20.9,53.3,RANGE,BELOW,100.98,101.24,ALCISTA,ESPERAR
2026-05-16 16:58:58,101.02,20.9,53.3,BULL,BELOW,100.98,101.24,ALCISTA,ESPERAR
2026-05-16 16:58:58,101.02,20.9,53.3,RANGE,BELOW,100.98,101.24,ALCISTA,ESPERAR
2026-05-16 16:59:59,101.02,20.9,53.3,BULL,BELOW,100.98,101.24,ALCISTA,ESPERAR
2026-05-16 17:00:00,101.02,20.9,53.3,RANGE,BELOW,100.98,101.24,ALCISTA,ESPERAR
2026-05-16 17:01:01,101.02,20.9,53.3,BULL,BELOW,100.98,101.24,ALCISTA,ESPERAR
2026-05-16 17:01:01,101.02,20.9,53.3,RANGE,BELOW,100.98,101.24,ALCISTA,ESPERAR
2026-05-16 17:02:03,101.02,20.9,53.3,BULL,BELOW,100.98,101.24,ALCISTA,ESPERAR
2026-05-16 17:02:03,101.02,20.9,53.3,RANGE,BELOW,100.98,101.24,ALCISTA,ESPERAR
2026-05-16 17:03:04,101.02,20.9,53.3,RANGE,BELOW,100.98,101.24,ALCISTA,ESPERAR
2026-05-16 17:03:04,101.02,20.9,53.3,BULL,BELOW,100.98,101.24,ALCISTA,ESPERAR
2026-05-16 17:04:05,101.02,20.9,53.3,RANGE,BELOW,100.98,101.24,ALCISTA,ESPERAR
2026-05-16 17:04:05,101.02,20.9,53.3,BULL,BELOW,100.98,101.24,ALCISTA,ESPERAR
2026-05-16 17:05:08,101.02,20.9,53.3,RANGE,BELOW,100.98,101.24,ALCISTA,ESPERAR
2026-05-16 17:05:08,101.02,20.9,53.3,BULL,BELOW,100.98,101.24,ALCISTA,ESPERAR
2026-05-16 17:06:10,101.02,20.9,53.3,BULL,BELOW,100.98,101.24,ALCISTA,ESPERAR
2026-05-16 17:06:10,101.02,20.9,53.3,RANGE,BELOW,100.98,101.24,ALCISTA,ESPERAR
2026-05-16 17:07:11,101.02,20.9,53.3,RANGE,BELOW,100.98,101.24,ALCISTA,ESPERAR
2026-05-16 17:07:11,101.02,20.9,53.3,BULL,BELOW,100.98,101.24,ALCISTA,ESPERAR
2026-05-16 17:08:12,101.02,20.9,53.3,BULL,BELOW,100.98,101.24,ALCISTA,ESPERAR
2026-05-16 17:08:12,101.02,20.9,53.3,RANGE,BELOW,100.98,101.24,ALCISTA,ESPERAR
2026-05-16 17:09:13,101.02,20.9,53.3,RANGE,BELOW,100.98,101.24,ALCISTA,ESPERAR
2026-05-16 17:09:15,101.02,20.9,53.3,BULL,BELOW,100.98,101.24,ALCISTA,ESPERAR
2026-05-16 17:10:15,101.02,20.9,53.3,RANGE,BELOW,100.98,101.24,ALCISTA,ESPERAR
2026-05-16 17:10:16,101.02,20.9,53.3,BULL,BELOW,100.98,101.24,ALCISTA,ESPERAR
2026-05-16 17:11:16,101.02,20.9,53.3,RANGE,BELOW,100.98,101.24,ALCISTA,ESPERAR
2026-05-16 17:11:17,101.02,20.9,53.3,BULL,BELOW,100.98,101.24,ALCISTA,ESPERAR
2026-05-16 17:12:17,101.02,20.9,53.3,RANGE,BELOW,100.98,101.24,ALCISTA,ESPERAR
2026-05-16 17:12:18,101.02,20.9,53.3,BULL,BELOW,100.98,101.24,ALCISTA,ESPERAR
2026-05-16 17:13:20,101.02,20.9,53.3,RANGE,BELOW,100.98,101.24,ALCISTA,ESPERAR
2026-05-16 17:13:20,101.02,20.9,53.3,BULL,BELOW,100.98,101.24,ALCISTA,ESPERAR
2026-05-16 17:14:21,101.02,20.9,53.3,RANGE,BELOW,100.98,101.24,ALCISTA,ESPERAR
2026-05-16 17:14:21,101.02,20.9,53.3,BULL,BELOW,100.98,101.24,ALCISTA,ESPERAR
2026-05-16 17:15:22,101.02,20.9,53.3,BULL,BELOW,100.98,101.24,ALCISTA,ESPERAR
2026-05-16 17:15:22,101.02,20.9,53.3,RANGE,BELOW,100.98,101.24,ALCISTA,ESPERAR
2026-05-16 17:16:23,101.02,20.9,53.3,RANGE,BELOW,100.98,101.24,ALCISTA,ESPERAR
2026-05-16 17:16:23,101.02,20.9,53.3,BULL,BELOW,100.98,101.24,ALCISTA,ESPERAR
2026-05-16 17:17:24,101.02,20.9,53.3,RANGE,BELOW,100.98,101.24,ALCISTA,ESPERAR
2026-05-16 17:17:25,101.02,20.9,53.3,BULL,BELOW,100.98,101.24,ALCISTA,ESPERAR
2026-05-16 17:18:25,101.02,20.9,53.3,RANGE,BELOW,100.98,101.24,ALCISTA,ESPERAR
2026-05-16 17:18:27,101.02,20.9,53.3,BULL,BELOW,100.98,101.24,ALCISTA,ESPERAR
2026-05-16 17:19:27,101.02,20.9,53.3,RANGE,BELOW,100.98,101.24,ALCISTA,ESPERAR
2026-05-16 17:19:28,101.02,20.9,53.3,BULL,BELOW,100.98,101.24,ALCISTA,ESPERAR
2026-05-16 17:20:28,101.02,20.9,53.3,RANGE,BELOW,100.98,101.24,ALCISTA,ESPERAR
2026-05-16 17:20:29,101.02,20.9,53.3,BULL,BELOW,100.98,101.24,ALCISTA,ESPERAR
2026-05-16 17:21:29,101.02,20.9,53.3,RANGE,BELOW,100.98,101.24,ALCISTA,ESPERAR
2026-05-16 17:21:31,101.02,20.9,53.3,BULL,BELOW,100.98,101.24,ALCISTA,ESPERAR
2026-05-16 17:22:30,101.02,20.9,53.3,RANGE,BELOW,100.98,101.24,ALCISTA,ESPERAR
2026-05-16 17:22:33,101.02,20.9,53.3,BULL,BELOW,100.98,101.24,ALCISTA,ESPERAR
2026-05-16 17:23:33,101.02,20.9,53.3,RANGE,BELOW,100.98,101.24,ALCISTA,ESPERAR
2026-05-16 17:23:33,101.02,20.9,53.3,BULL,BELOW,100.98,101.24,ALCISTA,ESPERAR
2026-05-16 17:24:34,101.02,20.9,53.3,RANGE,BELOW,100.98,101.24,ALCISTA,ESPERAR
2026-05-16 17:24:34,101.02,20.9,53.3,BULL,BELOW,100.98,101.24,ALCISTA,ESPERAR
2026-05-16 17:25:35,101.02,20.9,53.3,RANGE,BELOW,100.98,101.24,ALCISTA,ESPERAR
2026-05-16 17:25:35,101.02,20.9,53.3,BULL,BELOW,100.98,101.24,ALCISTA,ESPERAR
2026-05-16 17:26:37,101.02,20.9,53.3,RANGE,BELOW,100.98,101.24,ALCISTA,ESPERAR
2026-05-16 17:26:37,101.02,20.9,53.3,BULL,BELOW,100.98,101.24,ALCISTA,ESPERAR
2026-05-16 17:27:39,101.02,20.9,53.3,RANGE,BELOW,100.98,101.24,ALCISTA,ESPERAR
2026-05-16 17:27:39,101.02,20.9,53.3,BULL,BELOW,100.98,101.24,ALCISTA,ESPERAR
2026-05-16 17:28:40,101.02,20.9,53.3,RANGE,BELOW,100.98,101.24,ALCISTA,ESPERAR
2026-05-16 17:28:40,101.02,20.9,53.3,BULL,BELOW,100.98,101.24,ALCISTA,ESPERAR
2026-05-16 17:29:41,101.02,20.9,53.3,RANGE,BELOW,100.98,101.24,ALCISTA,ESPERAR
2026-05-16 17:29:41,101.02,20.9,53.3,BULL,BELOW,100.98,101.24,ALCISTA,ESPERAR
2026-05-16 17:30:42,101.02,20.9,53.3,RANGE,BELOW,100.98,101.24,ALCISTA,ESPERAR
2026-05-16 17:30:42,101.02,20.9,53.3,BULL,BELOW,100.98,101.24,ALCISTA,ESPERAR
2026-05-16 17:31:44,101.02,20.9,53.3,BULL,BELOW,100.98,101.24,ALCISTA,ESPERAR
2026-05-16 17:31:44,101.02,20.9,53.3,RANGE,BELOW,100.98,101.24,ALCISTA,ESPERAR
2026-05-16 17:32:45,101.02,20.9,53.3,BULL,BELOW,100.98,101.24,ALCISTA,ESPERAR
2026-05-16 17:32:45,101.02,20.9,53.3,RANGE,BELOW,100.98,101.24,ALCISTA,ESPERAR
2026-05-16 17:33:46,101.02,20.9,53.3,BULL,BELOW,100.98,101.24,ALCISTA,ESPERAR
2026-05-16 17:33:46,101.02,20.9,53.3,RANGE,BELOW,100.98,101.24,ALCISTA,ESPERAR
2026-05-16 17:34:47,101.02,20.9,53.3,BULL,BELOW,100.98,101.24,ALCISTA,ESPERAR
2026-05-16 17:34:47,101.02,20.9,53.3,RANGE,BELOW,100.98,101.24,ALCISTA,ESPERAR
2026-05-16 17:35:48,101.02,20.9,53.3,BULL,BELOW,100.98,101.24,ALCISTA,ESPERAR
2026-05-16 17:35:48,101.02,20.9,53.3,RANGE,BELOW,100.98,101.24,ALCISTA,ESPERAR
2026-05-16 17:36:49,101.02,20.9,53.3,RANGE,BELOW,100.98,101.24,ALCISTA,ESPERAR
2026-05-16 17:36:49,101.02,20.9,53.3,BULL,BELOW,100.98,101.24,ALCISTA,ESPERAR
2026-05-16 17:37:50,101.02,20.9,53.3,RANGE,BELOW,100.98,101.24,ALCISTA,ESPERAR
2026-05-16 17:37:50,101.02,20.9,53.3,BULL,BELOW,100.98,101.24,ALCISTA,ESPERAR
2026-05-16 17:38:53,101.02,20.9,53.3,RANGE,BELOW,100.98,101.24,ALCISTA,ESPERAR
2026-05-16 17:38:53,101.02,20.9,53.3,BULL,BELOW,100.98,101.24,ALCISTA,ESPERAR
2026-05-16 17:39:54,101.02,20.9,53.3,BULL,BELOW,100.98,101.24,ALCISTA,ESPERAR
2026-05-16 17:39:54,101.02,20.9,53.3,RANGE,BELOW,100.98,101.24,ALCISTA,ESPERAR
2026-05-16 17:40:55,101.02,20.9,53.3,BULL,BELOW,100.98,101.24,ALCISTA,ESPERAR
2026-05-16 17:40:55,101.02,20.9,53.3,RANGE,BELOW,100.98,101.24,ALCISTA,ESPERAR
2026-05-16 17:41:58,101.02,20.9,53.3,BULL,BELOW,100.98,101.24,ALCISTA,ESPERAR
2026-05-16 17:41:58,101.02,20.9,53.3,RANGE,BELOW,100.98,101.24,ALCISTA,ESPERAR
2026-05-16 17:42:58,101.02,20.9,53.3,BULL,BELOW,100.98,101.24,ALCISTA,ESPERAR
2026-05-16 17:42:58,101.02,20.9,53.3,RANGE,BELOW,100.98,101.24,ALCISTA,ESPERAR
2026-05-16 17:44:00,101.02,20.9,53.3,RANGE,BELOW,100.98,101.24,ALCISTA,ESPERAR
2026-05-16 17:44:00,101.02,20.9,53.3,BULL,BELOW,100.98,101.24,ALCISTA,ESPERAR
2026-05-16 17:45:01,101.02,20.9,53.3,RANGE,BELOW,100.98,101.24,ALCISTA,ESPERAR
2026-05-16 17:45:01,101.02,20.9,53.3,BULL,BELOW,100.98,101.24,ALCISTA,ESPERAR
2026-05-16 17:46:01,101.02,20.9,53.3,RANGE,BELOW,100.98,101.24,ALCISTA,ESPERAR
2026-05-16 17:46:02,101.02,20.9,53.3,BULL,BELOW,100.98,101.24,ALCISTA,ESPERAR
2026-05-16 17:47:02,101.02,20.9,53.3,RANGE,BELOW,100.98,101.24,ALCISTA,ESPERAR
2026-05-16 17:47:03,101.02,20.9,53.3,BULL,BELOW,100.98,101.24,ALCISTA,ESPERAR
2026-05-16 17:48:04,101.02,20.9,53.3,RANGE,BELOW,100.98,101.24,ALCISTA,ESPERAR
2026-05-16 17:48:04,101.02,20.9,53.3,BULL,BELOW,100.98,101.24,ALCISTA,ESPERAR
2026-05-16 17:49:05,101.02,20.9,53.3,RANGE,BELOW,100.98,101.24,ALCISTA,ESPERAR
2026-05-16 17:49:05,101.02,20.9,53.3,BULL,BELOW,100.98,101.24,ALCISTA,ESPERAR
2026-05-16 17:50:06,101.02,20.9,53.3,RANGE,BELOW,100.98,101.24,ALCISTA,ESPERAR
2026-05-16 17:50:06,101.02,20.9,53.3,BULL,BELOW,100.98,101.24,ALCISTA,ESPERAR
2026-05-16 17:51:07,101.02,20.9,53.3,RANGE,BELOW,100.98,101.24,ALCISTA,ESPERAR
2026-05-16 17:51:09,101.02,20.9,53.3,BULL,BELOW,100.98,101.24,ALCISTA,ESPERAR
2026-05-16 17:52:08,101.02,20.9,53.3,RANGE,BELOW,100.98,101.24,ALCISTA,ESPERAR
2026-05-16 17:52:10,101.02,20.9,53.3,BULL,BELOW,100.98,101.24,ALCISTA,ESPERAR
2026-05-16 17:53:10,101.02,20.9,53.3,RANGE,BELOW,100.98,101.24,ALCISTA,ESPERAR
2026-05-16 17:53:10,101.02,20.9,53.3,BULL,BELOW,100.98,101.24,ALCISTA,ESPERAR
2026-05-16 17:54:11,101.02,20.9,53.3,RANGE,BELOW,100.98,101.24,ALCISTA,ESPERAR
2026-05-16 17:54:12,101.02,20.9,53.3,BULL,BELOW,100.98,101.24,ALCISTA,ESPERAR
2026-05-16 17:55:12,101.02,20.9,53.3,RANGE,BELOW,100.98,101.24,ALCISTA,ESPERAR
2026-05-16 17:55:13,101.02,20.9,53.3,BULL,BELOW,100.98,101.24,ALCISTA,ESPERAR
2026-05-16 17:56:13,101.02,20.9,53.3,RANGE,BELOW,100.98,101.24,ALCISTA,ESPERAR
2026-05-16 17:56:14,101.02,20.9,53.3,BULL,BELOW,100.98,101.24,ALCISTA,ESPERAR
2026-05-16 17:57:14,101.02,20.9,53.3,RANGE,BELOW,100.98,101.24,ALCISTA,ESPERAR
2026-05-16 17:57:15,101.02,20.9,53.3,BULL,BELOW,100.98,101.24,ALCISTA,ESPERAR
2026-05-16 17:58:16,101.02,20.9,53.3,RANGE,BELOW,100.98,101.24,ALCISTA,ESPERAR
2026-05-16 17:58:16,101.02,20.9,53.3,BULL,BELOW,100.98,101.24,ALCISTA,ESPERAR
2026-05-16 17:59:17,101.02,20.9,53.3,RANGE,BELOW,100.98,101.24,ALCISTA,ESPERAR
2026-05-16 17:59:17,101.02,20.9,53.3,BULL,BELOW,100.98,101.24,ALCISTA,ESPERAR
2026-05-16 18:00:18,101.02,20.9,53.3,RANGE,BELOW,100.98,101.24,ALCISTA,ESPERAR
2026-05-16 18:00:18,101.02,20.9,53.3,BULL,BELOW,100.98,101.24,ALCISTA,ESPERAR
2026-05-16 18:01:19,101.02,20.9,53.3,RANGE,BELOW,100.98,101.24,ALCISTA,ESPERAR
2026-05-16 18:01:19,101.02,20.9,53.3,BULL,BELOW,100.98,101.24,ALCISTA,ESPERAR
2026-05-16 18:02:20,101.02,20.9,53.3,BULL,BELOW,100.98,101.24,ALCISTA,ESPERAR
2026-05-16 18:02:20,101.02,20.9,53.3,RANGE,BELOW,100.98,101.24,ALCISTA,ESPERAR
2026-05-16 18:03:21,101.02,20.9,53.3,BULL,BELOW,100.98,101.24,ALCISTA,ESPERAR
2026-05-16 18:03:22,101.02,20.9,53.3,RANGE,BELOW,100.98,101.24,ALCISTA,ESPERAR
2026-05-16 18:04:23,101.02,20.9,53.3,BULL,BELOW,100.98,101.24,ALCISTA,ESPERAR
2026-05-16 18:04:23,101.02,20.9,53.3,RANGE,BELOW,100.98,101.24,ALCISTA,ESPERAR
2026-05-16 18:05:24,101.02,20.9,53.3,BULL,BELOW,100.98,101.24,ALCISTA,ESPERAR
2026-05-16 18:05:24,101.02,20.9,53.3,RANGE,BELOW,100.98,101.24,ALCISTA,ESPERAR
2026-05-16 18:06:25,101.02,20.9,53.3,BULL,BELOW,100.98,101.24,ALCISTA,ESPERAR
2026-05-16 18:06:25,101.02,20.9,53.3,RANGE,BELOW,100.98,101.24,ALCISTA,ESPERAR
2026-05-16 18:07:26,101.02,20.9,53.3,RANGE,BELOW,100.98,101.24,ALCISTA,ESPERAR
2026-05-16 18:07:26,101.02,20.9,53.3,BULL,BELOW,100.98,101.24,ALCISTA,ESPERAR
2026-05-16 18:08:27,101.02,20.9,53.3,RANGE,BELOW,100.98,101.24,ALCISTA,ESPERAR
2026-05-16 18:08:27,101.02,20.9,53.3,BULL,BELOW,100.98,101.24,ALCISTA,ESPERAR
2026-05-16 18:09:28,101.02,20.9,53.3,RANGE,BELOW,100.98,101.24,ALCISTA,ESPERAR
2026-05-16 18:09:28,101.02,20.9,53.3,BULL,BELOW,100.98,101.24,ALCISTA,ESPERAR
2026-05-16 18:10:29,101.02,20.9,53.3,RANGE,BELOW,100.98,101.24,ALCISTA,ESPERAR
2026-05-16 18:10:29,101.02,20.9,53.3,BULL,BELOW,100.98,101.24,ALCISTA,ESPERAR
2026-05-16 18:11:30,101.02,20.9,53.3,RANGE,BELOW,100.98,101.24,ALCISTA,ESPERAR
2026-05-16 18:11:31,101.02,20.9,53.3,BULL,BELOW,100.98,101.24,ALCISTA,ESPERAR
2026-05-16 18:12:31,101.02,20.9,53.3,BULL,BELOW,100.98,101.24,ALCISTA,ESPERAR
2026-05-16 18:12:31,101.02,20.9,53.3,RANGE,BELOW,100.98,101.24,ALCISTA,ESPERAR
2026-05-16 18:13:32,101.02,20.9,53.3,RANGE,BELOW,100.98,101.24,ALCISTA,ESPERAR
2026-05-16 18:13:32,101.02,20.9,53.3,BULL,BELOW,100.98,101.24,ALCISTA,ESPERAR
2026-05-16 18:14:34,101.02,20.9,53.3,BULL,BELOW,100.98,101.24,ALCISTA,ESPERAR
2026-05-16 18:14:34,101.02,20.9,53.3,RANGE,BELOW,100.98,101.24,ALCISTA,ESPERAR
2026-05-16 18:15:36,101.02,20.9,53.3,BULL,BELOW,100.98,101.24,ALCISTA,ESPERAR
2026-05-16 18:15:36,101.02,20.9,53.3,RANGE,BELOW,100.98,101.24,ALCISTA,ESPERAR
2026-05-16 18:16:37,101.02,20.9,53.3,BULL,BELOW,100.98,101.24,ALCISTA,ESPERAR
2026-05-16 18:16:37,101.02,20.9,53.3,RANGE,BELOW,100.98,101.24,ALCISTA,ESPERAR
2026-05-16 18:17:38,101.02,20.9,53.3,RANGE,BELOW,100.98,101.24,ALCISTA,ESPERAR
2026-05-16 18:17:38,101.02,20.9,53.3,BULL,BELOW,100.98,101.24,ALCISTA,ESPERAR
2026-05-16 18:18:38,101.02,20.9,53.3,RANGE,BELOW,100.98,101.24,ALCISTA,ESPERAR
2026-05-16 18:18:39,101.02,20.9,53.3,BULL,BELOW,100.98,101.24,ALCISTA,ESPERAR
2026-05-16 18:19:39,101.02,20.9,53.3,BULL,BELOW,100.98,101.24,ALCISTA,ESPERAR
2026-05-16 18:19:40,101.02,20.9,53.3,RANGE,BELOW,100.98,101.24,ALCISTA,ESPERAR
2026-05-16 18:20:41,101.02,20.9,53.3,RANGE,BELOW,100.98,101.24,ALCISTA,ESPERAR
2026-05-16 18:20:41,101.02,20.9,53.3,BULL,BELOW,100.98,101.24,ALCISTA,ESPERAR
2026-05-16 18:21:43,101.02,20.9,53.3,RANGE,BELOW,100.98,101.24,ALCISTA,ESPERAR
2026-05-16 18:21:43,101.02,20.9,53.3,BULL,BELOW,100.98,101.24,ALCISTA,ESPERAR
2026-05-16 18:22:44,101.02,20.9,53.3,BULL,BELOW,100.98,101.24,ALCISTA,ESPERAR
2026-05-16 18:22:44,101.02,20.9,53.3,RANGE,BELOW,100.98,101.24,ALCISTA,ESPERAR
2026-05-16 18:23:45,101.02,20.9,53.3,BULL,BELOW,100.98,101.24,ALCISTA,ESPERAR
2026-05-16 18:23:45,101.02,20.9,53.3,RANGE,BELOW,100.98,101.24,ALCISTA,ESPERAR
2026-05-16 18:24:46,101.02,20.9,53.3,BULL,BELOW,100.98,101.24,ALCISTA,ESPERAR
2026-05-16 18:24:46,101.02,20.9,53.3,RANGE,BELOW,100.98,101.24,ALCISTA,ESPERAR
2026-05-16 18:25:48,101.02,20.9,53.3,BULL,BELOW,100.98,101.24,ALCISTA,ESPERAR
2026-05-16 18:25:48,101.02,20.9,53.3,RANGE,BELOW,100.98,101.24,ALCISTA,ESPERAR
2026-05-16 18:26:49,101.02,20.9,53.3,BULL,BELOW,100.98,101.24,ALCISTA,ESPERAR
2026-05-16 18:26:49,101.02,20.9,53.3,RANGE,BELOW,100.98,101.24,ALCISTA,ESPERAR
2026-05-16 18:27:50,101.02,20.9,53.3,RANGE,BELOW,100.98,101.24,ALCISTA,ESPERAR
2026-05-16 18:27:50,101.02,20.9,53.3,BULL,BELOW,100.98,101.24,ALCISTA,ESPERAR
2026-05-16 18:28:51,101.02,20.9,53.3,RANGE,BELOW,100.98,101.24,ALCISTA,ESPERAR
2026-05-16 18:28:51,101.02,20.9,53.3,BULL,BELOW,100.98,101.24,ALCISTA,ESPERAR
2026-05-16 18:29:52,101.02,20.9,53.3,RANGE,BELOW,100.98,101.24,ALCISTA,ESPERAR
2026-05-16 18:29:52,101.02,20.9,53.3,BULL,BELOW,100.98,101.24,ALCISTA,ESPERAR
2026-05-16 18:30:53,101.02,20.9,53.3,BULL,BELOW,100.98,101.24,ALCISTA,ESPERAR
2026-05-16 18:30:53,101.02,20.9,53.3,RANGE,BELOW,100.98,101.24,ALCISTA,ESPERAR
2026-05-16 18:31:54,101.02,20.9,53.3,RANGE,BELOW,100.98,101.24,ALCISTA,ESPERAR
2026-05-16 18:31:54,101.02,20.9,53.3,BULL,BELOW,100.98,101.24,ALCISTA,ESPERAR
2026-05-16 18:32:55,101.02,20.9,53.3,RANGE,BELOW,100.98,101.24,ALCISTA,ESPERAR
2026-05-16 18:32:56,101.02,20.9,53.3,BULL,BELOW,100.98,101.24,ALCISTA,ESPERAR
2026-05-16 18:33:56,101.02,20.9,53.3,RANGE,BELOW,100.98,101.24,ALCISTA,ESPERAR
2026-05-16 18:33:56,101.02,20.9,53.3,BULL,BELOW,100.98,101.24,ALCISTA,ESPERAR
2026-05-16 18:34:57,101.02,20.9,53.3,RANGE,BELOW,100.98,101.24,ALCISTA,ESPERAR
2026-05-16 18:34:58,101.02,20.9,53.3,BULL,BELOW,100.98,101.24,ALCISTA,ESPERAR
2026-05-16 18:35:58,101.02,20.9,53.3,RANGE,BELOW,100.98,101.24,ALCISTA,ESPERAR
2026-05-16 18:35:58,101.02,20.9,53.3,BULL,BELOW,100.98,101.24,ALCISTA,ESPERAR
2026-05-16 18:36:59,101.02,20.9,53.3,RANGE,BELOW,100.98,101.24,ALCISTA,ESPERAR
2026-05-16 18:37:00,101.02,20.9,53.3,BULL,BELOW,100.98,101.24,ALCISTA,ESPERAR
2026-05-16 18:38:01,101.02,20.9,53.3,BULL,BELOW,100.98,101.24,ALCISTA,ESPERAR
2026-05-16 18:38:01,101.02,20.9,53.3,RANGE,BELOW,100.98,101.24,ALCISTA,ESPERAR
2026-05-16 18:39:02,101.02,20.9,53.3,RANGE,BELOW,100.98,101.24,ALCISTA,ESPERAR
2026-05-16 18:39:02,101.02,20.9,53.3,BULL,BELOW,100.98,101.24,ALCISTA,ESPERAR
2026-05-16 18:40:03,101.02,20.9,53.3,RANGE,BELOW,100.98,101.24,ALCISTA,ESPERAR
2026-05-16 18:40:03,101.02,20.9,53.3,BULL,BELOW,100.98,101.24,ALCISTA,ESPERAR
2026-05-16 18:41:04,101.02,20.9,53.3,RANGE,BELOW,100.98,101.24,ALCISTA,ESPERAR
2026-05-16 18:41:04,101.02,20.9,53.3,BULL,BELOW,100.98,101.24,ALCISTA,ESPERAR
2026-05-16 18:42:04,101.02,20.9,53.3,BULL,BELOW,100.98,101.24,ALCISTA,ESPERAR
2026-05-16 18:42:04,101.02,20.9,53.3,RANGE,BELOW,100.98,101.24,ALCISTA,ESPERAR
2026-05-16 18:43:06,101.02,20.9,53.3,BULL,BELOW,100.98,101.24,ALCISTA,ESPERAR
2026-05-16 18:43:06,101.02,20.9,53.3,RANGE,BELOW,100.98,101.24,ALCISTA,ESPERAR
2026-05-16 18:44:10,101.02,20.9,53.3,BULL,BELOW,100.98,101.24,ALCISTA,ESPERAR
2026-05-16 18:44:10,101.02,20.9,53.3,RANGE,BELOW,100.98,101.24,ALCISTA,ESPERAR
2026-05-16 18:45:10,101.02,20.9,53.3,BULL,BELOW,100.98,101.24,ALCISTA,ESPERAR
2026-05-16 18:45:10,101.02,20.9,53.3,RANGE,BELOW,100.98,101.24,ALCISTA,ESPERAR
2026-05-16 18:46:12,101.02,20.9,53.3,RANGE,BELOW,100.98,101.24,ALCISTA,ESPERAR
2026-05-16 18:46:12,101.02,20.9,53.3,BULL,BELOW,100.98,101.24,ALCISTA,ESPERAR
2026-05-16 18:47:14,101.02,20.9,53.3,RANGE,BELOW,100.98,101.24,ALCISTA,ESPERAR
2026-05-16 18:47:14,101.02,20.9,53.3,BULL,BELOW,100.98,101.24,ALCISTA,ESPERAR
2026-05-16 18:48:14,101.02,20.9,53.3,BULL,BELOW,100.98,101.24,ALCISTA,ESPERAR
2026-05-16 18:48:14,101.02,20.9,53.3,RANGE,BELOW,100.98,101.24,ALCISTA,ESPERAR
2026-05-16 18:49:15,101.02,20.9,53.3,RANGE,BELOW,100.98,101.24,ALCISTA,ESPERAR
2026-05-16 18:49:15,101.02,20.9,53.3,BULL,BELOW,100.98,101.24,ALCISTA,ESPERAR
2026-05-16 18:50:16,101.02,20.9,53.3,RANGE,BELOW,100.98,101.24,ALCISTA,ESPERAR
2026-05-16 18:50:16,101.02,20.9,53.3,BULL,BELOW,100.98,101.24,ALCISTA,ESPERAR
2026-05-16 18:51:17,101.02,20.9,53.3,RANGE,BELOW,100.98,101.24,ALCISTA,ESPERAR
2026-05-16 18:51:17,101.02,20.9,53.3,BULL,BELOW,100.98,101.24,ALCISTA,ESPERAR
2026-05-16 18:52:18,101.02,20.9,53.3,BULL,BELOW,100.98,101.24,ALCISTA,ESPERAR
2026-05-16 18:52:18,101.02,20.9,53.3,RANGE,BELOW,100.98,101.24,ALCISTA,ESPERAR
2026-05-16 18:53:21,101.02,20.9,53.3,RANGE,BELOW,100.98,101.24,ALCISTA,ESPERAR
2026-05-16 18:53:21,101.02,20.9,53.3,BULL,BELOW,100.98,101.24,ALCISTA,ESPERAR
2026-05-16 18:54:23,101.02,20.9,53.3,RANGE,BELOW,100.98,101.24,ALCISTA,ESPERAR
2026-05-16 18:54:23,101.02,20.9,53.3,BULL,BELOW,100.98,101.24,ALCISTA,ESPERAR
2026-05-16 18:55:24,101.02,20.9,53.3,BULL,BELOW,100.98,101.24,ALCISTA,ESPERAR
2026-05-16 18:55:24,101.02,20.9,53.3,RANGE,BELOW,100.98,101.24,ALCISTA,ESPERAR
2026-05-16 18:56:27,101.02,20.9,53.3,BULL,BELOW,100.98,101.24,ALCISTA,ESPERAR
2026-05-16 18:56:27,101.02,20.9,53.3,RANGE,BELOW,100.98,101.24,ALCISTA,ESPERAR
2026-05-16 18:57:28,101.02,20.9,53.3,BULL,BELOW,100.98,101.24,ALCISTA,ESPERAR
2026-05-16 18:57:28,101.02,20.9,53.3,RANGE,BELOW,100.98,101.24,ALCISTA,ESPERAR
2026-05-16 18:58:29,101.02,20.9,53.3,RANGE,BELOW,100.98,101.24,ALCISTA,ESPERAR
2026-05-16 18:58:29,101.02,20.9,53.3,BULL,BELOW,100.98,101.24,ALCISTA,ESPERAR
2026-05-16 18:59:30,101.02,20.9,53.3,BULL,BELOW,100.98,101.24,ALCISTA,ESPERAR
2026-05-16 18:59:30,101.02,20.9,53.3,RANGE,BELOW,100.98,101.24,ALCISTA,ESPERAR
2026-05-16 19:00:31,101.02,20.9,53.3,BULL,BELOW,100.98,101.24,ALCISTA,ESPERAR
2026-05-16 19:00:32,101.02,20.9,53.3,RANGE,BELOW,100.98,101.24,ALCISTA,ESPERAR
2026-05-16 19:01:32,101.02,20.9,53.3,BULL,BELOW,100.98,101.24,ALCISTA,ESPERAR
2026-05-16 19:01:33,101.02,20.9,53.3,RANGE,BELOW,100.98,101.24,ALCISTA,ESPERAR
2026-05-16 19:02:33,101.02,20.9,53.3,BULL,BELOW,100.98,101.24,ALCISTA,ESPERAR
2026-05-16 19:02:33,101.02,20.9,53.3,RANGE,BELOW,100.98,101.24,ALCISTA,ESPERAR
2026-05-16 19:03:35,101.02,20.9,53.3,BULL,BELOW,100.98,101.24,ALCISTA,ESPERAR
2026-05-16 19:03:35,101.02,20.9,53.3,RANGE,BELOW,100.98,101.24,ALCISTA,ESPERAR
2026-05-16 19:04:36,101.02,20.9,53.3,BULL,BELOW,100.98,101.24,ALCISTA,ESPERAR
2026-05-16 19:04:36,101.02,20.9,53.3,RANGE,BELOW,100.98,101.24,ALCISTA,ESPERAR
2026-05-16 19:05:37,101.02,20.9,53.3,BULL,BELOW,100.98,101.24,ALCISTA,ESPERAR
2026-05-16 19:05:38,101.02,20.9,53.3,RANGE,BELOW,100.98,101.24,ALCISTA,ESPERAR
2026-05-16 19:06:38,101.02,20.9,53.3,BULL,BELOW,100.98,101.24,ALCISTA,ESPERAR
2026-05-16 19:06:38,101.02,20.9,53.3,RANGE,BELOW,100.98,101.24,ALCISTA,ESPERAR
2026-05-16 19:07:39,101.02,20.9,53.3,BULL,BELOW,100.98,101.24,ALCISTA,ESPERAR
2026-05-16 19:07:39,101.02,20.9,53.3,RANGE,BELOW,100.98,101.24,ALCISTA,ESPERAR
2026-05-16 19:08:40,101.02,20.9,53.3,RANGE,BELOW,100.98,101.24,ALCISTA,ESPERAR
2026-05-16 19:08:40,101.02,20.9,53.3,BULL,BELOW,100.98,101.24,ALCISTA,ESPERAR
2026-05-16 19:09:41,101.02,20.9,53.3,BULL,BELOW,100.98,101.24,ALCISTA,ESPERAR
2026-05-16 19:09:41,101.02,20.9,53.3,RANGE,BELOW,100.98,101.24,ALCISTA,ESPERAR
2026-05-16 19:10:42,101.02,20.9,53.3,RANGE,BELOW,100.98,101.24,ALCISTA,ESPERAR
2026-05-16 19:10:42,101.02,20.9,53.3,BULL,BELOW,100.98,101.24,ALCISTA,ESPERAR
2026-05-16 19:11:45,101.02,20.9,53.3,RANGE,BELOW,100.98,101.24,ALCISTA,ESPERAR
2026-05-16 19:11:45,101.02,20.9,53.3,BULL,BELOW,100.98,101.24,ALCISTA,ESPERAR
2026-05-16 19:12:46,101.02,20.9,53.3,RANGE,BELOW,100.98,101.24,ALCISTA,ESPERAR
2026-05-16 19:12:46,101.02,20.9,53.3,BULL,BELOW,100.98,101.24,ALCISTA,ESPERAR
2026-05-16 19:13:47,101.02,20.9,53.3,BULL,BELOW,100.98,101.24,ALCISTA,ESPERAR
2026-05-16 19:13:47,101.02,20.9,53.3,RANGE,BELOW,100.98,101.24,ALCISTA,ESPERAR
2026-05-16 19:14:48,101.02,20.9,53.3,BULL,BELOW,100.98,101.24,ALCISTA,ESPERAR
2026-05-16 19:14:48,101.02,20.9,53.3,RANGE,BELOW,100.98,101.24,ALCISTA,ESPERAR
2026-05-16 19:15:49,101.02,20.9,53.3,BULL,BELOW,100.98,101.24,ALCISTA,ESPERAR
2026-05-16 19:15:49,101.02,20.9,53.3,RANGE,BELOW,100.98,101.24,ALCISTA,ESPERAR
2026-05-16 19:16:51,101.02,20.9,53.3,BULL,BELOW,100.98,101.24,ALCISTA,ESPERAR
2026-05-16 19:16:51,101.02,20.9,53.3,RANGE,BELOW,100.98,101.24,ALCISTA,ESPERAR
2026-05-16 19:17:52,101.02,20.9,53.3,BULL,BELOW,100.98,101.24,ALCISTA,ESPERAR
2026-05-16 19:17:52,101.02,20.9,53.3,RANGE,BELOW,100.98,101.24,ALCISTA,ESPERAR
2026-05-16 19:18:53,101.02,20.9,53.3,BULL,BELOW,100.98,101.24,ALCISTA,ESPERAR
2026-05-16 19:18:53,101.02,20.9,53.3,RANGE,BELOW,100.98,101.24,ALCISTA,ESPERAR
2026-05-16 19:19:54,101.02,20.9,53.3,BULL,BELOW,100.98,101.24,ALCISTA,ESPERAR
2026-05-16 19:19:54,101.02,20.9,53.3,RANGE,BELOW,100.98,101.24,ALCISTA,ESPERAR
2026-05-16 19:20:55,101.02,20.9,53.3,BULL,BELOW,100.98,101.24,ALCISTA,ESPERAR
2026-05-16 19:20:55,101.02,20.9,53.3,RANGE,BELOW,100.98,101.24,ALCISTA,ESPERAR
2026-05-16 19:21:57,101.02,20.9,53.3,RANGE,BELOW,100.98,101.24,ALCISTA,ESPERAR
2026-05-16 19:21:57,101.02,20.9,53.3,BULL,BELOW,100.98,101.24,ALCISTA,ESPERAR
2026-05-16 19:22:58,101.02,20.9,53.3,RANGE,BELOW,100.98,101.24,ALCISTA,ESPERAR
2026-05-16 19:22:58,101.02,20.9,53.3,BULL,BELOW,100.98,101.24,ALCISTA,ESPERAR
2026-05-16 19:23:59,101.02,20.9,53.3,RANGE,BELOW,100.98,101.24,ALCISTA,ESPERAR
2026-05-16 19:23:59,101.02,20.9,53.3,BULL,BELOW,100.98,101.24,ALCISTA,ESPERAR
2026-05-16 19:25:00,101.02,20.9,53.3,RANGE,BELOW,100.98,101.24,ALCISTA,ESPERAR
2026-05-16 19:25:01,101.02,20.9,53.3,BULL,BELOW,100.98,101.24,ALCISTA,ESPERAR
2026-05-16 19:26:01,101.02,20.9,53.3,RANGE,BELOW,100.98,101.24,ALCISTA,ESPERAR
2026-05-16 19:26:03,101.02,20.9,53.3,BULL,BELOW,100.98,101.24,ALCISTA,ESPERAR
2026-05-16 19:27:02,101.02,20.9,53.3,RANGE,BELOW,100.98,101.24,ALCISTA,ESPERAR
2026-05-16 19:27:04,101.02,20.9,53.3,BULL,BELOW,100.98,101.24,ALCISTA,ESPERAR
2026-05-16 19:28:04,101.02,20.9,53.3,RANGE,BELOW,100.98,101.24,ALCISTA,ESPERAR
2026-05-16 19:28:04,101.02,20.9,53.3,BULL,BELOW,100.98,101.24,ALCISTA,ESPERAR
2026-05-16 19:29:05,101.02,20.9,53.3,RANGE,BELOW,100.98,101.24,ALCISTA,ESPERAR
2026-05-16 19:29:05,101.02,20.9,53.3,BULL,BELOW,100.98,101.24,ALCISTA,ESPERAR
2026-05-16 19:30:05,101.02,20.9,53.3,RANGE,BELOW,100.98,101.24,ALCISTA,ESPERAR
2026-05-16 19:30:05,101.02,20.9,53.3,BULL,BELOW,100.98,101.24,ALCISTA,ESPERAR
2026-05-16 19:31:06,101.02,20.9,53.3,BULL,BELOW,100.98,101.24,ALCISTA,ESPERAR
2026-05-16 19:31:06,101.02,20.9,53.3,RANGE,BELOW,100.98,101.24,ALCISTA,ESPERAR
2026-05-16 19:32:07,101.02,20.9,53.3,RANGE,BELOW,100.98,101.24,ALCISTA,ESPERAR
2026-05-16 19:32:07,101.02,20.9,53.3,BULL,BELOW,100.98,101.24,ALCISTA,ESPERAR
2026-05-16 19:33:09,101.02,20.9,53.3,RANGE,BELOW,100.98,101.24,ALCISTA,ESPERAR
2026-05-16 19:33:09,101.02,20.9,53.3,BULL,BELOW,100.98,101.24,ALCISTA,ESPERAR
2026-05-16 19:34:11,101.02,20.9,53.3,RANGE,BELOW,100.98,101.24,ALCISTA,ESPERAR
2026-05-16 19:34:12,101.02,20.9,53.3,BULL,BELOW,100.98,101.24,ALCISTA,ESPERAR
2026-05-16 19:35:12,101.02,20.9,53.3,RANGE,BELOW,100.98,101.24,ALCISTA,ESPERAR
2026-05-16 19:35:33,101.02,20.9,53.3,BULL,BELOW,100.98,101.24,ALCISTA,ESPERAR
2026-05-16 19:36:13,101.02,20.9,53.3,RANGE,BELOW,100.98,101.24,ALCISTA,ESPERAR
2026-05-16 19:36:34,101.02,20.9,53.3,BULL,BELOW,100.98,101.24,ALCISTA,ESPERAR
2026-05-16 19:37:14,101.02,20.9,53.3,RANGE,BELOW,100.98,101.24,ALCISTA,ESPERAR
2026-05-16 19:37:37,101.02,20.9,53.3,BULL,BELOW,100.98,101.24,ALCISTA,ESPERAR
2026-05-16 19:38:15,101.02,20.9,53.3,RANGE,BELOW,100.98,101.24,ALCISTA,ESPERAR
2026-05-16 19:38:38,101.02,20.9,53.3,BULL,BELOW,100.98,101.24,ALCISTA,ESPERAR
2026-05-16 19:39:16,101.02,20.9,53.3,RANGE,BELOW,100.98,101.24,ALCISTA,ESPERAR
2026-05-16 19:39:39,101.02,20.9,53.3,BULL,BELOW,100.98,101.24,ALCISTA,ESPERAR
2026-05-16 19:40:17,101.02,20.9,53.3,RANGE,BELOW,100.98,101.24,ALCISTA,ESPERAR
2026-05-16 19:40:40,101.02,20.9,53.3,BULL,BELOW,100.98,101.24,ALCISTA,ESPERAR
2026-05-16 19:41:18,101.02,20.9,53.3,RANGE,BELOW,100.98,101.24,ALCISTA,ESPERAR
2026-05-16 19:41:41,101.02,20.9,53.3,BULL,BELOW,100.98,101.24,ALCISTA,ESPERAR
2026-05-16 19:42:19,101.02,20.9,53.3,RANGE,BELOW,100.98,101.24,ALCISTA,ESPERAR
2026-05-16 19:42:42,101.02,20.9,53.3,BULL,BELOW,100.98,101.24,ALCISTA,ESPERAR
2026-05-16 19:43:20,101.02,20.9,53.3,RANGE,BELOW,100.98,101.24,ALCISTA,ESPERAR
2026-05-16 19:43:44,101.02,20.9,53.3,BULL,BELOW,100.98,101.24,ALCISTA,ESPERAR
2026-05-16 19:44:22,101.02,20.9,53.3,RANGE,BELOW,100.98,101.24,ALCISTA,ESPERAR
2026-05-16 19:45:06,101.02,20.9,53.3,BULL,BELOW,100.98,101.24,ALCISTA,ESPERAR
2026-05-16 19:45:23,101.02,20.9,53.3,RANGE,BELOW,100.98,101.24,ALCISTA,ESPERAR
2026-05-16 19:46:08,101.02,20.9,53.3,BULL,BELOW,100.98,101.24,ALCISTA,ESPERAR
2026-05-16 19:46:24,101.02,20.9,53.3,RANGE,BELOW,100.98,101.24,ALCISTA,ESPERAR
2026-05-16 19:47:10,101.02,20.9,53.3,BULL,BELOW,100.98,101.24,ALCISTA,ESPERAR
2026-05-16 19:47:25,101.02,20.9,53.3,RANGE,BELOW,100.98,101.24,ALCISTA,ESPERAR
2026-05-16 19:48:11,101.02,20.9,53.3,BULL,BELOW,100.98,101.24,ALCISTA,ESPERAR
2026-05-16 19:48:26,101.02,20.9,53.3,RANGE,BELOW,100.98,101.24,ALCISTA,ESPERAR
2026-05-16 19:49:12,101.02,20.9,53.3,BULL,BELOW,100.98,101.24,ALCISTA,ESPERAR
2026-05-16 19:49:27,101.02,20.9,53.3,RANGE,BELOW,100.98,101.24,ALCISTA,ESPERAR
2026-05-16 19:50:13,101.02,20.9,53.3,BULL,BELOW,100.98,101.24,ALCISTA,ESPERAR
2026-05-16 19:50:28,101.02,20.9,53.3,RANGE,BELOW,100.98,101.24,ALCISTA,ESPERAR
2026-05-16 19:51:15,101.02,20.9,53.3,BULL,BELOW,100.98,101.24,ALCISTA,ESPERAR
2026-05-16 19:51:29,101.02,20.9,53.3,RANGE,BELOW,100.98,101.24,ALCISTA,ESPERAR
2026-05-16 19:52:16,101.02,20.9,53.3,BULL,BELOW,100.98,101.24,ALCISTA,ESPERAR
2026-05-16 19:52:30,101.02,20.9,53.3,RANGE,BELOW,100.98,101.24,ALCISTA,ESPERAR
2026-05-16 19:53:17,101.02,20.9,53.3,BULL,BELOW,100.98,101.24,ALCISTA,ESPERAR
2026-05-16 19:53:33,101.02,20.9,53.3,RANGE,BELOW,100.98,101.24,ALCISTA,ESPERAR
2026-05-16 19:54:19,101.02,20.9,53.3,BULL,BELOW,100.98,101.24,ALCISTA,ESPERAR
2026-05-16 19:54:34,101.02,20.9,53.3,RANGE,BELOW,100.98,101.24,ALCISTA,ESPERAR
2026-05-16 19:55:19,101.02,20.9,53.3,BULL,BELOW,100.98,101.24,ALCISTA,ESPERAR
2026-05-16 19:55:35,101.02,20.9,53.3,RANGE,BELOW,100.98,101.24,ALCISTA,ESPERAR
2026-05-16 19:56:21,101.02,20.9,53.3,BULL,BELOW,100.98,101.24,ALCISTA,ESPERAR
2026-05-16 19:56:38,101.02,20.9,53.3,RANGE,BELOW,100.98,101.24,ALCISTA,ESPERAR
2026-05-16 19:57:22,101.02,20.9,53.3,BULL,BELOW,100.98,101.24,ALCISTA,ESPERAR
2026-05-16 19:57:39,101.02,20.9,53.3,RANGE,BELOW,100.98,101.24,ALCISTA,ESPERAR
2026-05-16 19:58:23,101.02,20.9,53.3,BULL,BELOW,100.98,101.24,ALCISTA,ESPERAR
2026-05-16 19:58:40,101.02,20.9,53.3,RANGE,BELOW,100.98,101.24,ALCISTA,ESPERAR
2026-05-16 19:59:24,101.02,20.9,53.3,BULL,BELOW,100.98,101.24,ALCISTA,ESPERAR
2026-05-16 19:59:41,101.02,20.9,53.3,RANGE,BELOW,100.98,101.24,ALCISTA,ESPERAR
2026-05-16 20:00:25,101.02,20.9,53.3,BULL,BELOW,100.98,101.24,ALCISTA,ESPERAR
2026-05-16 20:00:41,101.02,20.9,53.3,RANGE,BELOW,100.98,101.24,ALCISTA,ESPERAR
2026-05-16 20:01:27,101.02,20.9,53.3,BULL,BELOW,100.98,101.24,ALCISTA,ESPERAR
2026-05-16 20:01:43,101.02,20.9,53.3,RANGE,BELOW,100.98,101.24,ALCISTA,ESPERAR
2026-05-16 20:02:28,101.02,20.9,53.3,BULL,BELOW,100.98,101.24,ALCISTA,ESPERAR
2026-05-16 20:02:44,101.02,20.9,53.3,RANGE,BELOW,100.98,101.24,ALCISTA,ESPERAR
2026-05-16 20:03:29,101.02,20.9,53.3,BULL,BELOW,100.98,101.24,ALCISTA,ESPERAR
2026-05-16 20:03:45,101.02,20.9,53.3,RANGE,BELOW,100.98,101.24,ALCISTA,ESPERAR
2026-05-16 20:04:30,101.02,20.9,53.3,BULL,BELOW,100.98,101.24,ALCISTA,ESPERAR
2026-05-16 20:04:46,101.02,20.9,53.3,RANGE,BELOW,100.98,101.24,ALCISTA,ESPERAR
2026-05-16 20:05:32,101.02,20.9,53.3,BULL,BELOW,100.98,101.24,ALCISTA,ESPERAR
2026-05-16 20:05:47,101.02,20.9,53.3,RANGE,BELOW,100.98,101.24,ALCISTA,ESPERAR
2026-05-16 20:06:34,101.02,20.9,53.3,BULL,BELOW,100.98,101.24,ALCISTA,ESPERAR
2026-05-16 20:06:48,101.02,20.9,53.3,RANGE,BELOW,100.98,101.24,ALCISTA,ESPERAR
2026-05-16 20:07:35,101.02,20.9,53.3,BULL,BELOW,100.98,101.24,ALCISTA,ESPERAR
2026-05-16 20:07:48,101.02,20.9,53.3,RANGE,BELOW,100.98,101.24,ALCISTA,ESPERAR
2026-05-16 20:08:36,101.02,20.9,53.3,BULL,BELOW,100.98,101.24,ALCISTA,ESPERAR
2026-05-16 20:08:50,101.02,20.9,53.3,RANGE,BELOW,100.98,101.24,ALCISTA,ESPERAR
2026-05-16 20:09:38,101.02,20.9,53.3,BULL,BELOW,100.98,101.24,ALCISTA,ESPERAR
2026-05-16 20:09:51,101.02,20.9,53.3,RANGE,BELOW,100.98,101.24,ALCISTA,ESPERAR
2026-05-16 20:10:40,101.02,20.9,53.3,BULL,BELOW,100.98,101.24,ALCISTA,ESPERAR
2026-05-16 20:10:52,101.02,20.9,53.3,RANGE,BELOW,100.98,101.24,ALCISTA,ESPERAR
2026-05-16 20:11:43,101.02,20.9,53.3,BULL,BELOW,100.98,101.24,ALCISTA,ESPERAR
2026-05-16 20:11:53,101.02,20.9,53.3,RANGE,BELOW,100.98,101.24,ALCISTA,ESPERAR
2026-05-16 20:12:45,101.02,20.9,53.3,BULL,BELOW,100.98,101.24,ALCISTA,ESPERAR
2026-05-16 20:12:53,101.02,20.9,53.3,RANGE,BELOW,100.98,101.24,ALCISTA,ESPERAR
2026-05-16 20:13:46,101.02,20.9,53.3,BULL,BELOW,100.98,101.24,ALCISTA,ESPERAR
2026-05-16 20:13:54,101.02,20.9,53.3,RANGE,BELOW,100.98,101.24,ALCISTA,ESPERAR
2026-05-16 20:14:48,101.02,20.9,53.3,BULL,BELOW,100.98,101.24,ALCISTA,ESPERAR
2026-05-16 20:14:55,101.02,20.9,53.3,RANGE,BELOW,100.98,101.24,ALCISTA,ESPERAR
2026-05-16 20:15:49,101.02,20.9,53.3,BULL,BELOW,100.98,101.24,ALCISTA,ESPERAR
2026-05-16 20:15:56,101.02,20.9,53.3,RANGE,BELOW,100.98,101.24,ALCISTA,ESPERAR
2026-05-16 20:16:50,101.02,20.9,53.3,BULL,BELOW,100.98,101.24,ALCISTA,ESPERAR
2026-05-16 20:16:57,101.02,20.9,53.3,RANGE,BELOW,100.98,101.24,ALCISTA,ESPERAR
2026-05-16 20:17:53,101.02,20.9,53.3,BULL,BELOW,100.98,101.24,ALCISTA,ESPERAR
2026-05-16 20:17:58,101.02,20.9,53.3,RANGE,BELOW,100.98,101.24,ALCISTA,ESPERAR
2026-05-16 20:18:54,101.02,20.9,53.3,BULL,BELOW,100.98,101.24,ALCISTA,ESPERAR
2026-05-16 20:19:00,101.02,20.9,53.3,RANGE,BELOW,100.98,101.24,ALCISTA,ESPERAR
2026-05-16 20:19:54,101.02,20.9,53.3,BULL,BELOW,100.98,101.24,ALCISTA,ESPERAR
2026-05-16 20:20:01,101.02,20.9,53.3,RANGE,BELOW,100.98,101.24,ALCISTA,ESPERAR
2026-05-16 20:20:56,101.02,20.9,53.3,BULL,BELOW,100.98,101.24,ALCISTA,ESPERAR
2026-05-16 20:21:02,101.02,20.9,53.3,RANGE,BELOW,100.98,101.24,ALCISTA,ESPERAR
2026-05-16 20:21:58,101.02,20.9,53.3,BULL,BELOW,100.98,101.24,ALCISTA,ESPERAR
2026-05-16 20:22:04,101.02,20.9,53.3,RANGE,BELOW,100.98,101.24,ALCISTA,ESPERAR
2026-05-16 20:22:59,101.02,20.9,53.3,BULL,BELOW,100.98,101.24,ALCISTA,ESPERAR
2026-05-16 20:23:05,101.02,20.9,53.3,RANGE,BELOW,100.98,101.24,ALCISTA,ESPERAR
2026-05-16 20:23:59,101.02,20.9,53.3,BULL,BELOW,100.98,101.24,ALCISTA,ESPERAR
2026-05-16 20:24:06,101.02,20.9,53.3,RANGE,BELOW,100.98,101.24,ALCISTA,ESPERAR
2026-05-16 20:25:01,101.02,20.9,53.3,BULL,BELOW,100.98,101.24,ALCISTA,ESPERAR
2026-05-16 20:25:06,101.02,20.9,53.3,RANGE,BELOW,100.98,101.24,ALCISTA,ESPERAR
2026-05-16 20:26:02,101.02,20.9,53.3,BULL,BELOW,100.98,101.24,ALCISTA,ESPERAR
2026-05-16 20:26:07,101.02,20.9,53.3,RANGE,BELOW,100.98,101.24,ALCISTA,ESPERAR
2026-05-16 20:27:03,101.02,20.9,53.3,BULL,BELOW,100.98,101.24,ALCISTA,ESPERAR
2026-05-16 20:27:09,101.02,20.9,53.3,RANGE,BELOW,100.98,101.24,ALCISTA,ESPERAR
2026-05-16 20:28:05,101.02,20.9,53.3,BULL,BELOW,100.98,101.24,ALCISTA,ESPERAR
2026-05-16 20:28:09,101.02,20.9,53.3,RANGE,BELOW,100.98,101.24,ALCISTA,ESPERAR
2026-05-16 20:29:07,101.02,20.9,53.3,BULL,BELOW,100.98,101.24,ALCISTA,ESPERAR
2026-05-16 20:29:10,101.02,20.9,53.3,RANGE,BELOW,100.98,101.24,ALCISTA,ESPERAR
2026-05-16 20:30:08,101.02,20.9,53.3,BULL,BELOW,100.98,101.24,ALCISTA,ESPERAR
2026-05-16 20:30:10,101.02,20.9,53.3,RANGE,BELOW,100.98,101.24,ALCISTA,ESPERAR
2026-05-16 20:31:10,101.02,20.9,53.3,BULL,BELOW,100.98,101.24,ALCISTA,ESPERAR
2026-05-16 20:31:11,101.02,20.9,53.3,RANGE,BELOW,100.98,101.24,ALCISTA,ESPERAR
2026-05-16 20:32:12,101.02,20.9,53.3,BULL,BELOW,100.98,101.24,ALCISTA,ESPERAR
2026-05-16 20:32:13,101.02,20.9,53.3,RANGE,BELOW,100.98,101.24,ALCISTA,ESPERAR
2026-05-16 20:33:13,101.02,20.9,53.3,BULL,BELOW,100.98,101.24,ALCISTA,ESPERAR
2026-05-16 20:33:13,101.02,20.9,53.3,RANGE,BELOW,100.98,101.24,ALCISTA,ESPERAR
2026-05-16 20:34:15,101.02,20.9,53.3,RANGE,BELOW,100.98,101.24,ALCISTA,ESPERAR
2026-05-16 20:34:15,101.02,20.9,53.3,BULL,BELOW,100.98,101.24,ALCISTA,ESPERAR
2026-05-16 20:35:16,101.02,20.9,53.3,BULL,BELOW,100.98,101.24,ALCISTA,ESPERAR
2026-05-16 20:35:17,101.02,20.9,53.3,RANGE,BELOW,100.98,101.24,ALCISTA,ESPERAR
2026-05-16 20:36:17,101.02,20.9,53.3,BULL,BELOW,100.98,101.24,ALCISTA,ESPERAR
2026-05-16 20:36:18,101.02,20.9,53.3,RANGE,BELOW,100.98,101.24,ALCISTA,ESPERAR
2026-05-16 20:37:19,101.02,20.9,53.3,RANGE,BELOW,100.98,101.24,ALCISTA,ESPERAR
2026-05-16 20:37:20,101.02,20.9,53.3,BULL,BELOW,100.98,101.24,ALCISTA,ESPERAR
2026-05-16 20:38:20,101.02,20.9,53.3,RANGE,BELOW,100.98,101.24,ALCISTA,ESPERAR
2026-05-16 20:38:21,101.02,20.9,53.3,BULL,BELOW,100.98,101.24,ALCISTA,ESPERAR
2026-05-16 20:39:21,101.02,20.9,53.3,RANGE,BELOW,100.98,101.24,ALCISTA,ESPERAR
2026-05-16 20:39:23,101.02,20.9,53.3,BULL,BELOW,100.98,101.24,ALCISTA,ESPERAR
2026-05-16 20:40:22,101.02,20.9,53.3,RANGE,BELOW,100.98,101.24,ALCISTA,ESPERAR
2026-05-16 20:40:23,101.02,20.9,53.3,BULL,BELOW,100.98,101.24,ALCISTA,ESPERAR
2026-05-16 20:41:23,101.02,20.9,53.3,RANGE,BELOW,100.98,101.24,ALCISTA,ESPERAR
2026-05-16 20:41:25,101.02,20.9,53.3,BULL,BELOW,100.98,101.24,ALCISTA,ESPERAR
2026-05-16 20:42:25,101.02,20.9,53.3,RANGE,BELOW,100.98,101.24,ALCISTA,ESPERAR
2026-05-16 20:42:25,101.02,20.9,53.3,BULL,BELOW,100.98,101.24,ALCISTA,ESPERAR
2026-05-16 20:43:26,101.02,20.9,53.3,RANGE,BELOW,100.98,101.24,ALCISTA,ESPERAR
2026-05-16 20:43:26,101.02,20.9,53.3,BULL,BELOW,100.98,101.24,ALCISTA,ESPERAR
2026-05-16 20:44:27,101.02,20.9,53.3,RANGE,BELOW,100.98,101.24,ALCISTA,ESPERAR
2026-05-16 20:44:27,101.02,20.9,53.3,BULL,BELOW,100.98,101.24,ALCISTA,ESPERAR
2026-05-16 20:45:28,101.02,20.9,53.3,RANGE,BELOW,100.98,101.24,ALCISTA,ESPERAR
2026-05-16 20:45:29,101.02,20.9,53.3,BULL,BELOW,100.98,101.24,ALCISTA,ESPERAR
2026-05-16 20:46:29,101.02,20.9,53.3,RANGE,BELOW,100.98,101.24,ALCISTA,ESPERAR
2026-05-16 20:46:29,101.02,20.9,53.3,BULL,BELOW,100.98,101.24,ALCISTA,ESPERAR
2026-05-16 20:47:30,101.02,20.9,53.3,BULL,BELOW,100.98,101.24,ALCISTA,ESPERAR
2026-05-16 20:47:30,101.02,20.9,53.3,RANGE,BELOW,100.98,101.24,ALCISTA,ESPERAR
2026-05-16 20:48:32,101.02,20.9,53.3,BULL,BELOW,100.98,101.24,ALCISTA,ESPERAR
2026-05-16 20:48:32,101.02,20.9,53.3,RANGE,BELOW,100.98,101.24,ALCISTA,ESPERAR
2026-05-16 20:49:32,101.02,20.9,53.3,BULL,BELOW,100.98,101.24,ALCISTA,ESPERAR
2026-05-16 20:49:33,101.02,20.9,53.3,RANGE,BELOW,100.98,101.24,ALCISTA,ESPERAR
2026-05-16 20:50:33,101.02,20.9,53.3,RANGE,BELOW,100.98,101.24,ALCISTA,ESPERAR
2026-05-16 20:50:33,101.02,20.9,53.3,BULL,BELOW,100.98,101.24,ALCISTA,ESPERAR
2026-05-16 20:51:34,101.02,20.9,53.3,RANGE,BELOW,100.98,101.24,ALCISTA,ESPERAR
2026-05-16 20:51:34,101.02,20.9,53.3,BULL,BELOW,100.98,101.24,ALCISTA,ESPERAR
2026-05-16 20:52:35,101.02,20.9,53.3,RANGE,BELOW,100.98,101.24,ALCISTA,ESPERAR
2026-05-16 20:52:35,101.02,20.9,53.3,BULL,BELOW,100.98,101.24,ALCISTA,ESPERAR
2026-05-16 20:53:37,101.02,20.9,53.3,RANGE,BELOW,100.98,101.24,ALCISTA,ESPERAR
2026-05-16 20:53:37,101.02,20.9,53.3,BULL,BELOW,100.98,101.24,ALCISTA,ESPERAR
2026-05-16 20:54:38,101.02,20.9,53.3,BULL,BELOW,100.98,101.24,ALCISTA,ESPERAR
2026-05-16 20:54:38,101.02,20.9,53.3,RANGE,BELOW,100.98,101.24,ALCISTA,ESPERAR
2026-05-16 20:55:39,101.02,20.9,53.3,RANGE,BELOW,100.98,101.24,ALCISTA,ESPERAR
2026-05-16 20:55:39,101.02,20.9,53.3,BULL,BELOW,100.98,101.24,ALCISTA,ESPERAR
2026-05-16 20:56:40,101.02,20.9,53.3,RANGE,BELOW,100.98,101.24,ALCISTA,ESPERAR
2026-05-16 20:56:40,101.02,20.9,53.3,BULL,BELOW,100.98,101.24,ALCISTA,ESPERAR
2026-05-16 20:57:41,101.02,20.9,53.3,RANGE,BELOW,100.98,101.24,ALCISTA,ESPERAR
2026-05-16 20:57:42,101.02,20.9,53.3,BULL,BELOW,100.98,101.24,ALCISTA,ESPERAR
2026-05-16 20:58:42,101.02,20.9,53.3,RANGE,BELOW,100.98,101.24,ALCISTA,ESPERAR
2026-05-16 20:58:43,101.02,20.9,53.3,BULL,BELOW,100.98,101.24,ALCISTA,ESPERAR
2026-05-16 20:59:44,101.02,20.9,53.3,BULL,BELOW,100.98,101.24,ALCISTA,ESPERAR
2026-05-16 20:59:45,101.02,20.9,53.3,RANGE,BELOW,100.98,101.24,ALCISTA,ESPERAR
2026-05-16 21:00:45,101.02,20.9,53.3,BULL,BELOW,100.98,101.24,ALCISTA,ESPERAR
2026-05-16 21:00:45,101.02,20.9,53.3,RANGE,BELOW,100.98,101.24,ALCISTA,ESPERAR
2026-05-16 21:01:46,101.02,20.9,53.3,RANGE,BELOW,100.98,101.24,ALCISTA,ESPERAR
2026-05-16 21:01:46,101.02,20.9,53.3,BULL,BELOW,100.98,101.24,ALCISTA,ESPERAR
2026-05-16 21:02:48,101.02,20.9,53.3,RANGE,BELOW,100.98,101.24,ALCISTA,ESPERAR
2026-05-16 21:02:48,101.02,20.9,53.3,BULL,BELOW,100.98,101.24,ALCISTA,ESPERAR
2026-05-16 21:03:49,101.02,20.9,53.3,RANGE,BELOW,100.98,101.24,ALCISTA,ESPERAR
2026-05-16 21:03:49,101.02,20.9,53.3,BULL,BELOW,100.98,101.24,ALCISTA,ESPERAR
2026-05-16 21:04:50,101.02,20.9,53.3,BULL,BELOW,100.98,101.24,ALCISTA,ESPERAR
2026-05-16 21:04:50,101.02,20.9,53.3,RANGE,BELOW,100.98,101.24,ALCISTA,ESPERAR
2026-05-16 21:05:51,101.02,20.9,53.3,BULL,BELOW,100.98,101.24,ALCISTA,ESPERAR
2026-05-16 21:05:51,101.02,20.9,53.3,RANGE,BELOW,100.98,101.24,ALCISTA,ESPERAR
2026-05-16 21:06:52,101.02,20.9,53.3,RANGE,BELOW,100.98,101.24,ALCISTA,ESPERAR
2026-05-16 21:06:52,101.02,20.9,53.3,BULL,BELOW,100.98,101.24,ALCISTA,ESPERAR
2026-05-16 21:07:52,101.02,20.9,53.3,RANGE,BELOW,100.98,101.24,ALCISTA,ESPERAR
2026-05-16 21:07:53,101.02,20.9,53.3,BULL,BELOW,100.98,101.24,ALCISTA,ESPERAR
2026-05-16 21:08:53,101.02,20.9,53.3,RANGE,BELOW,100.98,101.24,ALCISTA,ESPERAR
2026-05-16 21:08:53,101.02,20.9,53.3,BULL,BELOW,100.98,101.24,ALCISTA,ESPERAR
2026-05-16 21:09:54,101.02,20.9,53.3,BULL,BELOW,100.98,101.24,ALCISTA,ESPERAR
2026-05-16 21:09:54,101.02,20.9,53.3,RANGE,BELOW,100.98,101.24,ALCISTA,ESPERAR
2026-05-16 21:10:55,101.02,20.9,53.3,BULL,BELOW,100.98,101.24,ALCISTA,ESPERAR
2026-05-16 21:10:55,101.02,20.9,53.3,RANGE,BELOW,100.98,101.24,ALCISTA,ESPERAR
2026-05-16 21:11:57,101.02,20.9,53.3,BULL,BELOW,100.98,101.24,ALCISTA,ESPERAR
2026-05-16 21:11:58,101.02,20.9,53.3,RANGE,BELOW,100.98,101.24,ALCISTA,ESPERAR
2026-05-16 21:12:58,101.02,20.9,53.3,BULL,BELOW,100.98,101.24,ALCISTA,ESPERAR
2026-05-16 21:12:58,101.02,20.9,53.3,RANGE,BELOW,100.98,101.24,ALCISTA,ESPERAR
2026-05-16 21:13:59,101.02,20.9,53.3,BULL,BELOW,100.98,101.24,ALCISTA,ESPERAR
2026-05-16 21:13:59,101.02,20.9,53.3,RANGE,BELOW,100.98,101.24,ALCISTA,ESPERAR
2026-05-16 21:15:00,101.02,20.9,53.3,RANGE,BELOW,100.98,101.24,ALCISTA,ESPERAR
2026-05-16 21:15:00,101.02,20.9,53.3,BULL,BELOW,100.98,101.24,ALCISTA,ESPERAR
2026-05-16 21:16:01,101.02,20.9,53.3,BULL,BELOW,100.98,101.24,ALCISTA,ESPERAR
2026-05-16 21:16:02,101.02,20.9,53.3,RANGE,BELOW,100.98,101.24,ALCISTA,ESPERAR
2026-05-16 21:17:03,101.02,20.9,53.3,BULL,BELOW,100.98,101.24,ALCISTA,ESPERAR
2026-05-16 21:17:03,101.02,20.9,53.3,RANGE,BELOW,100.98,101.24,ALCISTA,ESPERAR
2026-05-16 21:18:04,101.02,20.9,53.3,BULL,BELOW,100.98,101.24,ALCISTA,ESPERAR
2026-05-16 21:18:04,101.02,20.9,53.3,RANGE,BELOW,100.98,101.24,ALCISTA,ESPERAR
2026-05-16 21:19:05,101.02,20.9,53.3,BULL,BELOW,100.98,101.24,ALCISTA,ESPERAR
2026-05-16 21:19:05,101.02,20.9,53.3,RANGE,BELOW,100.98,101.24,ALCISTA,ESPERAR
2026-05-16 21:20:06,101.02,20.9,53.3,BULL,BELOW,100.98,101.24,ALCISTA,ESPERAR
2026-05-16 21:20:06,101.02,20.9,53.3,RANGE,BELOW,100.98,101.24,ALCISTA,ESPERAR
2026-05-16 21:21:07,101.02,20.9,53.3,BULL,BELOW,100.98,101.24,ALCISTA,ESPERAR
2026-05-16 21:21:07,101.02,20.9,53.3,RANGE,BELOW,100.98,101.24,ALCISTA,ESPERAR
2026-05-16 21:22:08,101.02,20.9,53.3,BULL,BELOW,100.98,101.24,ALCISTA,ESPERAR
2026-05-16 21:22:08,101.02,20.9,53.3,RANGE,BELOW,100.98,101.24,ALCISTA,ESPERAR
2026-05-16 21:23:09,101.02,20.9,53.3,RANGE,BELOW,100.98,101.24,ALCISTA,ESPERAR
2026-05-16 21:23:09,101.02,20.9,53.3,BULL,BELOW,100.98,101.24,ALCISTA,ESPERAR
2026-05-16 21:24:10,101.02,20.9,53.3,RANGE,BELOW,100.98,101.24,ALCISTA,ESPERAR
2026-05-16 21:24:10,101.02,20.9,53.3,BULL,BELOW,100.98,101.24,ALCISTA,ESPERAR
2026-05-16 21:25:12,101.02,20.9,53.3,RANGE,BELOW,100.98,101.24,ALCISTA,ESPERAR
2026-05-16 21:25:12,101.02,20.9,53.3,BULL,BELOW,100.98,101.24,ALCISTA,ESPERAR
2026-05-16 21:26:12,101.02,20.9,53.3,RANGE,BELOW,100.98,101.24,ALCISTA,ESPERAR
2026-05-16 21:26:12,101.02,20.9,53.3,BULL,BELOW,100.98,101.24,ALCISTA,ESPERAR
2026-05-16 21:27:14,101.02,20.9,53.3,BULL,BELOW,100.98,101.24,ALCISTA,ESPERAR
2026-05-16 21:27:14,101.02,20.9,53.3,RANGE,BELOW,100.98,101.24,ALCISTA,ESPERAR
2026-05-16 21:28:15,101.02,20.9,53.3,RANGE,BELOW,100.98,101.24,ALCISTA,ESPERAR
2026-05-16 21:28:15,101.02,20.9,53.3,BULL,BELOW,100.98,101.24,ALCISTA,ESPERAR
2026-05-16 21:29:16,101.02,20.9,53.3,RANGE,BELOW,100.98,101.24,ALCISTA,ESPERAR
2026-05-16 21:29:17,101.02,20.9,53.3,BULL,BELOW,100.98,101.24,ALCISTA,ESPERAR
2026-05-16 21:30:17,101.02,20.9,53.3,BULL,BELOW,100.98,101.24,ALCISTA,ESPERAR
2026-05-16 21:30:17,101.02,20.9,53.3,RANGE,BELOW,100.98,101.24,ALCISTA,ESPERAR
2026-05-16 21:31:18,101.02,20.9,53.3,RANGE,BELOW,100.98,101.24,ALCISTA,ESPERAR
2026-05-16 21:31:19,101.02,20.9,53.3,BULL,BELOW,100.98,101.24,ALCISTA,ESPERAR
2026-05-16 21:32:20,101.02,20.9,53.3,RANGE,BELOW,100.98,101.24,ALCISTA,ESPERAR
2026-05-16 21:32:20,101.02,20.9,53.3,BULL,BELOW,100.98,101.24,ALCISTA,ESPERAR
2026-05-16 21:33:21,101.02,20.9,53.3,BULL,BELOW,100.98,101.24,ALCISTA,ESPERAR
2026-05-16 21:33:21,101.02,20.9,53.3,RANGE,BELOW,100.98,101.24,ALCISTA,ESPERAR
2026-05-16 21:34:22,101.02,20.9,53.3,BULL,BELOW,100.98,101.24,ALCISTA,ESPERAR
2026-05-16 21:34:22,101.02,20.9,53.3,RANGE,BELOW,100.98,101.24,ALCISTA,ESPERAR
2026-05-16 21:35:23,101.02,20.9,53.3,BULL,BELOW,100.98,101.24,ALCISTA,ESPERAR
2026-05-16 21:35:23,101.02,20.9,53.3,RANGE,BELOW,100.98,101.24,ALCISTA,ESPERAR
2026-05-16 21:36:24,101.02,20.9,53.3,RANGE,BELOW,100.98,101.24,ALCISTA,ESPERAR
2026-05-16 21:36:24,101.02,20.9,53.3,BULL,BELOW,100.98,101.24,ALCISTA,ESPERAR
2026-05-16 21:37:25,101.02,20.9,53.3,RANGE,BELOW,100.98,101.24,ALCISTA,ESPERAR
2026-05-16 21:37:25,101.02,20.9,53.3,BULL,BELOW,100.98,101.24,ALCISTA,ESPERAR
2026-05-16 21:38:26,101.02,20.9,53.3,BULL,BELOW,100.98,101.24,ALCISTA,ESPERAR
2026-05-16 21:38:26,101.02,20.9,53.3,RANGE,BELOW,100.98,101.24,ALCISTA,ESPERAR
2026-05-16 21:39:27,101.02,20.9,53.3,RANGE,BELOW,100.98,101.24,ALCISTA,ESPERAR
2026-05-16 21:39:28,101.02,20.9,53.3,BULL,BELOW,100.98,101.24,ALCISTA,ESPERAR
2026-05-16 21:40:28,101.02,20.9,53.3,RANGE,BELOW,100.98,101.24,ALCISTA,ESPERAR
2026-05-16 21:40:29,101.02,20.9,53.3,BULL,BELOW,100.98,101.24,ALCISTA,ESPERAR
2026-05-16 21:41:30,101.02,20.9,53.3,RANGE,BELOW,100.98,101.24,ALCISTA,ESPERAR
2026-05-16 21:41:30,101.02,20.9,53.3,BULL,BELOW,100.98,101.24,ALCISTA,ESPERAR
2026-05-16 21:42:31,101.02,20.9,53.3,RANGE,BELOW,100.98,101.24,ALCISTA,ESPERAR
2026-05-16 21:42:31,101.02,20.9,53.3,BULL,BELOW,100.98,101.24,ALCISTA,ESPERAR
2026-05-16 21:43:31,101.02,20.9,53.3,RANGE,BELOW,100.98,101.24,ALCISTA,ESPERAR
2026-05-16 21:43:32,101.02,20.9,53.3,BULL,BELOW,100.98,101.24,ALCISTA,ESPERAR
2026-05-16 21:44:32,101.02,20.9,53.3,RANGE,BELOW,100.98,101.24,ALCISTA,ESPERAR
2026-05-16 21:44:33,101.02,20.9,53.3,BULL,BELOW,100.98,101.24,ALCISTA,ESPERAR
2026-05-16 21:45:35,101.02,20.9,53.3,RANGE,BELOW,100.98,101.24,ALCISTA,ESPERAR
2026-05-16 21:45:35,101.02,20.9,53.3,BULL,BELOW,100.98,101.24,ALCISTA,ESPERAR
2026-05-16 21:46:36,101.02,20.9,53.3,RANGE,BELOW,100.98,101.24,ALCISTA,ESPERAR
2026-05-16 21:46:36,101.02,20.9,53.3,BULL,BELOW,100.98,101.24,ALCISTA,ESPERAR
2026-05-16 21:47:37,101.02,20.9,53.3,RANGE,BELOW,100.98,101.24,ALCISTA,ESPERAR
2026-05-16 21:47:37,101.02,20.9,53.3,BULL,BELOW,100.98,101.24,ALCISTA,ESPERAR
2026-05-16 21:48:38,101.02,20.9,53.3,BULL,BELOW,100.98,101.24,ALCISTA,ESPERAR
2026-05-16 21:48:38,101.02,20.9,53.3,RANGE,BELOW,100.98,101.24,ALCISTA,ESPERAR
2026-05-16 21:49:39,101.02,20.9,53.3,RANGE,BELOW,100.98,101.24,ALCISTA,ESPERAR
2026-05-16 21:49:39,101.02,20.9,53.3,BULL,BELOW,100.98,101.24,ALCISTA,ESPERAR
2026-05-16 21:50:40,101.02,20.9,53.3,RANGE,BELOW,100.98,101.24,ALCISTA,ESPERAR
2026-05-16 21:50:40,101.02,20.9,53.3,BULL,BELOW,100.98,101.24,ALCISTA,ESPERAR
2026-05-16 21:51:42,101.02,20.9,53.3,RANGE,BELOW,100.98,101.24,ALCISTA,ESPERAR
2026-05-16 21:51:42,101.02,20.9,53.3,BULL,BELOW,100.98,101.24,ALCISTA,ESPERAR
2026-05-16 21:52:43,101.02,20.9,53.3,RANGE,BELOW,100.98,101.24,ALCISTA,ESPERAR
2026-05-16 21:52:43,101.02,20.9,53.3,BULL,BELOW,100.98,101.24,ALCISTA,ESPERAR
2026-05-16 21:53:44,101.02,20.9,53.3,RANGE,BELOW,100.98,101.24,ALCISTA,ESPERAR
2026-05-16 21:53:44,101.02,20.9,53.3,BULL,BELOW,100.98,101.24,ALCISTA,ESPERAR
2026-05-16 21:54:45,101.02,20.9,53.3,RANGE,BELOW,100.98,101.24,ALCISTA,ESPERAR
2026-05-16 21:54:45,101.02,20.9,53.3,BULL,BELOW,100.98,101.24,ALCISTA,ESPERAR
2026-05-16 21:55:47,101.02,20.9,53.3,RANGE,BELOW,100.98,101.24,ALCISTA,ESPERAR
2026-05-16 21:55:47,101.02,20.9,53.3,BULL,BELOW,100.98,101.24,ALCISTA,ESPERAR
2026-05-16 21:56:49,101.02,20.9,53.3,RANGE,BELOW,100.98,101.24,ALCISTA,ESPERAR
2026-05-16 21:56:49,101.02,20.9,53.3,BULL,BELOW,100.98,101.24,ALCISTA,ESPERAR
2026-05-16 21:57:50,101.02,20.9,53.3,RANGE,BELOW,100.98,101.24,ALCISTA,ESPERAR
2026-05-16 21:57:50,101.02,20.9,53.3,BULL,BELOW,100.98,101.24,ALCISTA,ESPERAR
2026-05-16 21:58:51,101.02,20.9,53.3,BULL,BELOW,100.98,101.24,ALCISTA,ESPERAR
2026-05-16 21:58:51,101.02,20.9,53.3,RANGE,BELOW,100.98,101.24,ALCISTA,ESPERAR
2026-05-16 21:59:52,101.02,20.9,53.3,RANGE,BELOW,100.98,101.24,ALCISTA,ESPERAR
2026-05-16 21:59:52,101.02,20.9,53.3,BULL,BELOW,100.98,101.24,ALCISTA,ESPERAR
2026-05-16 22:00:53,101.02,20.9,53.3,RANGE,BELOW,100.98,101.24,ALCISTA,ESPERAR
2026-05-16 22:00:53,101.02,20.9,53.3,BULL,BELOW,100.98,101.24,ALCISTA,ESPERAR
2026-05-16 22:01:55,101.02,20.9,53.3,BULL,BELOW,100.98,101.24,ALCISTA,ESPERAR
2026-05-16 22:01:55,101.02,20.9,53.3,RANGE,BELOW,100.98,101.24,ALCISTA,ESPERAR
2026-05-16 22:02:56,101.02,20.9,53.3,BULL,BELOW,100.98,101.24,ALCISTA,ESPERAR
2026-05-16 22:02:56,101.02,20.9,53.3,RANGE,BELOW,100.98,101.24,ALCISTA,ESPERAR
2026-05-16 22:03:57,101.02,20.9,53.3,BULL,BELOW,100.98,101.24,ALCISTA,ESPERAR
2026-05-16 22:03:57,101.02,20.9,53.3,RANGE,BELOW,100.98,101.24,ALCISTA,ESPERAR
2026-05-16 22:04:58,101.02,20.9,53.3,RANGE,BELOW,100.98,101.24,ALCISTA,ESPERAR
2026-05-16 22:04:58,101.02,20.9,53.3,BULL,BELOW,100.98,101.24,ALCISTA,ESPERAR
2026-05-16 22:05:59,101.02,20.9,53.3,RANGE,BELOW,100.98,101.24,ALCISTA,ESPERAR
2026-05-16 22:05:59,101.02,20.9,53.3,BULL,BELOW,100.98,101.24,ALCISTA,ESPERAR
2026-05-16 22:07:01,101.02,20.9,53.3,BULL,BELOW,100.98,101.24,ALCISTA,ESPERAR
2026-05-16 22:07:01,101.02,20.9,53.3,RANGE,BELOW,100.98,101.24,ALCISTA,ESPERAR
2026-05-16 22:08:02,101.02,20.9,53.3,BULL,BELOW,100.98,101.24,ALCISTA,ESPERAR
2026-05-16 22:08:02,101.02,20.9,53.3,RANGE,BELOW,100.98,101.24,ALCISTA,ESPERAR
2026-05-16 22:09:03,101.02,20.9,53.3,RANGE,BELOW,100.98,101.24,ALCISTA,ESPERAR
2026-05-16 22:09:03,101.02,20.9,53.3,BULL,BELOW,100.98,101.24,ALCISTA,ESPERAR
2026-05-16 22:10:04,101.02,20.9,53.3,RANGE,BELOW,100.98,101.24,ALCISTA,ESPERAR
2026-05-16 22:10:06,101.02,20.9,53.3,BULL,BELOW,100.98,101.24,ALCISTA,ESPERAR
2026-05-16 22:11:06,101.02,20.9,53.3,RANGE,BELOW,100.98,101.24,ALCISTA,ESPERAR
2026-05-16 22:11:07,101.02,20.9,53.3,BULL,BELOW,100.98,101.24,ALCISTA,ESPERAR
2026-05-16 22:12:07,101.02,20.9,53.3,RANGE,BELOW,100.98,101.24,ALCISTA,ESPERAR
2026-05-16 22:12:07,101.02,20.9,53.3,BULL,BELOW,100.98,101.24,ALCISTA,ESPERAR
2026-05-16 22:13:08,101.02,20.9,53.3,BULL,BELOW,100.98,101.24,ALCISTA,ESPERAR
2026-05-16 22:13:08,101.02,20.9,53.3,RANGE,BELOW,100.98,101.24,ALCISTA,ESPERAR
2026-05-16 22:14:09,101.02,20.9,53.3,BULL,BELOW,100.98,101.24,ALCISTA,ESPERAR
2026-05-16 22:14:09,101.02,20.9,53.3,RANGE,BELOW,100.98,101.24,ALCISTA,ESPERAR
2026-05-16 22:15:10,101.02,20.9,53.3,RANGE,BELOW,100.98,101.24,ALCISTA,ESPERAR
2026-05-16 22:15:10,101.02,20.9,53.3,BULL,BELOW,100.98,101.24,ALCISTA,ESPERAR
2026-05-16 22:16:11,101.02,20.9,53.3,RANGE,BELOW,100.98,101.24,ALCISTA,ESPERAR
2026-05-16 22:16:11,101.02,20.9,53.3,BULL,BELOW,100.98,101.24,ALCISTA,ESPERAR
2026-05-16 22:17:12,101.02,20.9,53.3,BULL,BELOW,100.98,101.24,ALCISTA,ESPERAR
2026-05-16 22:17:13,101.02,20.9,53.3,RANGE,BELOW,100.98,101.24,ALCISTA,ESPERAR
2026-05-16 22:18:14,101.02,20.9,53.3,BULL,BELOW,100.98,101.24,ALCISTA,ESPERAR
2026-05-16 22:18:14,101.02,20.9,53.3,RANGE,BELOW,100.98,101.24,ALCISTA,ESPERAR
2026-05-16 22:19:15,101.02,20.9,53.3,BULL,BELOW,100.98,101.24,ALCISTA,ESPERAR
2026-05-16 22:19:15,101.02,20.9,53.3,RANGE,BELOW,100.98,101.24,ALCISTA,ESPERAR
2026-05-16 22:20:16,101.02,20.9,53.3,BULL,BELOW,100.98,101.24,ALCISTA,ESPERAR
2026-05-16 22:20:16,101.02,20.9,53.3,RANGE,BELOW,100.98,101.24,ALCISTA,ESPERAR
2026-05-16 22:21:17,101.02,20.9,53.3,BULL,BELOW,100.98,101.24,ALCISTA,ESPERAR
2026-05-16 22:21:17,101.02,20.9,53.3,RANGE,BELOW,100.98,101.24,ALCISTA,ESPERAR
2026-05-16 22:22:18,101.02,20.9,53.3,RANGE,BELOW,100.98,101.24,ALCISTA,ESPERAR
2026-05-16 22:22:19,101.02,20.9,53.3,BULL,BELOW,100.98,101.24,ALCISTA,ESPERAR
2026-05-16 22:23:20,101.02,20.9,53.3,RANGE,BELOW,100.98,101.24,ALCISTA,ESPERAR
2026-05-16 22:23:20,101.02,20.9,53.3,BULL,BELOW,100.98,101.24,ALCISTA,ESPERAR
2026-05-16 22:24:21,101.02,20.9,53.3,RANGE,BELOW,100.98,101.24,ALCISTA,ESPERAR
2026-05-16 22:24:21,101.02,20.9,53.3,BULL,BELOW,100.98,101.24,ALCISTA,ESPERAR
2026-05-16 22:25:22,101.02,20.9,53.3,BULL,BELOW,100.98,101.24,ALCISTA,ESPERAR
2026-05-16 22:25:22,101.02,20.9,53.3,RANGE,BELOW,100.98,101.24,ALCISTA,ESPERAR
2026-05-16 22:26:23,101.02,20.9,53.3,BULL,BELOW,100.98,101.24,ALCISTA,ESPERAR
2026-05-16 22:26:23,101.02,20.9,53.3,RANGE,BELOW,100.98,101.24,ALCISTA,ESPERAR
2026-05-16 22:27:24,101.02,20.9,53.3,BULL,BELOW,100.98,101.24,ALCISTA,ESPERAR
2026-05-16 22:27:24,101.02,20.9,53.3,RANGE,BELOW,100.98,101.24,ALCISTA,ESPERAR
2026-05-16 22:28:26,101.02,20.9,53.3,RANGE,BELOW,100.98,101.24,ALCISTA,ESPERAR
2026-05-16 22:28:26,101.02,20.9,53.3,BULL,BELOW,100.98,101.24,ALCISTA,ESPERAR
2026-05-16 22:29:27,101.02,20.9,53.3,BULL,BELOW,100.98,101.24,ALCISTA,ESPERAR
2026-05-16 22:29:27,101.02,20.9,53.3,RANGE,BELOW,100.98,101.24,ALCISTA,ESPERAR
2026-05-16 22:30:29,101.02,20.9,53.3,BULL,BELOW,100.98,101.24,ALCISTA,ESPERAR
2026-05-16 22:30:29,101.02,20.9,53.3,RANGE,BELOW,100.98,101.24,ALCISTA,ESPERAR
2026-05-16 22:31:30,101.02,20.9,53.3,RANGE,BELOW,100.98,101.24,ALCISTA,ESPERAR
2026-05-16 22:31:30,101.02,20.9,53.3,BULL,BELOW,100.98,101.24,ALCISTA,ESPERAR
2026-05-16 22:32:31,101.02,20.9,53.3,RANGE,BELOW,100.98,101.24,ALCISTA,ESPERAR
2026-05-16 22:32:32,101.02,20.9,53.3,BULL,BELOW,100.98,101.24,ALCISTA,ESPERAR
2026-05-16 22:33:34,101.02,20.9,53.3,RANGE,BELOW,100.98,101.24,ALCISTA,ESPERAR
2026-05-16 22:33:34,101.02,20.9,53.3,BULL,BELOW,100.98,101.24,ALCISTA,ESPERAR
2026-05-16 22:34:34,101.02,20.9,53.3,BULL,BELOW,100.98,101.24,ALCISTA,ESPERAR
2026-05-16 22:34:34,101.02,20.9,53.3,RANGE,BELOW,100.98,101.24,ALCISTA,ESPERAR
2026-05-16 22:35:35,101.02,20.9,53.3,RANGE,BELOW,100.98,101.24,ALCISTA,ESPERAR
2026-05-16 22:35:35,101.02,20.9,53.3,BULL,BELOW,100.98,101.24,ALCISTA,ESPERAR
2026-05-16 22:36:36,101.02,20.9,53.3,BULL,BELOW,100.98,101.24,ALCISTA,ESPERAR
2026-05-16 22:36:37,101.02,20.9,53.3,RANGE,BELOW,100.98,101.24,ALCISTA,ESPERAR
2026-05-16 22:37:38,101.02,20.9,53.3,BULL,BELOW,100.98,101.24,ALCISTA,ESPERAR
2026-05-16 22:37:38,101.02,20.9,53.3,RANGE,BELOW,100.98,101.24,ALCISTA,ESPERAR
2026-05-16 22:38:39,101.02,20.9,53.3,BULL,BELOW,100.98,101.24,ALCISTA,ESPERAR
2026-05-16 22:38:39,101.02,20.9,53.3,RANGE,BELOW,100.98,101.24,ALCISTA,ESPERAR
2026-05-16 22:39:40,101.02,20.9,53.3,BULL,BELOW,100.98,101.24,ALCISTA,ESPERAR
2026-05-16 22:39:40,101.02,20.9,53.3,RANGE,BELOW,100.98,101.24,ALCISTA,ESPERAR
2026-05-16 22:40:41,101.02,20.9,53.3,BULL,BELOW,100.98,101.24,ALCISTA,ESPERAR
2026-05-16 22:40:41,101.02,20.9,53.3,RANGE,BELOW,100.98,101.24,ALCISTA,ESPERAR
2026-05-16 22:41:41,101.02,20.9,53.3,BULL,BELOW,100.98,101.24,ALCISTA,ESPERAR
2026-05-16 22:41:42,101.02,20.9,53.3,RANGE,BELOW,100.98,101.24,ALCISTA,ESPERAR
2026-05-16 22:42:42,101.02,20.9,53.3,BULL,BELOW,100.98,101.24,ALCISTA,ESPERAR
2026-05-16 22:42:43,101.02,20.9,53.3,RANGE,BELOW,100.98,101.24,ALCISTA,ESPERAR
2026-05-16 22:43:44,101.02,20.9,53.3,BULL,BELOW,100.98,101.24,ALCISTA,ESPERAR
2026-05-16 22:43:45,101.02,20.9,53.3,RANGE,BELOW,100.98,101.24,ALCISTA,ESPERAR
2026-05-16 22:44:46,101.02,20.9,53.3,BULL,BELOW,100.98,101.24,ALCISTA,ESPERAR
2026-05-16 22:44:46,101.02,20.9,53.3,RANGE,BELOW,100.98,101.24,ALCISTA,ESPERAR
2026-05-16 22:45:47,101.02,20.9,53.3,BULL,BELOW,100.98,101.24,ALCISTA,ESPERAR
2026-05-16 22:45:47,101.02,20.9,53.3,RANGE,BELOW,100.98,101.24,ALCISTA,ESPERAR
2026-05-16 22:46:48,101.02,20.9,53.3,BULL,BELOW,100.98,101.24,ALCISTA,ESPERAR
2026-05-16 22:46:48,101.02,20.9,53.3,RANGE,BELOW,100.98,101.24,ALCISTA,ESPERAR
2026-05-16 22:47:48,101.02,20.9,53.3,BULL,BELOW,100.98,101.24,ALCISTA,ESPERAR
2026-05-16 22:47:49,101.02,20.9,53.3,RANGE,BELOW,100.98,101.24,ALCISTA,ESPERAR
2026-05-16 22:48:51,101.02,20.9,53.3,BULL,BELOW,100.98,101.24,ALCISTA,ESPERAR
2026-05-16 22:48:51,101.02,20.9,53.3,RANGE,BELOW,100.98,101.24,ALCISTA,ESPERAR
2026-05-16 22:49:52,101.02,20.9,53.3,RANGE,BELOW,100.98,101.24,ALCISTA,ESPERAR
2026-05-16 22:49:52,101.02,20.9,53.3,BULL,BELOW,100.98,101.24,ALCISTA,ESPERAR
2026-05-16 22:50:53,101.02,20.9,53.3,BULL,BELOW,100.98,101.24,ALCISTA,ESPERAR
2026-05-16 22:50:53,101.02,20.9,53.3,RANGE,BELOW,100.98,101.24,ALCISTA,ESPERAR
2026-05-16 22:51:54,101.02,20.9,53.3,RANGE,BELOW,100.98,101.24,ALCISTA,ESPERAR
2026-05-16 22:51:54,101.02,20.9,53.3,BULL,BELOW,100.98,101.24,ALCISTA,ESPERAR
2026-05-16 22:52:55,101.02,20.9,53.3,BULL,BELOW,100.98,101.24,ALCISTA,ESPERAR
2026-05-16 22:52:55,101.02,20.9,53.3,RANGE,BELOW,100.98,101.24,ALCISTA,ESPERAR
2026-05-16 22:53:56,101.02,20.9,53.3,BULL,BELOW,100.98,101.24,ALCISTA,ESPERAR
2026-05-16 22:53:57,101.02,20.9,53.3,RANGE,BELOW,100.98,101.24,ALCISTA,ESPERAR
2026-05-16 22:54:58,101.02,20.9,53.3,BULL,BELOW,100.98,101.24,ALCISTA,ESPERAR
2026-05-16 22:54:58,101.02,20.9,53.3,RANGE,BELOW,100.98,101.24,ALCISTA,ESPERAR
2026-05-16 22:55:59,101.02,20.9,53.3,BULL,BELOW,100.98,101.24,ALCISTA,ESPERAR
2026-05-16 22:55:59,101.02,20.9,53.3,RANGE,BELOW,100.98,101.24,ALCISTA,ESPERAR
2026-05-16 22:57:00,101.02,20.9,53.3,RANGE,BELOW,100.98,101.24,ALCISTA,ESPERAR
2026-05-16 22:57:00,101.02,20.9,53.3,BULL,BELOW,100.98,101.24,ALCISTA,ESPERAR
2026-05-16 22:58:01,101.02,20.9,53.3,RANGE,BELOW,100.98,101.24,ALCISTA,ESPERAR
2026-05-16 22:58:01,101.02,20.9,53.3,BULL,BELOW,100.98,101.24,ALCISTA,ESPERAR
2026-05-16 22:59:03,101.02,20.9,53.3,RANGE,BELOW,100.98,101.24,ALCISTA,ESPERAR
2026-05-16 22:59:03,101.02,20.9,53.3,BULL,BELOW,100.98,101.24,ALCISTA,ESPERAR
2026-05-16 23:00:04,101.02,20.9,53.3,RANGE,BELOW,100.98,101.24,ALCISTA,ESPERAR
2026-05-16 23:00:04,101.02,20.9,53.3,BULL,BELOW,100.98,101.24,ALCISTA,ESPERAR
2026-05-16 23:01:05,101.02,20.9,53.3,RANGE,BELOW,100.98,101.24,ALCISTA,ESPERAR
2026-05-16 23:01:05,101.02,20.9,53.3,BULL,BELOW,100.98,101.24,ALCISTA,ESPERAR
2026-05-16 23:02:06,101.02,20.9,53.3,RANGE,BELOW,100.98,101.24,ALCISTA,ESPERAR
2026-05-16 23:02:06,101.02,20.9,53.3,BULL,BELOW,100.98,101.24,ALCISTA,ESPERAR
2026-05-16 23:03:07,101.02,20.9,53.3,BULL,BELOW,100.98,101.24,ALCISTA,ESPERAR
2026-05-16 23:03:07,101.02,20.9,53.3,RANGE,BELOW,100.98,101.24,ALCISTA,ESPERAR
2026-05-16 23:04:08,101.02,20.9,53.3,BULL,BELOW,100.98,101.24,ALCISTA,ESPERAR
2026-05-16 23:04:09,101.02,20.9,53.3,RANGE,BELOW,100.98,101.24,ALCISTA,ESPERAR
2026-05-16 23:05:10,101.02,20.9,53.3,BULL,BELOW,100.98,101.24,ALCISTA,ESPERAR
2026-05-16 23:05:10,101.02,20.9,53.3,RANGE,BELOW,100.98,101.24,ALCISTA,ESPERAR
2026-05-16 23:06:10,101.02,20.9,53.3,BULL,BELOW,100.98,101.24,ALCISTA,ESPERAR
2026-05-16 23:06:11,101.02,20.9,53.3,RANGE,BELOW,100.98,101.24,ALCISTA,ESPERAR
2026-05-16 23:07:11,101.02,20.9,53.3,BULL,BELOW,100.98,101.24,ALCISTA,ESPERAR
2026-05-16 23:07:11,101.02,20.9,53.3,RANGE,BELOW,100.98,101.24,ALCISTA,ESPERAR
2026-05-16 23:08:13,101.02,20.9,53.3,RANGE,BELOW,100.98,101.24,ALCISTA,ESPERAR
2026-05-16 23:08:13,101.02,20.9,53.3,BULL,BELOW,100.98,101.24,ALCISTA,ESPERAR
2026-05-16 23:09:14,101.02,20.9,53.3,RANGE,BELOW,100.98,101.24,ALCISTA,ESPERAR
2026-05-16 23:09:14,101.02,20.9,53.3,BULL,BELOW,100.98,101.24,ALCISTA,ESPERAR
2026-05-16 23:10:15,101.02,20.9,53.3,RANGE,BELOW,100.98,101.24,ALCISTA,ESPERAR
2026-05-16 23:10:15,101.02,20.9,53.3,BULL,BELOW,100.98,101.24,ALCISTA,ESPERAR
2026-05-16 23:11:16,101.02,20.9,53.3,RANGE,BELOW,100.98,101.24,ALCISTA,ESPERAR
2026-05-16 23:11:16,101.02,20.9,53.3,BULL,BELOW,100.98,101.24,ALCISTA,ESPERAR
2026-05-16 23:12:17,101.02,20.9,53.3,RANGE,BELOW,100.98,101.24,ALCISTA,ESPERAR
2026-05-16 23:12:17,101.02,20.9,53.3,BULL,BELOW,100.98,101.24,ALCISTA,ESPERAR
2026-05-16 23:13:18,101.02,20.9,53.3,BULL,BELOW,100.98,101.24,ALCISTA,ESPERAR
2026-05-16 23:13:18,101.02,20.9,53.3,RANGE,BELOW,100.98,101.24,ALCISTA,ESPERAR
2026-05-16 23:14:19,101.02,20.9,53.3,RANGE,BELOW,100.98,101.24,ALCISTA,ESPERAR
2026-05-16 23:14:19,101.02,20.9,53.3,BULL,BELOW,100.98,101.24,ALCISTA,ESPERAR
2026-05-16 23:15:20,101.02,20.9,53.3,RANGE,BELOW,100.98,101.24,ALCISTA,ESPERAR
2026-05-16 23:15:20,101.02,20.9,53.3,BULL,BELOW,100.98,101.24,ALCISTA,ESPERAR
2026-05-16 23:16:22,101.02,20.9,53.3,BULL,BELOW,100.98,101.24,ALCISTA,ESPERAR
2026-05-16 23:16:23,101.02,20.9,53.3,RANGE,BELOW,100.98,101.24,ALCISTA,ESPERAR
2026-05-16 23:17:23,101.02,20.9,53.3,BULL,BELOW,100.98,101.24,ALCISTA,ESPERAR
2026-05-16 23:17:23,101.02,20.9,53.3,RANGE,BELOW,100.98,101.24,ALCISTA,ESPERAR
2026-05-16 23:18:24,101.02,20.9,53.3,BULL,BELOW,100.98,101.24,ALCISTA,ESPERAR
2026-05-16 23:18:24,101.02,20.9,53.3,RANGE,BELOW,100.98,101.24,ALCISTA,ESPERAR
2026-05-16 23:19:25,101.02,20.9,53.3,RANGE,BELOW,100.98,101.24,ALCISTA,ESPERAR
2026-05-16 23:19:25,101.02,20.9,53.3,BULL,BELOW,100.98,101.24,ALCISTA,ESPERAR
2026-05-16 23:20:26,101.02,20.9,53.3,BULL,BELOW,100.98,101.24,ALCISTA,ESPERAR
2026-05-16 23:20:26,101.02,20.9,53.3,RANGE,BELOW,100.98,101.24,ALCISTA,ESPERAR
2026-05-16 23:21:27,101.02,20.9,53.3,BULL,BELOW,100.98,101.24,ALCISTA,ESPERAR
2026-05-16 23:21:27,101.02,20.9,53.3,RANGE,BELOW,100.98,101.24,ALCISTA,ESPERAR
2026-05-16 23:22:29,101.02,20.9,53.3,BULL,BELOW,100.98,101.24,ALCISTA,ESPERAR
2026-05-16 23:22:29,101.02,20.9,53.3,RANGE,BELOW,100.98,101.24,ALCISTA,ESPERAR
2026-05-16 23:23:30,101.02,20.9,53.3,BULL,BELOW,100.98,101.24,ALCISTA,ESPERAR
2026-05-16 23:23:30,101.02,20.9,53.3,RANGE,BELOW,100.98,101.24,ALCISTA,ESPERAR
2026-05-16 23:24:31,101.02,20.9,53.3,RANGE,BELOW,100.98,101.24,ALCISTA,ESPERAR
2026-05-16 23:24:31,101.02,20.9,53.3,BULL,BELOW,100.98,101.24,ALCISTA,ESPERAR
2026-05-16 23:25:32,101.02,20.9,53.3,RANGE,BELOW,100.98,101.24,ALCISTA,ESPERAR
2026-05-16 23:25:32,101.02,20.9,53.3,BULL,BELOW,100.98,101.24,ALCISTA,ESPERAR
2026-05-16 23:26:32,101.02,20.9,53.3,RANGE,BELOW,100.98,101.24,ALCISTA,ESPERAR
2026-05-16 23:26:32,101.02,20.9,53.3,BULL,BELOW,100.98,101.24,ALCISTA,ESPERAR
2026-05-16 23:27:33,101.02,20.9,53.3,BULL,BELOW,100.98,101.24,ALCISTA,ESPERAR
2026-05-16 23:27:34,101.02,20.9,53.3,RANGE,BELOW,100.98,101.24,ALCISTA,ESPERAR
2026-05-16 23:28:35,101.02,20.9,53.3,RANGE,BELOW,100.98,101.24,ALCISTA,ESPERAR
2026-05-16 23:28:35,101.02,20.9,53.3,BULL,BELOW,100.98,101.24,ALCISTA,ESPERAR
2026-05-16 23:29:36,101.02,20.9,53.3,RANGE,BELOW,100.98,101.24,ALCISTA,ESPERAR
2026-05-16 23:29:36,101.02,20.9,53.3,BULL,BELOW,100.98,101.24,ALCISTA,ESPERAR
2026-05-16 23:30:37,101.02,20.9,53.3,RANGE,BELOW,100.98,101.24,ALCISTA,ESPERAR
2026-05-16 23:30:37,101.02,20.9,53.3,BULL,BELOW,100.98,101.24,ALCISTA,ESPERAR
2026-05-16 23:31:38,101.02,20.9,53.3,RANGE,BELOW,100.98,101.24,ALCISTA,ESPERAR
2026-05-16 23:31:38,101.02,20.9,53.3,BULL,BELOW,100.98,101.24,ALCISTA,ESPERAR
2026-05-16 23:32:39,101.02,20.9,53.3,RANGE,BELOW,100.98,101.24,ALCISTA,ESPERAR
2026-05-16 23:32:39,101.02,20.9,53.3,BULL,BELOW,100.98,101.24,ALCISTA,ESPERAR
2026-05-16 23:33:40,101.02,20.9,53.3,BULL,BELOW,100.98,101.24,ALCISTA,ESPERAR
2026-05-16 23:33:40,101.02,20.9,53.3,RANGE,BELOW,100.98,101.24,ALCISTA,ESPERAR
2026-05-16 23:34:42,101.02,20.9,53.3,BULL,BELOW,100.98,101.24,ALCISTA,ESPERAR
2026-05-16 23:34:42,101.02,20.9,53.3,RANGE,BELOW,100.98,101.24,ALCISTA,ESPERAR
2026-05-16 23:35:43,101.02,20.9,53.3,BULL,BELOW,100.98,101.24,ALCISTA,ESPERAR
2026-05-16 23:35:43,101.02,20.9,53.3,RANGE,BELOW,100.98,101.24,ALCISTA,ESPERAR
2026-05-16 23:36:44,101.02,20.9,53.3,BULL,BELOW,100.98,101.24,ALCISTA,ESPERAR
2026-05-16 23:36:44,101.02,20.9,53.3,RANGE,BELOW,100.98,101.24,ALCISTA,ESPERAR
2026-05-16 23:37:45,101.02,20.9,53.3,RANGE,BELOW,100.98,101.24,ALCISTA,ESPERAR
2026-05-16 23:37:45,101.02,20.9,53.3,BULL,BELOW,100.98,101.24,ALCISTA,ESPERAR
2026-05-16 23:38:46,101.02,20.9,53.3,BULL,BELOW,100.98,101.24,ALCISTA,ESPERAR
2026-05-16 23:38:46,101.02,20.9,53.3,RANGE,BELOW,100.98,101.24,ALCISTA,ESPERAR
2026-05-16 23:39:48,101.02,20.9,53.3,BULL,BELOW,100.98,101.24,ALCISTA,ESPERAR
2026-05-16 23:39:48,101.02,20.9,53.3,RANGE,BELOW,100.98,101.24,ALCISTA,ESPERAR
2026-05-16 23:40:49,101.02,20.9,53.3,BULL,BELOW,100.98,101.24,ALCISTA,ESPERAR
2026-05-16 23:40:49,101.02,20.9,53.3,RANGE,BELOW,100.98,101.24,ALCISTA,ESPERAR
2026-05-16 23:41:50,101.02,20.9,53.3,BULL,BELOW,100.98,101.24,ALCISTA,ESPERAR
2026-05-16 23:41:50,101.02,20.9,53.3,RANGE,BELOW,100.98,101.24,ALCISTA,ESPERAR
2026-05-16 23:42:51,101.02,20.9,53.3,BULL,BELOW,100.98,101.24,ALCISTA,ESPERAR
2026-05-16 23:42:51,101.02,20.9,53.3,RANGE,BELOW,100.98,101.24,ALCISTA,ESPERAR
2026-05-16 23:43:52,101.02,20.9,53.3,BULL,BELOW,100.98,101.24,ALCISTA,ESPERAR
2026-05-16 23:43:52,101.02,20.9,53.3,RANGE,BELOW,100.98,101.24,ALCISTA,ESPERAR
2026-05-16 23:44:52,101.02,20.9,53.3,BULL,BELOW,100.98,101.24,ALCISTA,ESPERAR
2026-05-16 23:44:53,101.02,20.9,53.3,RANGE,BELOW,100.98,101.24,ALCISTA,ESPERAR
2026-05-16 23:45:55,101.02,20.9,53.3,BULL,BELOW,100.98,101.24,ALCISTA,ESPERAR
2026-05-16 23:46:15,101.02,20.9,53.3,RANGE,BELOW,100.98,101.24,ALCISTA,ESPERAR
2026-05-16 23:46:56,101.02,20.9,53.3,BULL,BELOW,100.98,101.24,ALCISTA,ESPERAR
2026-05-16 23:47:16,101.02,20.9,53.3,RANGE,BELOW,100.98,101.24,ALCISTA,ESPERAR
2026-05-16 23:47:57,101.02,20.9,53.3,BULL,BELOW,100.98,101.24,ALCISTA,ESPERAR
2026-05-16 23:48:17,101.02,20.9,53.3,RANGE,BELOW,100.98,101.24,ALCISTA,ESPERAR
2026-05-16 23:48:59,101.02,20.9,53.3,BULL,BELOW,100.98,101.24,ALCISTA,ESPERAR
2026-05-16 23:49:18,101.02,20.9,53.3,RANGE,BELOW,100.98,101.24,ALCISTA,ESPERAR
2026-05-16 23:50:01,101.02,20.9,53.3,BULL,BELOW,100.98,101.24,ALCISTA,ESPERAR
2026-05-16 23:50:19,101.02,20.9,53.3,RANGE,BELOW,100.98,101.24,ALCISTA,ESPERAR
2026-05-16 23:51:02,101.02,20.9,53.3,BULL,BELOW,100.98,101.24,ALCISTA,ESPERAR
2026-05-16 23:51:21,101.02,20.9,53.3,RANGE,BELOW,100.98,101.24,ALCISTA,ESPERAR
2026-05-16 23:52:03,101.02,20.9,53.3,BULL,BELOW,100.98,101.24,ALCISTA,ESPERAR
2026-05-16 23:52:22,101.02,20.9,53.3,RANGE,BELOW,100.98,101.24,ALCISTA,ESPERAR
2026-05-16 23:53:14,101.02,20.9,53.3,BULL,BELOW,100.98,101.24,ALCISTA,ESPERAR
2026-05-16 23:53:23,101.02,20.9,53.3,RANGE,BELOW,100.98,101.24,ALCISTA,ESPERAR
2026-05-16 23:54:14,101.02,20.9,53.3,BULL,BELOW,100.98,101.24,ALCISTA,ESPERAR
2026-05-16 23:54:23,101.02,20.9,53.3,RANGE,BELOW,100.98,101.24,ALCISTA,ESPERAR
2026-05-16 23:55:16,101.02,20.9,53.3,BULL,BELOW,100.98,101.24,ALCISTA,ESPERAR
2026-05-16 23:55:24,101.02,20.9,53.3,RANGE,BELOW,100.98,101.24,ALCISTA,ESPERAR
2026-05-16 23:56:18,101.02,20.9,53.3,BULL,BELOW,100.98,101.24,ALCISTA,ESPERAR
2026-05-16 23:56:25,101.02,20.9,53.3,RANGE,BELOW,100.98,101.24,ALCISTA,ESPERAR
2026-05-16 23:57:19,101.02,20.9,53.3,BULL,BELOW,100.98,101.24,ALCISTA,ESPERAR
2026-05-16 23:57:25,101.02,20.9,53.3,RANGE,BELOW,100.98,101.24,ALCISTA,ESPERAR
2026-05-16 23:58:20,101.02,20.9,53.3,BULL,BELOW,100.98,101.24,ALCISTA,ESPERAR
2026-05-16 23:58:27,101.02,20.9,53.3,RANGE,BELOW,100.98,101.24,ALCISTA,ESPERAR
2026-05-16 23:59:21,101.02,20.9,53.3,BULL,BELOW,100.98,101.24,ALCISTA,ESPERAR
2026-05-16 23:59:28,101.02,20.9,53.3,RANGE,BELOW,100.98,101.24,ALCISTA,ESPERAR
2026-05-17 00:00:22,101.02,20.9,53.3,BULL,BELOW,100.98,101.24,ALCISTA,ESPERAR
2026-05-17 00:00:29,101.02,20.9,53.3,RANGE,BELOW,100.98,101.24,ALCISTA,ESPERAR
2026-05-17 00:01:24,101.02,20.9,53.3,BULL,BELOW,100.98,101.24,ALCISTA,ESPERAR
2026-05-17 00:01:29,101.02,20.9,53.3,RANGE,BELOW,100.98,101.24,ALCISTA,ESPERAR
2026-05-17 00:02:25,101.02,20.9,53.3,BULL,BELOW,100.98,101.24,ALCISTA,ESPERAR
2026-05-17 00:02:38,101.02,20.9,53.3,RANGE,BELOW,100.98,101.24,ALCISTA,ESPERAR
2026-05-17 00:03:26,101.02,20.9,53.3,BULL,BELOW,100.98,101.24,ALCISTA,ESPERAR
2026-05-17 00:03:39,101.02,20.9,53.3,RANGE,BELOW,100.98,101.24,ALCISTA,ESPERAR
2026-05-17 00:04:26,101.02,20.9,53.3,BULL,BELOW,100.98,101.24,ALCISTA,ESPERAR
2026-05-17 00:04:40,101.02,20.9,53.3,RANGE,BELOW,100.98,101.24,ALCISTA,ESPERAR
2026-05-17 00:05:28,101.02,20.9,53.3,BULL,BELOW,100.98,101.24,ALCISTA,ESPERAR
2026-05-17 00:05:41,101.02,20.9,53.3,RANGE,BELOW,100.98,101.24,ALCISTA,ESPERAR
2026-05-17 00:06:29,101.02,20.9,53.3,BULL,BELOW,100.98,101.24,ALCISTA,ESPERAR
2026-05-17 00:06:42,101.02,20.9,53.3,RANGE,BELOW,100.98,101.24,ALCISTA,ESPERAR
2026-05-17 00:07:30,101.02,20.9,53.3,BULL,BELOW,100.98,101.24,ALCISTA,ESPERAR
2026-05-17 00:07:43,101.02,20.9,53.3,RANGE,BELOW,100.98,101.24,ALCISTA,ESPERAR
2026-05-17 00:08:31,101.02,20.9,53.3,BULL,BELOW,100.98,101.24,ALCISTA,ESPERAR
2026-05-17 00:08:43,101.02,20.9,53.3,RANGE,BELOW,100.98,101.24,ALCISTA,ESPERAR
2026-05-17 00:09:32,101.02,20.9,53.3,BULL,BELOW,100.98,101.24,ALCISTA,ESPERAR
2026-05-17 00:09:45,101.02,20.9,53.3,RANGE,BELOW,100.98,101.24,ALCISTA,ESPERAR
2026-05-17 00:10:33,101.02,20.9,53.3,BULL,BELOW,100.98,101.24,ALCISTA,ESPERAR
2026-05-17 00:10:46,101.02,20.9,53.3,RANGE,BELOW,100.98,101.24,ALCISTA,ESPERAR
2026-05-17 00:11:34,101.02,20.9,53.3,BULL,BELOW,100.98,101.24,ALCISTA,ESPERAR
2026-05-17 00:11:47,101.02,20.9,53.3,RANGE,BELOW,100.98,101.24,ALCISTA,ESPERAR
2026-05-17 00:12:35,101.02,20.9,53.3,BULL,BELOW,100.98,101.24,ALCISTA,ESPERAR
2026-05-17 00:12:48,101.02,20.9,53.3,RANGE,BELOW,100.98,101.24,ALCISTA,ESPERAR
2026-05-17 00:13:36,101.02,20.9,53.3,BULL,BELOW,100.98,101.24,ALCISTA,ESPERAR
2026-05-17 00:13:49,101.02,20.9,53.3,RANGE,BELOW,100.98,101.24,ALCISTA,ESPERAR
2026-05-17 00:14:38,101.02,20.9,53.3,BULL,BELOW,100.98,101.24,ALCISTA,ESPERAR
2026-05-17 00:14:50,101.02,20.9,53.3,RANGE,BELOW,100.98,101.24,ALCISTA,ESPERAR
2026-05-17 00:15:38,101.02,20.9,53.3,BULL,BELOW,100.98,101.24,ALCISTA,ESPERAR
2026-05-17 00:15:51,101.02,20.9,53.3,RANGE,BELOW,100.98,101.24,ALCISTA,ESPERAR
2026-05-17 00:16:39,101.02,20.9,53.3,BULL,BELOW,100.98,101.24,ALCISTA,ESPERAR
2026-05-17 00:16:52,101.02,20.9,53.3,RANGE,BELOW,100.98,101.24,ALCISTA,ESPERAR
2026-05-17 00:17:40,101.02,20.9,53.3,BULL,BELOW,100.98,101.24,ALCISTA,ESPERAR
2026-05-17 00:17:53,101.02,20.9,53.3,RANGE,BELOW,100.98,101.24,ALCISTA,ESPERAR
2026-05-17 00:18:42,101.02,20.9,53.3,BULL,BELOW,100.98,101.24,ALCISTA,ESPERAR
2026-05-17 00:18:54,101.02,20.9,53.3,RANGE,BELOW,100.98,101.24,ALCISTA,ESPERAR
2026-05-17 00:19:43,101.02,20.9,53.3,BULL,BELOW,100.98,101.24,ALCISTA,ESPERAR
2026-05-17 00:19:55,101.02,20.9,53.3,RANGE,BELOW,100.98,101.24,ALCISTA,ESPERAR
2026-05-17 00:20:43,101.02,20.9,53.3,BULL,BELOW,100.98,101.24,ALCISTA,ESPERAR
2026-05-17 00:20:56,101.02,20.9,53.3,RANGE,BELOW,100.98,101.24,ALCISTA,ESPERAR
2026-05-17 00:21:44,101.02,20.9,53.3,BULL,BELOW,100.98,101.24,ALCISTA,ESPERAR
2026-05-17 00:21:57,101.02,20.9,53.3,RANGE,BELOW,100.98,101.24,ALCISTA,ESPERAR
2026-05-17 00:22:45,101.02,20.9,53.3,BULL,BELOW,100.98,101.24,ALCISTA,ESPERAR
2026-05-17 00:22:58,101.02,20.9,53.3,RANGE,BELOW,100.98,101.24,ALCISTA,ESPERAR
2026-05-17 00:23:46,101.02,20.9,53.3,BULL,BELOW,100.98,101.24,ALCISTA,ESPERAR
2026-05-17 00:23:59,101.02,20.9,53.3,RANGE,BELOW,100.98,101.24,ALCISTA,ESPERAR
2026-05-17 00:24:47,101.02,20.9,53.3,BULL,BELOW,100.98,101.24,ALCISTA,ESPERAR
2026-05-17 00:25:00,101.02,20.9,53.3,RANGE,BELOW,100.98,101.24,ALCISTA,ESPERAR
2026-05-17 00:25:49,101.02,20.9,53.3,BULL,BELOW,100.98,101.24,ALCISTA,ESPERAR
2026-05-17 00:26:01,101.02,20.9,53.3,RANGE,BELOW,100.98,101.24,ALCISTA,ESPERAR
2026-05-17 00:26:50,101.02,20.9,53.3,BULL,BELOW,100.98,101.24,ALCISTA,ESPERAR
2026-05-17 00:27:02,101.02,20.9,53.3,RANGE,BELOW,100.98,101.24,ALCISTA,ESPERAR
2026-05-17 00:27:51,101.02,20.9,53.3,BULL,BELOW,100.98,101.24,ALCISTA,ESPERAR
2026-05-17 00:28:03,101.02,20.9,53.3,RANGE,BELOW,100.98,101.24,ALCISTA,ESPERAR
2026-05-17 00:28:52,101.02,20.9,53.3,BULL,BELOW,100.98,101.24,ALCISTA,ESPERAR
2026-05-17 00:29:06,101.02,20.9,53.3,RANGE,BELOW,100.98,101.24,ALCISTA,ESPERAR
2026-05-17 00:29:53,101.02,20.9,53.3,BULL,BELOW,100.98,101.24,ALCISTA,ESPERAR
2026-05-17 00:30:06,101.02,20.9,53.3,RANGE,BELOW,100.98,101.24,ALCISTA,ESPERAR
2026-05-17 00:31:07,101.02,20.9,53.3,RANGE,BELOW,100.98,101.24,ALCISTA,ESPERAR
2026-05-17 00:31:15,101.02,20.9,53.3,BULL,BELOW,100.98,101.24,ALCISTA,ESPERAR
2026-05-17 00:32:08,101.02,20.9,53.3,RANGE,BELOW,100.98,101.24,ALCISTA,ESPERAR
2026-05-17 00:32:16,101.02,20.9,53.3,BULL,BELOW,100.98,101.24,ALCISTA,ESPERAR
2026-05-17 00:33:10,101.02,20.9,53.3,RANGE,BELOW,100.98,101.24,ALCISTA,ESPERAR
2026-05-17 00:33:17,101.02,20.9,53.3,BULL,BELOW,100.98,101.24,ALCISTA,ESPERAR
2026-05-17 00:34:14,101.02,20.9,53.3,RANGE,BELOW,100.98,101.24,ALCISTA,ESPERAR
2026-05-17 00:34:18,101.02,20.9,53.3,BULL,BELOW,100.98,101.24,ALCISTA,ESPERAR
2026-05-17 00:35:15,101.02,20.9,53.3,RANGE,BELOW,100.98,101.24,ALCISTA,ESPERAR
2026-05-17 00:35:18,101.02,20.9,53.3,BULL,BELOW,100.98,101.24,ALCISTA,ESPERAR
2026-05-17 00:36:16,101.02,20.9,53.3,RANGE,BELOW,100.98,101.24,ALCISTA,ESPERAR
2026-05-17 00:36:19,101.02,20.9,53.3,BULL,BELOW,100.98,101.24,ALCISTA,ESPERAR
2026-05-17 00:37:17,101.02,20.9,53.3,RANGE,BELOW,100.98,101.24,ALCISTA,ESPERAR
2026-05-17 00:37:20,101.02,20.9,53.3,BULL,BELOW,100.98,101.24,ALCISTA,ESPERAR
2026-05-17 00:38:18,101.02,20.9,53.3,RANGE,BELOW,100.98,101.24,ALCISTA,ESPERAR
2026-05-17 00:38:22,101.02,20.9,53.3,BULL,BELOW,100.98,101.24,ALCISTA,ESPERAR
2026-05-17 00:39:19,101.02,20.9,53.3,RANGE,BELOW,100.98,101.24,ALCISTA,ESPERAR
2026-05-17 00:39:22,101.02,20.9,53.3,BULL,BELOW,100.98,101.24,ALCISTA,ESPERAR
2026-05-17 00:40:19,101.02,20.9,53.3,RANGE,BELOW,100.98,101.24,ALCISTA,ESPERAR
2026-05-17 00:40:23,101.02,20.9,53.3,BULL,BELOW,100.98,101.24,ALCISTA,ESPERAR
2026-05-17 00:41:21,101.02,20.9,53.3,RANGE,BELOW,100.98,101.24,ALCISTA,ESPERAR
2026-05-17 00:41:24,101.02,20.9,53.3,BULL,BELOW,100.98,101.24,ALCISTA,ESPERAR
2026-05-17 00:42:21,101.02,20.9,53.3,RANGE,BELOW,100.98,101.24,ALCISTA,ESPERAR
2026-05-17 00:42:25,101.02,20.9,53.3,BULL,BELOW,100.98,101.24,ALCISTA,ESPERAR
2026-05-17 00:43:23,101.02,20.9,53.3,RANGE,BELOW,100.98,101.24,ALCISTA,ESPERAR
2026-05-17 00:43:25,101.02,20.9,53.3,BULL,BELOW,100.98,101.24,ALCISTA,ESPERAR
2026-05-17 00:44:24,101.02,20.9,53.3,RANGE,BELOW,100.98,101.24,ALCISTA,ESPERAR
2026-05-17 00:44:26,101.02,20.9,53.3,BULL,BELOW,100.98,101.24,ALCISTA,ESPERAR
2026-05-17 00:45:25,101.02,20.9,53.3,RANGE,BELOW,100.98,101.24,ALCISTA,ESPERAR
2026-05-17 00:45:27,101.02,20.9,53.3,BULL,BELOW,100.98,101.24,ALCISTA,ESPERAR
2026-05-17 00:46:26,101.02,20.9,53.3,RANGE,BELOW,100.98,101.24,ALCISTA,ESPERAR
2026-05-17 00:46:27,101.02,20.9,53.3,BULL,BELOW,100.98,101.24,ALCISTA,ESPERAR
2026-05-17 00:47:27,101.02,20.9,53.3,RANGE,BELOW,100.98,101.24,ALCISTA,ESPERAR
2026-05-17 00:47:28,101.02,20.9,53.3,BULL,BELOW,100.98,101.24,ALCISTA,ESPERAR
2026-05-17 00:48:28,101.02,20.9,53.3,RANGE,BELOW,100.98,101.24,ALCISTA,ESPERAR
2026-05-17 00:48:30,101.02,20.9,53.3,BULL,BELOW,100.98,101.24,ALCISTA,ESPERAR
2026-05-17 00:49:29,101.02,20.9,53.3,RANGE,BELOW,100.98,101.24,ALCISTA,ESPERAR
2026-05-17 00:49:31,101.02,20.9,53.3,BULL,BELOW,100.98,101.24,ALCISTA,ESPERAR
2026-05-17 00:50:30,101.02,20.9,53.3,RANGE,BELOW,100.98,101.24,ALCISTA,ESPERAR
2026-05-17 00:50:32,101.02,20.9,53.3,BULL,BELOW,100.98,101.24,ALCISTA,ESPERAR
2026-05-17 00:51:31,101.02,20.9,53.3,RANGE,BELOW,100.98,101.24,ALCISTA,ESPERAR
2026-05-17 00:51:33,101.02,20.9,53.3,BULL,BELOW,100.98,101.24,ALCISTA,ESPERAR
2026-05-17 00:52:32,101.02,20.9,53.3,RANGE,BELOW,100.98,101.24,ALCISTA,ESPERAR
2026-05-17 00:52:33,101.02,20.9,53.3,BULL,BELOW,100.98,101.24,ALCISTA,ESPERAR
2026-05-17 00:53:33,101.02,20.9,53.3,RANGE,BELOW,100.98,101.24,NEUTRAL,ESPERAR
2026-05-17 00:53:35,101.02,20.9,53.3,BULL,BELOW,100.98,101.24,NEUTRAL,ESPERAR
2026-05-17 00:54:34,101.02,20.9,53.3,RANGE,BELOW,100.98,101.24,NEUTRAL,ESPERAR
2026-05-17 00:54:36,101.02,20.9,53.3,BULL,BELOW,100.98,101.24,NEUTRAL,ESPERAR
2026-05-17 00:55:36,101.02,20.9,53.3,RANGE,BELOW,100.98,101.24,NEUTRAL,ESPERAR
2026-05-17 00:55:37,101.02,20.9,53.3,BULL,BELOW,100.98,101.24,NEUTRAL,ESPERAR
2026-05-17 00:56:37,101.02,20.9,53.3,RANGE,BELOW,100.98,101.24,NEUTRAL,ESPERAR
2026-05-17 00:56:38,101.02,20.9,53.3,BULL,BELOW,100.98,101.24,NEUTRAL,ESPERAR
2026-05-17 00:57:38,101.02,20.9,53.3,RANGE,BELOW,100.98,101.24,NEUTRAL,ESPERAR
2026-05-17 00:57:38,101.02,20.9,53.3,BULL,BELOW,100.98,101.24,NEUTRAL,ESPERAR
2026-05-17 00:58:39,101.02,20.9,53.3,RANGE,BELOW,100.98,101.24,NEUTRAL,ESPERAR
2026-05-17 00:58:39,101.02,20.9,53.3,BULL,BELOW,100.98,101.24,NEUTRAL,ESPERAR
2026-05-17 00:59:40,101.02,20.9,53.3,BULL,BELOW,100.98,101.24,NEUTRAL,ESPERAR
2026-05-17 00:59:40,101.02,20.9,53.3,RANGE,BELOW,100.98,101.24,NEUTRAL,ESPERAR
2026-05-17 01:00:41,101.02,20.9,53.3,RANGE,BELOW,100.98,101.24,NEUTRAL,ESPERAR
2026-05-17 01:00:41,101.02,20.9,53.3,BULL,BELOW,100.98,101.24,NEUTRAL,ESPERAR
2026-05-17 01:01:42,101.02,20.9,53.3,BULL,BELOW,100.98,101.24,NEUTRAL,ESPERAR
2026-05-17 01:01:42,101.02,20.9,53.3,RANGE,BELOW,100.98,101.24,NEUTRAL,ESPERAR
2026-05-17 01:02:43,101.02,20.9,53.3,RANGE,BELOW,100.98,101.24,NEUTRAL,ESPERAR
2026-05-17 01:02:43,101.02,20.9,53.3,BULL,BELOW,100.98,101.24,NEUTRAL,ESPERAR
2026-05-17 01:03:44,101.02,20.9,53.3,RANGE,BELOW,100.98,101.24,NEUTRAL,ESPERAR
2026-05-17 01:03:44,101.02,20.9,53.3,BULL,BELOW,100.98,101.24,NEUTRAL,ESPERAR
2026-05-17 01:04:45,101.02,20.9,53.3,RANGE,BELOW,100.98,101.24,NEUTRAL,ESPERAR
2026-05-17 01:04:45,101.02,20.9,53.3,BULL,BELOW,100.98,101.24,NEUTRAL,ESPERAR
2026-05-17 01:05:46,101.02,20.9,53.3,RANGE,BELOW,100.98,101.24,NEUTRAL,ESPERAR
2026-05-17 01:05:46,101.02,20.9,53.3,BULL,BELOW,100.98,101.24,NEUTRAL,ESPERAR
2026-05-17 01:06:47,101.02,20.9,53.3,RANGE,BELOW,100.98,101.24,NEUTRAL,ESPERAR
2026-05-17 01:06:47,101.02,20.9,53.3,BULL,BELOW,100.98,101.24,NEUTRAL,ESPERAR
2026-05-17 01:07:48,101.02,20.9,53.3,RANGE,BELOW,100.98,101.24,NEUTRAL,ESPERAR
2026-05-17 01:07:48,101.02,20.9,53.3,BULL,BELOW,100.98,101.24,NEUTRAL,ESPERAR
2026-05-17 01:08:49,101.02,20.9,53.3,RANGE,BELOW,100.98,101.24,NEUTRAL,ESPERAR
2026-05-17 01:08:50,101.02,20.9,53.3,BULL,BELOW,100.98,101.24,NEUTRAL,ESPERAR
2026-05-17 01:09:50,101.02,20.9,53.3,RANGE,BELOW,100.98,101.24,NEUTRAL,ESPERAR
2026-05-17 01:09:51,101.02,20.9,53.3,BULL,BELOW,100.98,101.24,NEUTRAL,ESPERAR
2026-05-17 01:10:51,101.02,20.9,53.3,RANGE,BELOW,100.98,101.24,NEUTRAL,ESPERAR
2026-05-17 01:10:52,101.02,20.9,53.3,BULL,BELOW,100.98,101.24,NEUTRAL,ESPERAR
2026-05-17 01:11:52,101.02,20.9,53.3,BULL,BELOW,100.98,101.24,NEUTRAL,ESPERAR
2026-05-17 01:11:52,101.02,20.9,53.3,RANGE,BELOW,100.98,101.24,NEUTRAL,ESPERAR
2026-05-17 01:12:53,101.02,20.9,53.3,BULL,BELOW,100.98,101.24,NEUTRAL,ESPERAR
2026-05-17 01:12:53,101.02,20.9,53.3,RANGE,BELOW,100.98,101.24,NEUTRAL,ESPERAR
2026-05-17 01:13:54,101.02,20.9,53.3,BULL,BELOW,100.98,101.24,NEUTRAL,ESPERAR
2026-05-17 01:13:54,101.02,20.9,53.3,RANGE,BELOW,100.98,101.24,NEUTRAL,ESPERAR
2026-05-17 01:14:56,101.02,20.9,53.3,RANGE,BELOW,100.98,101.24,NEUTRAL,ESPERAR
2026-05-17 01:14:56,101.02,20.9,53.3,BULL,BELOW,100.98,101.24,NEUTRAL,ESPERAR
2026-05-17 01:15:57,101.02,20.9,53.3,RANGE,BELOW,100.98,101.24,NEUTRAL,ESPERAR
2026-05-17 01:15:57,101.02,20.9,53.3,BULL,BELOW,100.98,101.24,NEUTRAL,ESPERAR
2026-05-17 01:16:59,101.02,20.9,53.3,RANGE,BELOW,100.98,101.24,NEUTRAL,ESPERAR
2026-05-17 01:16:59,101.02,20.9,53.3,BULL,BELOW,100.98,101.24,NEUTRAL,ESPERAR
2026-05-17 01:18:00,101.02,20.9,53.3,BULL,BELOW,100.98,101.24,NEUTRAL,ESPERAR
2026-05-17 01:18:00,101.02,20.9,53.3,RANGE,BELOW,100.98,101.24,NEUTRAL,ESPERAR
2026-05-17 01:19:02,101.02,20.9,53.3,RANGE,BELOW,100.98,101.24,NEUTRAL,ESPERAR
2026-05-17 01:19:22,101.02,20.9,53.3,BULL,BELOW,100.98,101.24,NEUTRAL,ESPERAR
2026-05-17 01:20:03,101.02,20.9,53.3,RANGE,BELOW,100.98,101.24,NEUTRAL,ESPERAR
2026-05-17 01:20:23,101.02,20.9,53.3,BULL,BELOW,100.98,101.24,NEUTRAL,ESPERAR
2026-05-17 01:21:03,101.02,20.9,53.3,RANGE,BELOW,100.98,101.24,NEUTRAL,ESPERAR
2026-05-17 01:21:24,101.02,20.9,53.3,BULL,BELOW,100.98,101.24,NEUTRAL,ESPERAR
2026-05-17 01:22:04,101.02,20.9,53.3,RANGE,BELOW,100.98,101.24,NEUTRAL,ESPERAR
2026-05-17 01:22:25,101.02,20.9,53.3,BULL,BELOW,100.98,101.24,NEUTRAL,ESPERAR
2026-05-17 01:23:06,101.02,20.9,53.3,RANGE,BELOW,100.98,101.24,NEUTRAL,ESPERAR
2026-05-17 01:23:26,101.02,20.9,53.3,BULL,BELOW,100.98,101.24,NEUTRAL,ESPERAR
2026-05-17 01:24:06,101.02,20.9,53.3,RANGE,BELOW,100.98,101.24,NEUTRAL,ESPERAR
2026-05-17 01:24:27,101.02,20.9,53.3,BULL,BELOW,100.98,101.24,NEUTRAL,ESPERAR
2026-05-17 01:25:08,101.02,20.9,53.3,RANGE,BELOW,100.98,101.24,NEUTRAL,ESPERAR
2026-05-17 01:25:28,101.02,20.9,53.3,BULL,BELOW,100.98,101.24,NEUTRAL,ESPERAR
2026-05-17 01:26:09,101.02,20.9,53.3,RANGE,BELOW,100.98,101.24,NEUTRAL,ESPERAR
2026-05-17 01:26:29,101.02,20.9,53.3,BULL,BELOW,100.98,101.24,NEUTRAL,ESPERAR
2026-05-17 01:27:10,101.02,20.9,53.3,RANGE,BELOW,100.98,101.24,NEUTRAL,ESPERAR
2026-05-17 01:27:30,101.02,20.9,53.3,BULL,BELOW,100.98,101.24,NEUTRAL,ESPERAR
2026-05-17 01:28:11,101.02,20.9,53.3,RANGE,BELOW,100.98,101.24,NEUTRAL,ESPERAR
2026-05-17 01:28:31,101.02,20.9,53.3,BULL,BELOW,100.98,101.24,NEUTRAL,ESPERAR
2026-05-17 01:29:12,101.02,20.9,53.3,RANGE,BELOW,100.98,101.24,NEUTRAL,ESPERAR
2026-05-17 01:29:32,101.02,20.9,53.3,BULL,BELOW,100.98,101.24,NEUTRAL,ESPERAR
2026-05-17 01:30:13,101.02,20.9,53.3,RANGE,BELOW,100.98,101.24,NEUTRAL,ESPERAR
2026-05-17 01:30:33,101.02,20.9,53.3,BULL,BELOW,100.98,101.24,NEUTRAL,ESPERAR
2026-05-17 01:31:14,101.02,20.9,53.3,RANGE,BELOW,100.98,101.24,NEUTRAL,ESPERAR
2026-05-17 01:31:35,101.02,20.9,53.3,BULL,BELOW,100.98,101.24,NEUTRAL,ESPERAR
2026-05-17 01:32:15,101.02,20.9,53.3,RANGE,BELOW,100.98,101.24,NEUTRAL,ESPERAR
2026-05-17 01:32:36,101.02,20.9,53.3,BULL,BELOW,100.98,101.24,NEUTRAL,ESPERAR
2026-05-17 01:33:16,101.02,20.9,53.3,RANGE,BELOW,100.98,101.24,NEUTRAL,ESPERAR
2026-05-17 01:33:37,101.02,20.9,53.3,BULL,BELOW,100.98,101.24,NEUTRAL,ESPERAR
2026-05-17 01:34:17,101.02,20.9,53.3,RANGE,BELOW,100.98,101.24,NEUTRAL,ESPERAR
2026-05-17 01:34:38,101.02,20.9,53.3,BULL,BELOW,100.98,101.24,NEUTRAL,ESPERAR
2026-05-17 01:35:18,101.02,20.9,53.3,RANGE,BELOW,100.98,101.24,NEUTRAL,ESPERAR
2026-05-17 01:35:39,101.02,20.9,53.3,BULL,BELOW,100.98,101.24,NEUTRAL,ESPERAR
2026-05-17 01:36:19,101.02,20.9,53.3,RANGE,BELOW,100.98,101.24,NEUTRAL,ESPERAR
2026-05-17 01:36:40,101.02,20.9,53.3,BULL,BELOW,100.98,101.24,NEUTRAL,ESPERAR
2026-05-17 01:37:20,101.02,20.9,53.3,RANGE,BELOW,100.98,101.24,NEUTRAL,ESPERAR
2026-05-17 01:37:42,101.02,20.9,53.3,BULL,BELOW,100.98,101.24,NEUTRAL,ESPERAR
2026-05-17 01:38:21,101.02,20.9,53.3,RANGE,BELOW,100.98,101.24,NEUTRAL,ESPERAR
2026-05-17 01:38:43,101.02,20.9,53.3,BULL,BELOW,100.98,101.24,NEUTRAL,ESPERAR
2026-05-17 01:39:22,101.02,20.9,53.3,RANGE,BELOW,100.98,101.24,NEUTRAL,ESPERAR
2026-05-17 01:39:44,101.02,20.9,53.3,BULL,BELOW,100.98,101.24,NEUTRAL,ESPERAR
2026-05-17 01:40:23,101.02,20.9,53.3,RANGE,BELOW,100.98,101.24,NEUTRAL,ESPERAR
2026-05-17 01:40:45,101.02,20.9,53.3,BULL,BELOW,100.98,101.24,NEUTRAL,ESPERAR
2026-05-17 01:41:24,101.02,20.9,53.3,RANGE,BELOW,100.98,101.24,NEUTRAL,ESPERAR
2026-05-17 01:41:46,101.02,20.9,53.3,BULL,BELOW,100.98,101.24,NEUTRAL,ESPERAR
2026-05-17 01:42:25,101.02,20.9,53.3,RANGE,BELOW,100.98,101.24,NEUTRAL,ESPERAR
2026-05-17 01:42:47,101.02,20.9,53.3,BULL,BELOW,100.98,101.24,NEUTRAL,ESPERAR
2026-05-17 01:43:26,101.02,20.9,53.3,RANGE,BELOW,100.98,101.24,NEUTRAL,ESPERAR
2026-05-17 01:43:48,101.02,20.9,53.3,BULL,BELOW,100.98,101.24,NEUTRAL,ESPERAR
2026-05-17 01:44:27,101.02,20.9,53.3,RANGE,BELOW,100.98,101.24,NEUTRAL,ESPERAR
2026-05-17 01:44:49,101.02,20.9,53.3,BULL,BELOW,100.98,101.24,NEUTRAL,ESPERAR
2026-05-17 01:45:28,101.02,20.9,53.3,RANGE,BELOW,100.98,101.24,NEUTRAL,ESPERAR
2026-05-17 01:45:50,101.02,20.9,53.3,BULL,BELOW,100.98,101.24,NEUTRAL,ESPERAR
2026-05-17 01:46:29,101.02,20.9,53.3,RANGE,BELOW,100.98,101.24,NEUTRAL,ESPERAR
2026-05-17 01:46:51,101.02,20.9,53.3,BULL,BELOW,100.98,101.24,NEUTRAL,ESPERAR
2026-05-17 01:47:30,101.02,20.9,53.3,RANGE,BELOW,100.98,101.24,NEUTRAL,ESPERAR
2026-05-17 01:47:52,101.02,20.9,53.3,BULL,BELOW,100.98,101.24,NEUTRAL,ESPERAR
2026-05-17 01:48:31,101.02,20.9,53.3,RANGE,BELOW,100.98,101.24,NEUTRAL,ESPERAR
2026-05-17 01:48:53,101.02,20.9,53.3,BULL,BELOW,100.98,101.24,NEUTRAL,ESPERAR
2026-05-17 01:49:32,101.02,20.9,53.3,RANGE,BELOW,100.98,101.24,NEUTRAL,ESPERAR
2026-05-17 01:49:54,101.02,20.9,53.3,BULL,BELOW,100.98,101.24,NEUTRAL,ESPERAR
2026-05-17 01:50:33,101.02,20.9,53.3,RANGE,BELOW,100.98,101.24,NEUTRAL,ESPERAR
2026-05-17 01:50:55,101.02,20.9,53.3,BULL,BELOW,100.98,101.24,NEUTRAL,ESPERAR
2026-05-17 01:51:34,101.02,20.9,53.3,RANGE,BELOW,100.98,101.24,NEUTRAL,ESPERAR
2026-05-17 01:51:56,101.02,20.9,53.3,BULL,BELOW,100.98,101.24,NEUTRAL,ESPERAR
2026-05-17 01:52:35,101.02,20.9,53.3,RANGE,BELOW,100.98,101.24,NEUTRAL,ESPERAR
2026-05-17 01:52:57,101.02,20.9,53.3,BULL,BELOW,100.98,101.24,NEUTRAL,ESPERAR
2026-05-17 01:53:35,101.02,20.9,53.3,RANGE,BELOW,100.98,101.24,NEUTRAL,ESPERAR
2026-05-17 01:53:58,101.02,20.9,53.3,BULL,BELOW,100.98,101.24,NEUTRAL,ESPERAR
2026-05-17 01:54:36,101.02,20.9,53.3,RANGE,BELOW,100.98,101.24,NEUTRAL,ESPERAR
2026-05-17 01:54:59,101.02,20.9,53.3,BULL,BELOW,100.98,101.24,NEUTRAL,ESPERAR
2026-05-17 01:55:37,101.02,20.9,53.3,RANGE,BELOW,100.98,101.24,NEUTRAL,ESPERAR
2026-05-17 01:56:00,101.02,20.9,53.3,BULL,BELOW,100.98,101.24,NEUTRAL,ESPERAR
2026-05-17 01:56:38,101.02,20.9,53.3,RANGE,BELOW,100.98,101.24,NEUTRAL,ESPERAR
2026-05-17 01:57:01,101.02,20.9,53.3,BULL,BELOW,100.98,101.24,NEUTRAL,ESPERAR
2026-05-17 01:57:40,101.02,20.9,53.3,RANGE,BELOW,100.98,101.24,NEUTRAL,ESPERAR
2026-05-17 01:58:02,101.02,20.9,53.3,BULL,BELOW,100.98,101.24,NEUTRAL,ESPERAR
2026-05-17 01:58:41,101.02,20.9,53.3,RANGE,BELOW,100.98,101.24,NEUTRAL,ESPERAR
2026-05-17 01:59:03,101.02,20.9,53.3,BULL,BELOW,100.98,101.24,NEUTRAL,ESPERAR
2026-05-17 01:59:42,101.02,20.9,53.3,RANGE,BELOW,100.98,101.24,NEUTRAL,ESPERAR
2026-05-17 02:00:04,101.02,20.9,53.3,BULL,BELOW,100.98,101.24,NEUTRAL,ESPERAR
2026-05-17 02:00:43,101.02,20.9,53.3,RANGE,BELOW,100.98,101.24,NEUTRAL,ESPERAR
2026-05-17 02:01:05,101.02,20.9,53.3,BULL,BELOW,100.98,101.24,NEUTRAL,ESPERAR
2026-05-17 02:01:44,101.02,20.9,53.3,RANGE,BELOW,100.98,101.24,NEUTRAL,ESPERAR
2026-05-17 02:02:06,101.02,20.9,53.3,BULL,BELOW,100.98,101.24,NEUTRAL,ESPERAR
2026-05-17 02:02:45,101.02,20.9,53.3,RANGE,BELOW,100.98,101.24,NEUTRAL,ESPERAR
2026-05-17 02:03:07,101.02,20.9,53.3,BULL,BELOW,100.98,101.24,NEUTRAL,ESPERAR
2026-05-17 02:03:46,101.02,20.9,53.3,RANGE,BELOW,100.98,101.24,NEUTRAL,ESPERAR
2026-05-17 02:04:08,101.02,20.9,53.3,BULL,BELOW,100.98,101.24,NEUTRAL,ESPERAR
2026-05-17 02:04:47,101.02,20.9,53.3,RANGE,BELOW,100.98,101.24,NEUTRAL,ESPERAR
2026-05-17 02:05:09,101.02,20.9,53.3,BULL,BELOW,100.98,101.24,NEUTRAL,ESPERAR
2026-05-17 02:05:49,101.02,20.9,53.3,RANGE,BELOW,100.98,101.24,NEUTRAL,ESPERAR
2026-05-17 02:06:10,101.02,20.9,53.3,BULL,BELOW,100.98,101.24,NEUTRAL,ESPERAR
2026-05-17 02:06:50,101.02,20.9,53.3,RANGE,BELOW,100.98,101.24,NEUTRAL,ESPERAR
2026-05-17 02:07:11,101.02,20.9,53.3,BULL,BELOW,100.98,101.24,NEUTRAL,ESPERAR
2026-05-17 02:07:51,101.02,20.9,53.3,RANGE,BELOW,100.98,101.24,NEUTRAL,ESPERAR
2026-05-17 02:08:12,101.02,20.9,53.3,BULL,BELOW,100.98,101.24,NEUTRAL,ESPERAR
2026-05-17 02:08:52,101.02,20.9,53.3,RANGE,BELOW,100.98,101.24,NEUTRAL,ESPERAR
2026-05-17 02:09:12,101.02,20.9,53.3,BULL,BELOW,100.98,101.24,NEUTRAL,ESPERAR
2026-05-17 02:09:53,101.02,20.9,53.3,RANGE,BELOW,100.98,101.24,NEUTRAL,ESPERAR
2026-05-17 02:10:13,101.02,20.9,53.3,BULL,BELOW,100.98,101.24,NEUTRAL,ESPERAR
2026-05-17 02:10:54,101.02,20.9,53.3,RANGE,BELOW,100.98,101.24,NEUTRAL,ESPERAR
2026-05-17 02:11:15,101.02,20.9,53.3,BULL,BELOW,100.98,101.24,NEUTRAL,ESPERAR
2026-05-17 02:11:55,101.02,20.9,53.3,RANGE,BELOW,100.98,101.24,NEUTRAL,ESPERAR
2026-05-17 02:12:16,101.02,20.9,53.3,BULL,BELOW,100.98,101.24,NEUTRAL,ESPERAR
2026-05-17 02:12:56,101.02,20.9,53.3,RANGE,BELOW,100.98,101.24,NEUTRAL,ESPERAR
2026-05-17 02:13:17,101.02,20.9,53.3,BULL,BELOW,100.98,101.24,NEUTRAL,ESPERAR
2026-05-17 02:13:58,101.02,20.9,53.3,RANGE,BELOW,100.98,101.24,NEUTRAL,ESPERAR
2026-05-17 02:14:18,101.02,20.9,53.3,BULL,BELOW,100.98,101.24,NEUTRAL,ESPERAR
2026-05-17 02:15:00,101.02,20.9,53.3,RANGE,BELOW,100.98,101.24,NEUTRAL,ESPERAR
2026-05-17 02:15:19,101.02,20.9,53.3,BULL,BELOW,100.98,101.24,NEUTRAL,ESPERAR
2026-05-17 02:16:20,101.02,20.9,53.3,BULL,BELOW,100.98,101.24,NEUTRAL,ESPERAR
2026-05-17 02:16:22,101.02,20.9,53.3,RANGE,BELOW,100.98,101.24,NEUTRAL,ESPERAR
2026-05-17 02:17:21,101.02,20.9,53.3,BULL,BELOW,100.98,101.24,NEUTRAL,ESPERAR
2026-05-17 02:17:23,101.02,20.9,53.3,RANGE,BELOW,100.98,101.24,NEUTRAL,ESPERAR
2026-05-17 02:18:22,101.02,20.9,53.3,BULL,BELOW,100.98,101.24,NEUTRAL,ESPERAR
2026-05-17 02:18:23,101.02,20.9,53.3,RANGE,BELOW,100.98,101.24,NEUTRAL,ESPERAR
2026-05-17 02:19:23,101.02,20.9,53.3,BULL,BELOW,100.98,101.24,NEUTRAL,ESPERAR
2026-05-17 02:19:24,101.02,20.9,53.3,RANGE,BELOW,100.98,101.24,NEUTRAL,ESPERAR
2026-05-17 02:20:24,101.02,20.9,53.3,BULL,BELOW,100.98,101.24,NEUTRAL,ESPERAR
2026-05-17 02:20:25,101.02,20.9,53.3,RANGE,BELOW,100.98,101.24,NEUTRAL,ESPERAR
2026-05-17 02:21:25,101.02,20.9,53.3,BULL,BELOW,100.98,101.24,NEUTRAL,ESPERAR
2026-05-17 02:21:26,101.02,20.9,53.3,RANGE,BELOW,100.98,101.24,NEUTRAL,ESPERAR
2026-05-17 02:22:26,101.02,20.9,53.3,BULL,BELOW,100.98,101.24,NEUTRAL,ESPERAR
2026-05-17 02:22:28,101.02,20.9,53.3,RANGE,BELOW,100.98,101.24,NEUTRAL,ESPERAR
2026-05-17 02:23:27,101.02,20.9,53.3,BULL,BELOW,100.98,101.24,NEUTRAL,ESPERAR
2026-05-17 02:23:29,101.02,20.9,53.3,RANGE,BELOW,100.98,101.24,NEUTRAL,ESPERAR
2026-05-17 02:24:28,101.02,20.9,53.3,BULL,BELOW,100.98,101.24,NEUTRAL,ESPERAR
2026-05-17 02:24:30,101.02,20.9,53.3,RANGE,BELOW,100.98,101.24,NEUTRAL,ESPERAR
2026-05-17 02:25:29,101.02,20.9,53.3,BULL,BELOW,100.98,101.24,NEUTRAL,ESPERAR
2026-05-17 02:25:31,101.02,20.9,53.3,RANGE,BELOW,100.98,101.24,NEUTRAL,ESPERAR
2026-05-17 02:26:30,101.02,20.9,53.3,BULL,BELOW,100.98,101.24,NEUTRAL,ESPERAR
2026-05-17 02:26:32,101.02,20.9,53.3,RANGE,BELOW,100.98,101.24,NEUTRAL,ESPERAR
2026-05-17 02:27:31,101.02,20.9,53.3,BULL,BELOW,100.98,101.24,NEUTRAL,ESPERAR
2026-05-17 02:27:33,101.02,20.9,53.3,RANGE,BELOW,100.98,101.24,NEUTRAL,ESPERAR
2026-05-17 02:28:33,101.02,20.9,53.3,BULL,BELOW,100.98,101.24,NEUTRAL,ESPERAR
2026-05-17 02:28:34,101.02,20.9,53.3,RANGE,BELOW,100.98,101.24,NEUTRAL,ESPERAR
2026-05-17 02:29:34,101.02,20.9,53.3,BULL,BELOW,100.98,101.24,NEUTRAL,ESPERAR
2026-05-17 02:29:34,101.02,20.9,53.3,RANGE,BELOW,100.98,101.24,NEUTRAL,ESPERAR
2026-05-17 02:30:35,101.02,20.9,53.3,RANGE,BELOW,100.98,101.24,NEUTRAL,ESPERAR
2026-05-17 02:30:35,101.02,20.9,53.3,BULL,BELOW,100.98,101.24,NEUTRAL,ESPERAR
2026-05-17 02:31:36,101.02,20.9,53.3,BULL,BELOW,100.98,101.24,NEUTRAL,ESPERAR
2026-05-17 02:31:36,101.02,20.9,53.3,RANGE,BELOW,100.98,101.24,NEUTRAL,ESPERAR
2026-05-17 02:32:37,101.02,20.9,53.3,BULL,BELOW,100.98,101.24,NEUTRAL,ESPERAR
2026-05-17 02:32:37,101.02,20.9,53.3,RANGE,BELOW,100.98,101.24,NEUTRAL,ESPERAR
2026-05-17 02:33:38,101.02,20.9,53.3,BULL,BELOW,100.98,101.24,NEUTRAL,ESPERAR
2026-05-17 02:33:38,101.02,20.9,53.3,RANGE,BELOW,100.98,101.24,NEUTRAL,ESPERAR
2026-05-17 02:34:39,101.02,20.9,53.3,BULL,BELOW,100.98,101.24,NEUTRAL,ESPERAR
2026-05-17 02:34:39,101.02,20.9,53.3,RANGE,BELOW,100.98,101.24,NEUTRAL,ESPERAR
2026-05-17 02:35:40,101.02,20.9,53.3,BULL,BELOW,100.98,101.24,NEUTRAL,ESPERAR
2026-05-17 02:35:40,101.02,20.9,53.3,RANGE,BELOW,100.98,101.24,NEUTRAL,ESPERAR
2026-05-17 02:36:41,101.02,20.9,53.3,RANGE,BELOW,100.98,101.24,NEUTRAL,ESPERAR
2026-05-17 02:36:41,101.02,20.9,53.3,BULL,BELOW,100.98,101.24,NEUTRAL,ESPERAR
2026-05-17 02:37:42,101.02,20.9,53.3,RANGE,BELOW,100.98,101.24,NEUTRAL,ESPERAR
2026-05-17 02:37:42,101.02,20.9,53.3,BULL,BELOW,100.98,101.24,NEUTRAL,ESPERAR
2026-05-17 02:38:44,101.02,20.9,53.3,RANGE,BELOW,100.98,101.24,NEUTRAL,ESPERAR
2026-05-17 02:38:44,101.02,20.9,53.3,BULL,BELOW,100.98,101.24,NEUTRAL,ESPERAR
2026-05-17 02:39:45,101.02,20.9,53.3,BULL,BELOW,100.98,101.24,NEUTRAL,ESPERAR
2026-05-17 02:39:45,101.02,20.9,53.3,RANGE,BELOW,100.98,101.24,NEUTRAL,ESPERAR
2026-05-17 02:40:46,101.02,20.9,53.3,BULL,BELOW,100.98,101.24,NEUTRAL,ESPERAR
2026-05-17 02:40:46,101.02,20.9,53.3,RANGE,BELOW,100.98,101.24,NEUTRAL,ESPERAR
2026-05-17 02:41:47,101.02,20.9,53.3,BULL,BELOW,100.98,101.24,NEUTRAL,ESPERAR
2026-05-17 02:41:47,101.02,20.9,53.3,RANGE,BELOW,100.98,101.24,NEUTRAL,ESPERAR
2026-05-17 02:42:48,101.02,20.9,53.3,BULL,BELOW,100.98,101.24,NEUTRAL,ESPERAR
2026-05-17 02:42:48,101.02,20.9,53.3,RANGE,BELOW,100.98,101.24,NEUTRAL,ESPERAR
2026-05-17 02:43:48,101.02,20.9,53.3,BULL,BELOW,100.98,101.24,NEUTRAL,ESPERAR
2026-05-17 02:43:49,101.02,20.9,53.3,RANGE,BELOW,100.98,101.24,NEUTRAL,ESPERAR
2026-05-17 02:44:49,101.02,20.9,53.3,BULL,BELOW,100.98,101.24,NEUTRAL,ESPERAR
2026-05-17 02:44:49,101.02,20.9,53.3,RANGE,BELOW,100.98,101.24,NEUTRAL,ESPERAR
2026-05-17 02:45:50,101.02,20.9,53.3,BULL,BELOW,100.98,101.24,NEUTRAL,ESPERAR
2026-05-17 02:45:51,101.02,20.9,53.3,RANGE,BELOW,100.98,101.24,NEUTRAL,ESPERAR
2026-05-17 02:46:51,101.02,20.9,53.3,BULL,BELOW,100.98,101.24,NEUTRAL,ESPERAR
2026-05-17 02:46:52,101.02,20.9,53.3,RANGE,BELOW,100.98,101.24,NEUTRAL,ESPERAR
2026-05-17 02:47:53,101.02,20.9,53.3,BULL,BELOW,100.98,101.24,NEUTRAL,ESPERAR
2026-05-17 02:47:53,101.02,20.9,53.3,RANGE,BELOW,100.98,101.24,NEUTRAL,ESPERAR
2026-05-17 02:48:53,101.02,20.9,53.3,BULL,BELOW,100.98,101.24,NEUTRAL,ESPERAR
2026-05-17 02:48:54,101.02,20.9,53.3,RANGE,BELOW,100.98,101.24,NEUTRAL,ESPERAR
2026-05-17 02:49:54,101.02,20.9,53.3,BULL,BELOW,100.98,101.24,NEUTRAL,ESPERAR
2026-05-17 02:49:55,101.02,20.9,53.3,RANGE,BELOW,100.98,101.24,NEUTRAL,ESPERAR
2026-05-17 02:50:55,101.02,20.9,53.3,BULL,BELOW,100.98,101.24,NEUTRAL,ESPERAR
2026-05-17 02:50:55,101.02,20.9,53.3,RANGE,BELOW,100.98,101.24,NEUTRAL,ESPERAR
2026-05-17 02:51:56,101.02,20.9,53.3,BULL,BELOW,100.98,101.24,NEUTRAL,ESPERAR
2026-05-17 02:51:56,101.02,20.9,53.3,RANGE,BELOW,100.98,101.24,NEUTRAL,ESPERAR
2026-05-17 02:52:57,101.02,20.9,53.3,BULL,BELOW,100.98,101.24,NEUTRAL,ESPERAR
2026-05-17 02:52:57,101.02,20.9,53.3,RANGE,BELOW,100.98,101.24,NEUTRAL,ESPERAR
2026-05-17 02:53:59,101.02,20.9,53.3,BULL,BELOW,100.98,101.24,NEUTRAL,ESPERAR
2026-05-17 02:53:59,101.02,20.9,53.3,RANGE,BELOW,100.98,101.24,NEUTRAL,ESPERAR
2026-05-17 02:55:00,101.02,20.9,53.3,RANGE,BELOW,100.98,101.24,NEUTRAL,ESPERAR
2026-05-17 02:55:00,101.02,20.9,53.3,BULL,BELOW,100.98,101.24,NEUTRAL,ESPERAR
2026-05-17 02:56:01,101.02,20.9,53.3,BULL,BELOW,100.98,101.24,NEUTRAL,ESPERAR
2026-05-17 02:56:01,101.02,20.9,53.3,RANGE,BELOW,100.98,101.24,NEUTRAL,ESPERAR
2026-05-17 02:57:01,101.02,20.9,53.3,BULL,BELOW,100.98,101.24,NEUTRAL,ESPERAR
2026-05-17 02:57:02,101.02,20.9,53.3,RANGE,BELOW,100.98,101.24,NEUTRAL,ESPERAR
2026-05-17 02:58:02,101.02,20.9,53.3,RANGE,BELOW,100.98,101.24,NEUTRAL,ESPERAR
2026-05-17 02:58:03,101.02,20.9,53.3,BULL,BELOW,100.98,101.24,NEUTRAL,ESPERAR
2026-05-17 02:59:03,101.02,20.9,53.3,RANGE,BELOW,100.98,101.24,NEUTRAL,ESPERAR
2026-05-17 02:59:04,101.02,20.9,53.3,BULL,BELOW,100.98,101.24,NEUTRAL,ESPERAR
2026-05-17 03:00:04,101.02,20.9,53.3,RANGE,BELOW,100.98,101.24,NEUTRAL,ESPERAR
2026-05-17 03:00:05,101.02,20.9,53.3,BULL,BELOW,100.98,101.24,NEUTRAL,ESPERAR
2026-05-17 03:01:05,101.02,20.9,53.3,RANGE,BELOW,100.98,101.24,NEUTRAL,ESPERAR
2026-05-17 03:01:06,101.02,20.9,53.3,BULL,BELOW,100.98,101.24,NEUTRAL,ESPERAR
2026-05-17 03:02:06,101.02,20.9,53.3,RANGE,BELOW,100.98,101.24,NEUTRAL,ESPERAR
2026-05-17 03:02:06,101.02,20.9,53.3,BULL,BELOW,100.98,101.24,NEUTRAL,ESPERAR
2026-05-17 03:03:07,101.02,20.9,53.3,RANGE,BELOW,100.98,101.24,NEUTRAL,ESPERAR
2026-05-17 03:03:07,101.02,20.9,53.3,BULL,BELOW,100.98,101.24,NEUTRAL,ESPERAR
2026-05-17 03:04:08,101.02,20.9,53.3,RANGE,BELOW,100.98,101.24,NEUTRAL,ESPERAR
2026-05-17 03:04:08,101.02,20.9,53.3,BULL,BELOW,100.98,101.24,NEUTRAL,ESPERAR
2026-05-17 03:05:09,101.02,20.9,53.3,BULL,BELOW,100.98,101.24,NEUTRAL,ESPERAR
2026-05-17 03:05:09,101.02,20.9,53.3,RANGE,BELOW,100.98,101.24,NEUTRAL,ESPERAR
2026-05-17 03:06:10,101.02,20.9,53.3,BULL,BELOW,100.98,101.24,NEUTRAL,ESPERAR
2026-05-17 03:06:10,101.02,20.9,53.3,RANGE,BELOW,100.98,101.24,NEUTRAL,ESPERAR
2026-05-17 03:07:12,101.02,20.9,53.3,RANGE,BELOW,100.98,101.24,NEUTRAL,ESPERAR
2026-05-17 03:07:13,101.02,20.9,53.3,BULL,BELOW,100.98,101.24,NEUTRAL,ESPERAR
2026-05-17 03:08:14,101.02,20.9,53.3,RANGE,BELOW,100.98,101.24,NEUTRAL,ESPERAR
2026-05-17 03:08:14,101.02,20.9,53.3,BULL,BELOW,100.98,101.24,NEUTRAL,ESPERAR
2026-05-17 03:09:14,101.02,20.9,53.3,RANGE,BELOW,100.98,101.24,NEUTRAL,ESPERAR
2026-05-17 03:09:15,101.02,20.9,53.3,BULL,BELOW,100.98,101.24,NEUTRAL,ESPERAR
2026-05-17 03:10:15,101.02,20.9,53.3,BULL,BELOW,100.98,101.24,NEUTRAL,ESPERAR
2026-05-17 03:10:16,101.02,20.9,53.3,RANGE,BELOW,100.98,101.24,NEUTRAL,ESPERAR
2026-05-17 03:11:16,101.02,20.9,53.3,BULL,BELOW,100.98,101.24,NEUTRAL,ESPERAR
2026-05-17 03:11:16,101.02,20.9,53.3,RANGE,BELOW,100.98,101.24,NEUTRAL,ESPERAR
2026-05-17 03:12:19,101.02,20.9,53.3,BULL,BELOW,100.98,101.24,NEUTRAL,ESPERAR
2026-05-17 03:12:19,101.02,20.9,53.3,RANGE,BELOW,100.98,101.24,NEUTRAL,ESPERAR
2026-05-17 03:13:20,101.02,20.9,53.3,BULL,BELOW,100.98,101.24,NEUTRAL,ESPERAR
2026-05-17 03:13:21,101.02,20.9,53.3,RANGE,BELOW,100.98,101.24,NEUTRAL,ESPERAR
2026-05-17 03:14:21,101.02,20.9,53.3,BULL,BELOW,100.98,101.24,NEUTRAL,ESPERAR
2026-05-17 03:14:21,101.02,20.9,53.3,RANGE,BELOW,100.98,101.24,NEUTRAL,ESPERAR
2026-05-17 03:15:22,101.02,20.9,53.3,BULL,BELOW,100.98,101.24,NEUTRAL,ESPERAR
2026-05-17 03:15:23,101.02,20.9,53.3,RANGE,BELOW,100.98,101.24,NEUTRAL,ESPERAR
2026-05-17 03:16:24,101.02,20.9,53.3,RANGE,BELOW,100.98,101.24,NEUTRAL,ESPERAR
2026-05-17 03:16:25,101.02,20.9,53.3,BULL,BELOW,100.98,101.24,NEUTRAL,ESPERAR
2026-05-17 03:17:25,101.02,20.9,53.3,RANGE,BELOW,100.98,101.24,NEUTRAL,ESPERAR
2026-05-17 03:17:26,101.02,20.9,53.3,BULL,BELOW,100.98,101.24,NEUTRAL,ESPERAR
2026-05-17 03:18:26,101.02,20.9,53.3,RANGE,BELOW,100.98,101.24,NEUTRAL,ESPERAR
2026-05-17 03:18:26,101.02,20.9,53.3,BULL,BELOW,100.98,101.24,NEUTRAL,ESPERAR
2026-05-17 03:19:27,101.02,20.9,53.3,RANGE,BELOW,100.98,101.24,NEUTRAL,ESPERAR
2026-05-17 03:19:27,101.02,20.9,53.3,BULL,BELOW,100.98,101.24,NEUTRAL,ESPERAR
2026-05-17 03:20:28,101.02,20.9,53.3,BULL,BELOW,100.98,101.24,NEUTRAL,ESPERAR
2026-05-17 03:20:28,101.02,20.9,53.3,RANGE,BELOW,100.98,101.24,NEUTRAL,ESPERAR
2026-05-17 03:21:29,101.02,20.9,53.3,BULL,BELOW,100.98,101.24,NEUTRAL,ESPERAR
2026-05-17 03:21:29,101.02,20.9,53.3,RANGE,BELOW,100.98,101.24,NEUTRAL,ESPERAR
2026-05-17 03:22:30,101.02,20.9,53.3,BULL,BELOW,100.98,101.24,NEUTRAL,ESPERAR
2026-05-17 03:22:30,101.02,20.9,53.3,RANGE,BELOW,100.98,101.24,NEUTRAL,ESPERAR
2026-05-17 03:23:32,101.02,20.9,53.3,RANGE,BELOW,100.98,101.24,NEUTRAL,ESPERAR
2026-05-17 03:23:32,101.02,20.9,53.3,BULL,BELOW,100.98,101.24,NEUTRAL,ESPERAR
2026-05-17 03:24:33,101.02,20.9,53.3,BULL,BELOW,100.98,101.24,NEUTRAL,ESPERAR
2026-05-17 03:24:33,101.02,20.9,53.3,RANGE,BELOW,100.98,101.24,NEUTRAL,ESPERAR
2026-05-17 03:25:34,101.02,20.9,53.3,BULL,BELOW,100.98,101.24,NEUTRAL,ESPERAR
2026-05-17 03:25:34,101.02,20.9,53.3,RANGE,BELOW,100.98,101.24,NEUTRAL,ESPERAR
2026-05-17 03:26:35,101.02,20.9,53.3,BULL,BELOW,100.98,101.24,NEUTRAL,ESPERAR
2026-05-17 03:26:35,101.02,20.9,53.3,RANGE,BELOW,100.98,101.24,NEUTRAL,ESPERAR
2026-05-17 03:27:36,101.02,20.9,53.3,RANGE,BELOW,100.98,101.24,NEUTRAL,ESPERAR
2026-05-17 03:27:36,101.02,20.9,53.3,BULL,BELOW,100.98,101.24,NEUTRAL,ESPERAR
2026-05-17 03:28:37,101.02,20.9,53.3,BULL,BELOW,100.98,101.24,NEUTRAL,ESPERAR
2026-05-17 03:28:37,101.02,20.9,53.3,RANGE,BELOW,100.98,101.24,NEUTRAL,ESPERAR
2026-05-17 03:29:38,101.02,20.9,53.3,BULL,BELOW,100.98,101.24,NEUTRAL,ESPERAR
2026-05-17 03:29:38,101.02,20.9,53.3,RANGE,BELOW,100.98,101.24,NEUTRAL,ESPERAR
2026-05-17 03:30:39,101.02,20.9,53.3,BULL,BELOW,100.98,101.24,NEUTRAL,ESPERAR
2026-05-17 03:30:39,101.02,20.9,53.3,RANGE,BELOW,100.98,101.24,NEUTRAL,ESPERAR
2026-05-17 03:31:40,101.02,20.9,53.3,RANGE,BELOW,100.98,101.24,NEUTRAL,ESPERAR
2026-05-17 03:31:40,101.02,20.9,53.3,BULL,BELOW,100.98,101.24,NEUTRAL,ESPERAR
2026-05-17 03:32:41,101.02,20.9,53.3,RANGE,BELOW,100.98,101.24,NEUTRAL,ESPERAR
2026-05-17 03:32:41,101.02,20.9,53.3,BULL,BELOW,100.98,101.24,NEUTRAL,ESPERAR
2026-05-17 03:33:42,101.02,20.9,53.3,RANGE,BELOW,100.98,101.24,NEUTRAL,ESPERAR
2026-05-17 03:33:42,101.02,20.9,53.3,BULL,BELOW,100.98,101.24,NEUTRAL,ESPERAR
2026-05-17 03:34:43,101.02,20.9,53.3,RANGE,BELOW,100.98,101.24,NEUTRAL,ESPERAR
2026-05-17 03:34:43,101.02,20.9,53.3,BULL,BELOW,100.98,101.24,NEUTRAL,ESPERAR
2026-05-17 03:35:45,101.02,20.9,53.3,RANGE,BELOW,100.98,101.24,NEUTRAL,ESPERAR
2026-05-17 03:35:45,101.02,20.9,53.3,BULL,BELOW,100.98,101.24,NEUTRAL,ESPERAR
2026-05-17 03:36:46,101.02,20.9,53.3,RANGE,BELOW,100.98,101.24,NEUTRAL,ESPERAR
2026-05-17 03:36:46,101.02,20.9,53.3,BULL,BELOW,100.98,101.24,NEUTRAL,ESPERAR
2026-05-17 03:37:46,101.02,20.9,53.3,RANGE,BELOW,100.98,101.24,NEUTRAL,ESPERAR
2026-05-17 03:37:47,101.02,20.9,53.3,BULL,BELOW,100.98,101.24,NEUTRAL,ESPERAR
2026-05-17 03:38:47,101.02,20.9,53.3,RANGE,BELOW,100.98,101.24,NEUTRAL,ESPERAR
2026-05-17 03:38:47,101.02,20.9,53.3,BULL,BELOW,100.98,101.24,NEUTRAL,ESPERAR
2026-05-17 03:39:48,101.02,20.9,53.3,BULL,BELOW,100.98,101.24,NEUTRAL,ESPERAR
2026-05-17 03:39:48,101.02,20.9,53.3,RANGE,BELOW,100.98,101.24,NEUTRAL,ESPERAR
2026-05-17 03:40:49,101.02,20.9,53.3,BULL,BELOW,100.98,101.24,NEUTRAL,ESPERAR
2026-05-17 03:40:49,101.02,20.9,53.3,RANGE,BELOW,100.98,101.24,NEUTRAL,ESPERAR
2026-05-17 03:41:50,101.02,20.9,53.3,BULL,BELOW,100.98,101.24,NEUTRAL,ESPERAR
2026-05-17 03:41:50,101.02,20.9,53.3,RANGE,BELOW,100.98,101.24,NEUTRAL,ESPERAR
2026-05-17 03:42:52,101.02,20.9,53.3,BULL,BELOW,100.98,101.24,NEUTRAL,ESPERAR
2026-05-17 03:42:52,101.02,20.9,53.3,RANGE,BELOW,100.98,101.24,NEUTRAL,ESPERAR
2026-05-17 03:43:53,101.02,20.9,53.3,BULL,BELOW,100.98,101.24,NEUTRAL,ESPERAR
2026-05-17 03:43:53,101.02,20.9,53.3,RANGE,BELOW,100.98,101.24,NEUTRAL,ESPERAR
2026-05-17 03:44:54,101.02,20.9,53.3,RANGE,BELOW,100.98,101.24,NEUTRAL,ESPERAR
2026-05-17 03:44:54,101.02,20.9,53.3,BULL,BELOW,100.98,101.24,NEUTRAL,ESPERAR
2026-05-17 03:45:55,101.02,20.9,53.3,RANGE,BELOW,100.98,101.24,NEUTRAL,ESPERAR
2026-05-17 03:45:55,101.02,20.9,53.3,BULL,BELOW,100.98,101.24,NEUTRAL,ESPERAR
2026-05-17 03:46:57,101.02,20.9,53.3,BULL,BELOW,100.98,101.24,NEUTRAL,ESPERAR
2026-05-17 03:46:57,101.02,20.9,53.3,RANGE,BELOW,100.98,101.24,NEUTRAL,ESPERAR
2026-05-17 03:47:58,101.02,20.9,53.3,BULL,BELOW,100.98,101.24,NEUTRAL,ESPERAR
2026-05-17 03:47:58,101.02,20.9,53.3,RANGE,BELOW,100.98,101.24,NEUTRAL,ESPERAR
2026-05-17 03:48:59,101.02,20.9,53.3,RANGE,BELOW,100.98,101.24,NEUTRAL,ESPERAR
2026-05-17 03:48:59,101.02,20.9,53.3,BULL,BELOW,100.98,101.24,NEUTRAL,ESPERAR
2026-05-17 03:50:00,101.02,20.9,53.3,RANGE,BELOW,100.98,101.24,NEUTRAL,ESPERAR
2026-05-17 03:50:00,101.02,20.9,53.3,BULL,BELOW,100.98,101.24,NEUTRAL,ESPERAR
2026-05-17 03:51:01,101.02,20.9,53.3,RANGE,BELOW,100.98,101.24,NEUTRAL,ESPERAR
2026-05-17 03:51:01,101.02,20.9,53.3,BULL,BELOW,100.98,101.24,NEUTRAL,ESPERAR
2026-05-17 03:52:02,101.02,20.9,53.3,BULL,BELOW,100.98,101.24,NEUTRAL,ESPERAR
2026-05-17 03:52:02,101.02,20.9,53.3,RANGE,BELOW,100.98,101.24,NEUTRAL,ESPERAR
2026-05-17 03:53:04,101.02,20.9,53.3,BULL,BELOW,100.98,101.24,NEUTRAL,ESPERAR
2026-05-17 03:53:04,101.02,20.9,53.3,RANGE,BELOW,100.98,101.24,NEUTRAL,ESPERAR
2026-05-17 03:54:04,101.02,20.9,53.3,RANGE,BELOW,100.98,101.24,NEUTRAL,ESPERAR
2026-05-17 03:54:05,101.02,20.9,53.3,BULL,BELOW,100.98,101.24,NEUTRAL,ESPERAR
2026-05-17 03:55:05,101.02,20.9,53.3,BULL,BELOW,100.98,101.24,NEUTRAL,ESPERAR
2026-05-17 03:55:06,101.02,20.9,53.3,RANGE,BELOW,100.98,101.24,NEUTRAL,ESPERAR
2026-05-17 03:56:06,101.02,20.9,53.3,BULL,BELOW,100.98,101.24,NEUTRAL,ESPERAR
2026-05-17 03:56:06,101.02,20.9,53.3,RANGE,BELOW,100.98,101.24,NEUTRAL,ESPERAR
2026-05-17 03:57:07,101.02,20.9,53.3,RANGE,BELOW,100.98,101.24,NEUTRAL,ESPERAR
2026-05-17 03:57:07,101.02,20.9,53.3,BULL,BELOW,100.98,101.24,NEUTRAL,ESPERAR
2026-05-17 03:58:08,101.02,20.9,53.3,RANGE,BELOW,100.98,101.24,NEUTRAL,ESPERAR
2026-05-17 03:58:10,101.02,20.9,53.3,BULL,BELOW,100.98,101.24,NEUTRAL,ESPERAR
2026-05-17 03:59:10,101.02,20.9,53.3,RANGE,BELOW,100.98,101.24,NEUTRAL,ESPERAR
2026-05-17 03:59:10,101.02,20.9,53.3,BULL,BELOW,100.98,101.24,NEUTRAL,ESPERAR
2026-05-17 04:00:10,101.02,20.9,53.3,RANGE,BELOW,100.98,101.24,NEUTRAL,ESPERAR
2026-05-17 04:00:11,101.02,20.9,53.3,BULL,BELOW,100.98,101.24,NEUTRAL,ESPERAR
2026-05-17 04:01:11,101.02,20.9,53.3,RANGE,BELOW,100.98,101.24,NEUTRAL,ESPERAR
2026-05-17 04:01:12,101.02,20.9,53.3,BULL,BELOW,100.98,101.24,NEUTRAL,ESPERAR
2026-05-17 04:02:12,101.02,20.9,53.3,RANGE,BELOW,100.98,101.24,NEUTRAL,ESPERAR
2026-05-17 04:02:12,101.02,20.9,53.3,BULL,BELOW,100.98,101.24,NEUTRAL,ESPERAR
2026-05-17 04:03:13,101.02,20.9,53.3,RANGE,BELOW,100.98,101.24,NEUTRAL,ESPERAR
2026-05-17 04:03:13,101.02,20.9,53.3,BULL,BELOW,100.98,101.24,NEUTRAL,ESPERAR
2026-05-17 04:04:14,101.02,20.9,53.3,RANGE,BELOW,100.98,101.24,NEUTRAL,ESPERAR
2026-05-17 04:04:14,101.02,20.9,53.3,BULL,BELOW,100.98,101.24,NEUTRAL,ESPERAR
2026-05-17 04:05:15,101.02,20.9,53.3,RANGE,BELOW,100.98,101.24,NEUTRAL,ESPERAR
2026-05-17 04:05:15,101.02,20.9,53.3,BULL,BELOW,100.98,101.24,NEUTRAL,ESPERAR
2026-05-17 04:06:17,101.02,20.9,53.3,RANGE,BELOW,100.98,101.24,NEUTRAL,ESPERAR
2026-05-17 04:06:17,101.02,20.9,53.3,BULL,BELOW,100.98,101.24,NEUTRAL,ESPERAR
2026-05-17 04:07:18,101.02,20.9,53.3,BULL,BELOW,100.98,101.24,NEUTRAL,ESPERAR
2026-05-17 04:07:18,101.02,20.9,53.3,RANGE,BELOW,100.98,101.24,NEUTRAL,ESPERAR
2026-05-17 04:08:19,101.02,20.9,53.3,RANGE,BELOW,100.98,101.24,NEUTRAL,ESPERAR
2026-05-17 04:08:19,101.02,20.9,53.3,BULL,BELOW,100.98,101.24,NEUTRAL,ESPERAR
2026-05-17 04:09:20,101.02,20.9,53.3,BULL,BELOW,100.98,101.24,NEUTRAL,ESPERAR
2026-05-17 04:09:20,101.02,20.9,53.3,RANGE,BELOW,100.98,101.24,NEUTRAL,ESPERAR
2026-05-17 04:10:21,101.02,20.9,53.3,RANGE,BELOW,100.98,101.24,NEUTRAL,ESPERAR
2026-05-17 04:10:21,101.02,20.9,53.3,BULL,BELOW,100.98,101.24,NEUTRAL,ESPERAR
2026-05-17 04:11:22,101.02,20.9,53.3,RANGE,BELOW,100.98,101.24,NEUTRAL,ESPERAR
2026-05-17 04:11:22,101.02,20.9,53.3,BULL,BELOW,100.98,101.24,NEUTRAL,ESPERAR
2026-05-17 04:12:23,101.02,20.9,53.3,RANGE,BELOW,100.98,101.24,NEUTRAL,ESPERAR
2026-05-17 04:12:24,101.02,20.9,53.3,BULL,BELOW,100.98,101.24,NEUTRAL,ESPERAR
2026-05-17 04:13:24,101.02,20.9,53.3,RANGE,BELOW,100.98,101.24,NEUTRAL,ESPERAR
2026-05-17 04:13:25,101.02,20.9,53.3,BULL,BELOW,100.98,101.24,NEUTRAL,ESPERAR
2026-05-17 04:14:25,101.02,20.9,53.3,RANGE,BELOW,100.98,101.24,NEUTRAL,ESPERAR
2026-05-17 04:14:26,101.02,20.9,53.3,BULL,BELOW,100.98,101.24,NEUTRAL,ESPERAR
2026-05-17 04:15:26,101.02,20.9,53.3,RANGE,BELOW,100.98,101.24,NEUTRAL,ESPERAR
2026-05-17 04:15:26,101.02,20.9,53.3,BULL,BELOW,100.98,101.24,NEUTRAL,ESPERAR
2026-05-17 04:16:27,101.02,20.9,53.3,BULL,BELOW,100.98,101.24,NEUTRAL,ESPERAR
2026-05-17 04:16:47,101.02,20.9,53.3,RANGE,BELOW,100.98,101.24,NEUTRAL,ESPERAR
2026-05-17 04:17:28,101.02,20.9,53.3,BULL,BELOW,100.98,101.24,NEUTRAL,ESPERAR
2026-05-17 04:17:49,101.02,20.9,53.3,RANGE,BELOW,100.98,101.24,NEUTRAL,ESPERAR
2026-05-17 04:18:29,101.02,20.9,53.3,BULL,BELOW,100.98,101.24,NEUTRAL,ESPERAR
2026-05-17 04:18:50,101.02,20.9,53.3,RANGE,BELOW,100.98,101.24,NEUTRAL,ESPERAR
2026-05-17 04:19:30,101.02,20.9,53.3,BULL,BELOW,100.98,101.24,NEUTRAL,ESPERAR
2026-05-17 04:19:50,101.02,20.9,53.3,RANGE,BELOW,100.98,101.24,NEUTRAL,ESPERAR
2026-05-17 04:20:31,101.02,20.9,53.3,BULL,BELOW,100.98,101.24,NEUTRAL,ESPERAR
2026-05-17 04:20:51,101.02,20.9,53.3,RANGE,BELOW,100.98,101.24,NEUTRAL,ESPERAR
2026-05-17 04:21:32,101.02,20.9,53.3,BULL,BELOW,100.98,101.24,NEUTRAL,ESPERAR
2026-05-17 04:21:52,101.02,20.9,53.3,RANGE,BELOW,100.98,101.24,NEUTRAL,ESPERAR
2026-05-17 04:22:33,101.02,20.9,53.3,BULL,BELOW,100.98,101.24,NEUTRAL,ESPERAR
2026-05-17 04:22:53,101.02,20.9,53.3,RANGE,BELOW,100.98,101.24,NEUTRAL,ESPERAR
2026-05-17 04:23:34,101.02,20.9,53.3,BULL,BELOW,100.98,101.24,NEUTRAL,ESPERAR
2026-05-17 04:23:54,101.02,20.9,53.3,RANGE,BELOW,100.98,101.24,NEUTRAL,ESPERAR
2026-05-17 04:24:35,101.02,20.9,53.3,BULL,BELOW,100.98,101.24,NEUTRAL,ESPERAR
2026-05-17 04:24:55,101.02,20.9,53.3,RANGE,BELOW,100.98,101.24,NEUTRAL,ESPERAR
2026-05-17 04:25:37,101.02,20.9,53.3,BULL,BELOW,100.98,101.24,NEUTRAL,ESPERAR
2026-05-17 04:25:58,101.02,20.9,53.3,RANGE,BELOW,100.98,101.24,NEUTRAL,ESPERAR
2026-05-17 04:26:37,101.02,20.9,53.3,BULL,BELOW,100.98,101.24,NEUTRAL,ESPERAR
2026-05-17 04:26:59,101.02,20.9,53.3,RANGE,BELOW,100.98,101.24,NEUTRAL,ESPERAR
2026-05-17 04:27:38,101.02,20.9,53.3,BULL,BELOW,100.98,101.24,NEUTRAL,ESPERAR
2026-05-17 04:28:00,101.02,20.9,53.3,RANGE,BELOW,100.98,101.24,NEUTRAL,ESPERAR
2026-05-17 04:28:39,101.02,20.9,53.3,BULL,BELOW,100.98,101.24,NEUTRAL,ESPERAR
2026-05-17 04:29:00,101.02,20.9,53.3,RANGE,BELOW,100.98,101.24,NEUTRAL,ESPERAR
2026-05-17 04:29:40,101.02,20.9,53.3,BULL,BELOW,100.98,101.24,NEUTRAL,ESPERAR
2026-05-17 04:30:02,101.02,20.9,53.3,RANGE,BELOW,100.98,101.24,NEUTRAL,ESPERAR
2026-05-17 04:30:41,101.02,20.9,53.3,BULL,BELOW,100.98,101.24,NEUTRAL,ESPERAR
2026-05-17 04:31:03,101.02,20.9,53.3,RANGE,BELOW,100.98,101.24,NEUTRAL,ESPERAR
2026-05-17 04:31:42,101.02,20.9,53.3,BULL,BELOW,100.98,101.24,NEUTRAL,ESPERAR
2026-05-17 04:32:04,101.02,20.9,53.3,RANGE,BELOW,100.98,101.24,NEUTRAL,ESPERAR
2026-05-17 04:32:43,101.02,20.9,53.3,BULL,BELOW,100.98,101.24,NEUTRAL,ESPERAR
2026-05-17 04:33:05,101.02,20.9,53.3,RANGE,BELOW,100.98,101.24,NEUTRAL,ESPERAR
2026-05-17 04:33:44,101.02,20.9,53.3,BULL,BELOW,100.98,101.24,NEUTRAL,ESPERAR
2026-05-17 04:34:06,101.02,20.9,53.3,RANGE,BELOW,100.98,101.24,NEUTRAL,ESPERAR
2026-05-17 04:34:45,101.02,20.9,53.3,BULL,BELOW,100.98,101.24,NEUTRAL,ESPERAR
2026-05-17 04:35:07,101.02,20.9,53.3,RANGE,BELOW,100.98,101.24,NEUTRAL,ESPERAR
2026-05-17 04:35:46,101.02,20.9,53.3,BULL,BELOW,100.98,101.24,NEUTRAL,ESPERAR
2026-05-17 04:36:09,101.02,20.9,53.3,RANGE,BELOW,100.98,101.24,NEUTRAL,ESPERAR
2026-05-17 04:36:47,101.02,20.9,53.3,BULL,BELOW,100.98,101.24,NEUTRAL,ESPERAR
2026-05-17 04:37:10,101.02,20.9,53.3,RANGE,BELOW,100.98,101.24,NEUTRAL,ESPERAR
2026-05-17 04:37:48,101.02,20.9,53.3,BULL,BELOW,100.98,101.24,NEUTRAL,ESPERAR
2026-05-17 04:38:11,101.02,20.9,53.3,RANGE,BELOW,100.98,101.24,NEUTRAL,ESPERAR
2026-05-17 04:38:49,101.02,20.9,53.3,BULL,BELOW,100.98,101.24,NEUTRAL,ESPERAR
2026-05-17 04:39:12,101.02,20.9,53.3,RANGE,BELOW,100.98,101.24,NEUTRAL,ESPERAR
2026-05-17 04:39:50,101.02,20.9,53.3,BULL,BELOW,100.98,101.24,NEUTRAL,ESPERAR
2026-05-17 04:40:12,101.02,20.9,53.3,RANGE,BELOW,100.98,101.24,NEUTRAL,ESPERAR
2026-05-17 04:40:51,101.02,20.9,53.3,BULL,BELOW,100.98,101.24,NEUTRAL,ESPERAR
2026-05-17 04:41:13,101.02,20.9,53.3,RANGE,BELOW,100.98,101.24,NEUTRAL,ESPERAR
2026-05-17 04:41:52,101.02,20.9,53.3,BULL,BELOW,100.98,101.24,NEUTRAL,ESPERAR
2026-05-17 04:42:15,101.02,20.9,53.3,RANGE,BELOW,100.98,101.24,NEUTRAL,ESPERAR
2026-05-17 04:42:53,101.02,20.9,53.3,BULL,BELOW,100.98,101.24,NEUTRAL,ESPERAR
2026-05-17 04:43:17,101.02,20.9,53.3,RANGE,BELOW,100.98,101.24,NEUTRAL,ESPERAR
2026-05-17 04:43:54,101.02,20.9,53.3,BULL,BELOW,100.98,101.24,NEUTRAL,ESPERAR
2026-05-17 04:44:18,101.02,20.9,53.3,RANGE,BELOW,100.98,101.24,NEUTRAL,ESPERAR
2026-05-17 04:44:55,101.02,20.9,53.3,BULL,BELOW,100.98,101.24,NEUTRAL,ESPERAR
2026-05-17 04:45:19,101.02,20.9,53.3,RANGE,BELOW,100.98,101.24,NEUTRAL,ESPERAR
2026-05-17 04:45:56,101.02,20.9,53.3,BULL,BELOW,100.98,101.24,NEUTRAL,ESPERAR
2026-05-17 04:46:20,101.02,20.9,53.3,RANGE,BELOW,100.98,101.24,NEUTRAL,ESPERAR
2026-05-17 04:46:57,101.02,20.9,53.3,BULL,BELOW,100.98,101.24,NEUTRAL,ESPERAR
2026-05-17 04:47:21,101.02,20.9,53.3,RANGE,BELOW,100.98,101.24,NEUTRAL,ESPERAR
2026-05-17 04:47:58,101.02,20.9,53.3,BULL,BELOW,100.98,101.24,NEUTRAL,ESPERAR
2026-05-17 04:48:22,101.02,20.9,53.3,RANGE,BELOW,100.98,101.24,NEUTRAL,ESPERAR
2026-05-17 04:48:59,101.02,20.9,53.3,BULL,BELOW,100.98,101.24,NEUTRAL,ESPERAR
2026-05-17 04:49:23,101.02,20.9,53.3,RANGE,BELOW,100.98,101.24,NEUTRAL,ESPERAR
2026-05-17 04:50:00,101.02,20.9,53.3,BULL,BELOW,100.98,101.24,NEUTRAL,ESPERAR
2026-05-17 04:50:24,101.02,20.9,53.3,RANGE,BELOW,100.98,101.24,NEUTRAL,ESPERAR
2026-05-17 04:51:01,101.02,20.9,53.3,BULL,BELOW,100.98,101.24,NEUTRAL,ESPERAR
2026-05-17 04:51:25,101.02,20.9,53.3,RANGE,BELOW,100.98,101.24,NEUTRAL,ESPERAR
2026-05-17 04:52:03,101.02,20.9,53.3,BULL,BELOW,100.98,101.24,NEUTRAL,ESPERAR
2026-05-17 04:52:26,101.02,20.9,53.3,RANGE,BELOW,100.98,101.24,NEUTRAL,ESPERAR
2026-05-17 04:53:04,101.02,20.9,53.3,BULL,BELOW,100.98,101.24,NEUTRAL,ESPERAR
2026-05-17 04:53:27,101.02,20.9,53.3,RANGE,BELOW,100.98,101.24,NEUTRAL,ESPERAR
2026-05-17 04:54:04,101.02,20.9,53.3,BULL,BELOW,100.98,101.24,NEUTRAL,ESPERAR
2026-05-17 04:54:29,101.02,20.9,53.3,RANGE,BELOW,100.98,101.24,NEUTRAL,ESPERAR
2026-05-17 04:55:05,101.02,20.9,53.3,BULL,BELOW,100.98,101.24,NEUTRAL,ESPERAR
2026-05-17 04:55:30,101.02,20.9,53.3,RANGE,BELOW,100.98,101.24,NEUTRAL,ESPERAR
2026-05-17 04:56:06,101.02,20.9,53.3,BULL,BELOW,100.98,101.24,NEUTRAL,ESPERAR
2026-05-17 04:56:30,101.02,20.9,53.3,RANGE,BELOW,100.98,101.24,NEUTRAL,ESPERAR
2026-05-17 04:57:07,101.02,20.9,53.3,BULL,BELOW,100.98,101.24,NEUTRAL,ESPERAR
2026-05-17 04:57:32,101.02,20.9,53.3,RANGE,BELOW,100.98,101.24,NEUTRAL,ESPERAR
2026-05-17 04:58:09,101.02,20.9,53.3,BULL,BELOW,100.98,101.24,NEUTRAL,ESPERAR
2026-05-17 04:58:32,101.02,20.9,53.3,RANGE,BELOW,100.98,101.24,NEUTRAL,ESPERAR
2026-05-17 04:59:10,101.02,20.9,53.3,BULL,BELOW,100.98,101.24,NEUTRAL,ESPERAR
2026-05-17 04:59:33,101.02,20.9,53.3,RANGE,BELOW,100.98,101.24,NEUTRAL,ESPERAR
2026-05-17 05:00:11,101.02,20.9,53.3,BULL,BELOW,100.98,101.24,NEUTRAL,ESPERAR
2026-05-17 05:00:35,101.02,20.9,53.3,RANGE,BELOW,100.98,101.24,NEUTRAL,ESPERAR
2026-05-17 05:01:11,101.02,20.9,53.3,BULL,BELOW,100.98,101.24,NEUTRAL,ESPERAR
2026-05-17 05:01:36,101.02,20.9,53.3,RANGE,BELOW,100.98,101.24,NEUTRAL,ESPERAR
2026-05-17 05:02:12,101.02,20.9,53.3,BULL,BELOW,100.98,101.24,NEUTRAL,ESPERAR
2026-05-17 05:02:37,101.02,20.9,53.3,RANGE,BELOW,100.98,101.24,NEUTRAL,ESPERAR
2026-05-17 05:03:13,101.02,20.9,53.3,BULL,BELOW,100.98,101.24,NEUTRAL,ESPERAR
2026-05-17 05:03:38,101.02,20.9,53.3,RANGE,BELOW,100.98,101.24,NEUTRAL,ESPERAR
2026-05-17 05:04:14,101.02,20.9,53.3,BULL,BELOW,100.98,101.24,NEUTRAL,ESPERAR
2026-05-17 05:04:39,101.02,20.9,53.3,RANGE,BELOW,100.98,101.24,NEUTRAL,ESPERAR
2026-05-17 05:05:15,101.02,20.9,53.3,BULL,BELOW,100.98,101.24,NEUTRAL,ESPERAR
2026-05-17 05:05:40,101.02,20.9,53.3,RANGE,BELOW,100.98,101.24,NEUTRAL,ESPERAR
2026-05-17 05:06:17,101.02,20.9,53.3,BULL,BELOW,100.98,101.24,NEUTRAL,ESPERAR
2026-05-17 05:06:42,101.02,20.9,53.3,RANGE,BELOW,100.98,101.24,NEUTRAL,ESPERAR
2026-05-17 05:07:18,101.02,20.9,53.3,BULL,BELOW,100.98,101.24,NEUTRAL,ESPERAR
2026-05-17 05:07:43,101.02,20.9,53.3,RANGE,BELOW,100.98,101.24,NEUTRAL,ESPERAR
2026-05-17 05:08:19,101.02,20.9,53.3,BULL,BELOW,100.98,101.24,NEUTRAL,ESPERAR
2026-05-17 05:08:44,101.02,20.9,53.3,RANGE,BELOW,100.98,101.24,NEUTRAL,ESPERAR
2026-05-17 05:09:20,101.02,20.9,53.3,BULL,BELOW,100.98,101.24,NEUTRAL,ESPERAR
2026-05-17 05:09:45,101.02,20.9,53.3,RANGE,BELOW,100.98,101.24,NEUTRAL,ESPERAR
2026-05-17 05:10:23,101.02,20.9,53.3,BULL,BELOW,100.98,101.24,NEUTRAL,ESPERAR
2026-05-17 05:10:46,101.02,20.9,53.3,RANGE,BELOW,100.98,101.24,NEUTRAL,ESPERAR
2026-05-17 05:11:24,101.02,20.9,53.3,BULL,BELOW,100.98,101.24,NEUTRAL,ESPERAR
2026-05-17 05:11:47,101.02,20.9,53.3,RANGE,BELOW,100.98,101.24,NEUTRAL,ESPERAR
2026-05-17 05:12:25,101.02,20.9,53.3,BULL,BELOW,100.98,101.24,NEUTRAL,ESPERAR
2026-05-17 05:12:48,101.02,20.9,53.3,RANGE,BELOW,100.98,101.24,NEUTRAL,ESPERAR
2026-05-17 05:13:26,101.02,20.9,53.3,BULL,BELOW,100.98,101.24,NEUTRAL,ESPERAR
2026-05-17 05:13:49,101.02,20.9,53.3,RANGE,BELOW,100.98,101.24,NEUTRAL,ESPERAR
2026-05-17 05:14:27,101.02,20.9,53.3,BULL,BELOW,100.98,101.24,NEUTRAL,ESPERAR
2026-05-17 05:14:50,101.02,20.9,53.3,RANGE,BELOW,100.98,101.24,NEUTRAL,ESPERAR
2026-05-17 05:15:28,101.02,20.9,53.3,BULL,BELOW,100.98,101.24,NEUTRAL,ESPERAR
2026-05-17 05:15:51,101.02,20.9,53.3,RANGE,BELOW,100.98,101.24,NEUTRAL,ESPERAR
2026-05-17 05:16:29,101.02,20.9,53.3,BULL,BELOW,100.98,101.24,NEUTRAL,ESPERAR
2026-05-17 05:16:52,101.02,20.9,53.3,RANGE,BELOW,100.98,101.24,NEUTRAL,ESPERAR
2026-05-17 05:17:30,101.02,20.9,53.3,BULL,BELOW,100.98,101.24,NEUTRAL,ESPERAR
2026-05-17 05:17:52,101.02,20.9,53.3,RANGE,BELOW,100.98,101.24,NEUTRAL,ESPERAR
2026-05-17 05:18:31,101.02,20.9,53.3,BULL,BELOW,100.98,101.24,NEUTRAL,ESPERAR
2026-05-17 05:18:54,101.02,20.9,53.3,RANGE,BELOW,100.98,101.24,NEUTRAL,ESPERAR
2026-05-17 05:19:33,101.02,20.9,53.3,BULL,BELOW,100.98,101.24,NEUTRAL,ESPERAR
2026-05-17 05:19:55,101.02,20.9,53.3,RANGE,BELOW,100.98,101.24,NEUTRAL,ESPERAR
2026-05-17 05:20:35,101.02,20.9,53.3,BULL,BELOW,100.98,101.24,NEUTRAL,ESPERAR
2026-05-17 05:20:55,101.02,20.9,53.3,RANGE,BELOW,100.98,101.24,NEUTRAL,ESPERAR
2026-05-17 05:21:36,101.02,20.9,53.3,BULL,BELOW,100.98,101.24,NEUTRAL,ESPERAR
2026-05-17 05:21:57,101.02,20.9,53.3,RANGE,BELOW,100.98,101.24,NEUTRAL,ESPERAR
2026-05-17 05:22:37,101.02,20.9,53.3,BULL,BELOW,100.98,101.24,NEUTRAL,ESPERAR
2026-05-17 05:22:57,101.02,20.9,53.3,RANGE,BELOW,100.98,101.24,NEUTRAL,ESPERAR
2026-05-17 05:23:38,101.02,20.9,53.3,BULL,BELOW,100.98,101.24,NEUTRAL,ESPERAR
2026-05-17 05:23:58,101.02,20.9,53.3,RANGE,BELOW,100.98,101.24,NEUTRAL,ESPERAR
2026-05-17 05:24:39,101.02,20.9,53.3,BULL,BELOW,100.98,101.24,NEUTRAL,ESPERAR
2026-05-17 05:24:59,101.02,20.9,53.3,RANGE,BELOW,100.98,101.24,NEUTRAL,ESPERAR
2026-05-17 05:25:40,101.02,20.9,53.3,BULL,BELOW,100.98,101.24,NEUTRAL,ESPERAR
2026-05-17 05:26:00,101.02,20.9,53.3,RANGE,BELOW,100.98,101.24,NEUTRAL,ESPERAR
2026-05-17 05:26:41,101.02,20.9,53.3,BULL,BELOW,100.98,101.24,NEUTRAL,ESPERAR
2026-05-17 05:27:02,101.02,20.9,53.3,RANGE,BELOW,100.98,101.24,NEUTRAL,ESPERAR
2026-05-17 05:27:42,101.02,20.9,53.3,BULL,BELOW,100.98,101.24,NEUTRAL,ESPERAR
2026-05-17 05:28:02,101.02,20.9,53.3,RANGE,BELOW,100.98,101.24,NEUTRAL,ESPERAR
2026-05-17 05:28:43,101.02,20.9,53.3,BULL,BELOW,100.98,101.24,NEUTRAL,ESPERAR
2026-05-17 05:29:03,101.02,20.9,53.3,RANGE,BELOW,100.98,101.24,NEUTRAL,ESPERAR
2026-05-17 05:29:44,101.02,20.9,53.3,BULL,BELOW,100.98,101.24,NEUTRAL,ESPERAR
2026-05-17 05:30:04,101.02,20.9,53.3,RANGE,BELOW,100.98,101.24,NEUTRAL,ESPERAR
2026-05-17 05:30:45,101.02,20.9,53.3,BULL,BELOW,100.98,101.24,NEUTRAL,ESPERAR
2026-05-17 05:31:05,101.02,20.9,53.3,RANGE,BELOW,100.98,101.24,NEUTRAL,ESPERAR
2026-05-17 05:31:46,101.02,20.9,53.3,BULL,BELOW,100.98,101.24,NEUTRAL,ESPERAR
2026-05-17 05:32:06,101.02,20.9,53.3,RANGE,BELOW,100.98,101.24,NEUTRAL,ESPERAR
2026-05-17 05:32:48,101.02,20.9,53.3,BULL,BELOW,100.98,101.24,NEUTRAL,ESPERAR
2026-05-17 05:33:07,101.02,20.9,53.3,RANGE,BELOW,100.98,101.24,NEUTRAL,ESPERAR
2026-05-17 05:33:48,101.02,20.9,53.3,BULL,BELOW,100.98,101.24,NEUTRAL,ESPERAR
2026-05-17 05:34:08,101.02,20.9,53.3,RANGE,BELOW,100.98,101.24,NEUTRAL,ESPERAR
2026-05-17 05:34:49,101.02,20.9,53.3,BULL,BELOW,100.98,101.24,NEUTRAL,ESPERAR
2026-05-17 05:35:09,101.02,20.9,53.3,RANGE,BELOW,100.98,101.24,NEUTRAL,ESPERAR
2026-05-17 05:35:50,101.02,20.9,53.3,BULL,BELOW,100.98,101.24,NEUTRAL,ESPERAR
2026-05-17 05:36:10,101.02,20.9,53.3,RANGE,BELOW,100.98,101.24,NEUTRAL,ESPERAR
2026-05-17 05:36:51,101.02,20.9,53.3,BULL,BELOW,100.98,101.24,NEUTRAL,ESPERAR
2026-05-17 05:37:11,101.02,20.9,53.3,RANGE,BELOW,100.98,101.24,NEUTRAL,ESPERAR
2026-05-17 05:37:52,101.02,20.9,53.3,BULL,BELOW,100.98,101.24,NEUTRAL,ESPERAR
2026-05-17 05:38:11,101.02,20.9,53.3,RANGE,BELOW,100.98,101.24,NEUTRAL,ESPERAR
2026-05-17 05:38:53,101.02,20.9,53.3,BULL,BELOW,100.98,101.24,NEUTRAL,ESPERAR
2026-05-17 05:39:12,101.02,20.9,53.3,RANGE,BELOW,100.98,101.24,NEUTRAL,ESPERAR
2026-05-17 05:39:55,101.02,20.9,53.3,BULL,BELOW,100.98,101.24,NEUTRAL,ESPERAR
2026-05-17 05:40:13,101.02,20.9,53.3,RANGE,BELOW,100.98,101.24,NEUTRAL,ESPERAR
2026-05-17 05:40:56,101.02,20.9,53.3,BULL,BELOW,100.98,101.24,NEUTRAL,ESPERAR
2026-05-17 05:41:15,101.02,20.9,53.3,RANGE,BELOW,100.98,101.24,NEUTRAL,ESPERAR
2026-05-17 05:42:01,101.02,20.9,53.3,BULL,BELOW,100.98,101.24,NEUTRAL,ESPERAR
2026-05-17 05:42:16,101.02,20.9,53.3,RANGE,BELOW,100.98,101.24,NEUTRAL,ESPERAR
2026-05-17 05:43:02,101.02,20.9,53.3,BULL,BELOW,100.98,101.24,NEUTRAL,ESPERAR
2026-05-17 05:43:16,101.02,20.9,53.3,RANGE,BELOW,100.98,101.24,NEUTRAL,ESPERAR
2026-05-17 05:44:03,101.02,20.9,53.3,BULL,BELOW,100.98,101.24,NEUTRAL,ESPERAR
2026-05-17 05:44:17,101.02,20.9,53.3,RANGE,BELOW,100.98,101.24,NEUTRAL,ESPERAR
2026-05-17 05:45:04,101.02,20.9,53.3,BULL,BELOW,100.98,101.24,NEUTRAL,ESPERAR
2026-05-17 05:45:18,101.02,20.9,53.3,RANGE,BELOW,100.98,101.24,NEUTRAL,ESPERAR
2026-05-17 05:46:04,101.02,20.9,53.3,BULL,BELOW,100.98,101.24,NEUTRAL,ESPERAR
2026-05-17 05:46:19,101.02,20.9,53.3,RANGE,BELOW,100.98,101.24,NEUTRAL,ESPERAR
2026-05-17 05:47:07,101.02,20.9,53.3,BULL,BELOW,100.98,101.24,NEUTRAL,ESPERAR
2026-05-17 05:47:20,101.02,20.9,53.3,RANGE,BELOW,100.98,101.24,NEUTRAL,ESPERAR
2026-05-17 05:48:08,101.02,20.9,53.3,BULL,BELOW,100.98,101.24,NEUTRAL,ESPERAR
2026-05-17 05:48:21,101.02,20.9,53.3,RANGE,BELOW,100.98,101.24,NEUTRAL,ESPERAR
2026-05-17 05:49:09,101.02,20.9,53.3,BULL,BELOW,100.98,101.24,NEUTRAL,ESPERAR
2026-05-17 05:49:23,101.02,20.9,53.3,RANGE,BELOW,100.98,101.24,NEUTRAL,ESPERAR
2026-05-17 05:50:10,101.02,20.9,53.3,BULL,BELOW,100.98,101.24,NEUTRAL,ESPERAR
2026-05-17 05:50:24,101.02,20.9,53.3,RANGE,BELOW,100.98,101.24,NEUTRAL,ESPERAR
2026-05-17 05:51:11,101.02,20.9,53.3,BULL,BELOW,100.98,101.24,NEUTRAL,ESPERAR
2026-05-17 05:51:25,101.02,20.9,53.3,RANGE,BELOW,100.98,101.24,NEUTRAL,ESPERAR
2026-05-17 05:52:12,101.02,20.9,53.3,BULL,BELOW,100.98,101.24,NEUTRAL,ESPERAR
2026-05-17 05:52:25,101.02,20.9,53.3,RANGE,BELOW,100.98,101.24,NEUTRAL,ESPERAR
2026-05-17 05:53:13,101.02,20.9,53.3,BULL,BELOW,100.98,101.24,NEUTRAL,ESPERAR
2026-05-17 05:53:26,101.02,20.9,53.3,RANGE,BELOW,100.98,101.24,NEUTRAL,ESPERAR
2026-05-17 05:54:15,101.02,20.9,53.3,BULL,BELOW,100.98,101.24,NEUTRAL,ESPERAR
2026-05-17 05:54:29,101.02,20.9,53.3,RANGE,BELOW,100.98,101.24,NEUTRAL,ESPERAR
2026-05-17 05:55:15,101.02,20.9,53.3,BULL,BELOW,100.98,101.24,NEUTRAL,ESPERAR
2026-05-17 05:55:30,101.02,20.9,53.3,RANGE,BELOW,100.98,101.24,NEUTRAL,ESPERAR
2026-05-17 05:56:16,101.02,20.9,53.3,BULL,BELOW,100.98,101.24,NEUTRAL,ESPERAR
2026-05-17 05:56:30,101.02,20.9,53.3,RANGE,BELOW,100.98,101.24,NEUTRAL,ESPERAR
2026-05-17 05:57:18,101.02,20.9,53.3,BULL,BELOW,100.98,101.24,NEUTRAL,ESPERAR
2026-05-17 05:57:31,101.02,20.9,53.3,RANGE,BELOW,100.98,101.24,NEUTRAL,ESPERAR
2026-05-17 05:58:19,101.02,20.9,53.3,BULL,BELOW,100.98,101.24,NEUTRAL,ESPERAR
2026-05-17 05:58:32,101.02,20.9,53.3,RANGE,BELOW,100.98,101.24,NEUTRAL,ESPERAR
2026-05-17 05:59:20,101.02,20.9,53.3,BULL,BELOW,100.98,101.24,NEUTRAL,ESPERAR
2026-05-17 05:59:33,101.02,20.9,53.3,RANGE,BELOW,100.98,101.24,NEUTRAL,ESPERAR
2026-05-17 06:00:21,101.02,20.9,53.3,BULL,BELOW,100.98,101.24,NEUTRAL,ESPERAR
2026-05-17 06:00:34,101.02,20.9,53.3,RANGE,BELOW,100.98,101.24,NEUTRAL,ESPERAR
2026-05-17 06:01:22,101.02,20.9,53.3,BULL,BELOW,100.98,101.24,NEUTRAL,ESPERAR
2026-05-17 06:01:35,101.02,20.9,53.3,RANGE,BELOW,100.98,101.24,NEUTRAL,ESPERAR
2026-05-17 06:02:23,101.02,20.9,53.3,BULL,BELOW,100.98,101.24,NEUTRAL,ESPERAR
2026-05-17 06:02:36,101.02,20.9,53.3,RANGE,BELOW,100.98,101.24,NEUTRAL,ESPERAR
2026-05-17 06:03:24,101.02,20.9,53.3,BULL,BELOW,100.98,101.24,NEUTRAL,ESPERAR
2026-05-17 06:03:37,101.02,20.9,53.3,RANGE,BELOW,100.98,101.24,NEUTRAL,ESPERAR
2026-05-17 06:04:25,101.02,20.9,53.3,BULL,BELOW,100.98,101.24,NEUTRAL,ESPERAR
2026-05-17 06:04:38,101.02,20.9,53.3,RANGE,BELOW,100.98,101.24,NEUTRAL,ESPERAR
2026-05-17 06:05:27,101.02,20.9,53.3,BULL,BELOW,100.98,101.24,NEUTRAL,ESPERAR
2026-05-17 06:05:39,101.02,20.9,53.3,RANGE,BELOW,100.98,101.24,NEUTRAL,ESPERAR
2026-05-17 06:06:27,101.02,20.9,53.3,BULL,BELOW,100.98,101.24,NEUTRAL,ESPERAR
2026-05-17 06:06:40,101.02,20.9,53.3,RANGE,BELOW,100.98,101.24,NEUTRAL,ESPERAR
2026-05-17 06:07:28,101.02,20.9,53.3,BULL,BELOW,100.98,101.24,NEUTRAL,ESPERAR
2026-05-17 06:07:41,101.02,20.9,53.3,RANGE,BELOW,100.98,101.24,NEUTRAL,ESPERAR
2026-05-17 06:08:29,101.02,20.9,53.3,BULL,BELOW,100.98,101.24,NEUTRAL,ESPERAR
2026-05-17 06:08:42,101.02,20.9,53.3,RANGE,BELOW,100.98,101.24,NEUTRAL,ESPERAR
2026-05-17 06:09:30,101.02,20.9,53.3,BULL,BELOW,100.98,101.24,NEUTRAL,ESPERAR
2026-05-17 06:09:43,101.02,20.9,53.3,RANGE,BELOW,100.98,101.24,NEUTRAL,ESPERAR
2026-05-17 06:10:31,101.02,20.9,53.3,BULL,BELOW,100.98,101.24,NEUTRAL,ESPERAR
2026-05-17 06:10:44,101.02,20.9,53.3,RANGE,BELOW,100.98,101.24,NEUTRAL,ESPERAR
2026-05-17 06:11:32,101.02,20.9,53.3,BULL,BELOW,100.98,101.24,NEUTRAL,ESPERAR
2026-05-17 06:11:45,101.02,20.9,53.3,RANGE,BELOW,100.98,101.24,NEUTRAL,ESPERAR
2026-05-17 06:12:33,101.02,20.9,53.3,BULL,BELOW,100.98,101.24,NEUTRAL,ESPERAR
2026-05-17 06:12:45,101.02,20.9,53.3,RANGE,BELOW,100.98,101.24,NEUTRAL,ESPERAR
2026-05-17 06:13:34,101.02,20.9,53.3,BULL,BELOW,100.98,101.24,NEUTRAL,ESPERAR
2026-05-17 06:13:46,101.02,20.9,53.3,RANGE,BELOW,100.98,101.24,NEUTRAL,ESPERAR
2026-05-17 06:14:35,101.02,20.9,53.3,BULL,BELOW,100.98,101.24,NEUTRAL,ESPERAR
2026-05-17 06:14:49,101.02,20.9,53.3,RANGE,BELOW,100.98,101.24,NEUTRAL,ESPERAR
2026-05-17 06:15:36,101.02,20.9,53.3,BULL,BELOW,100.98,101.24,NEUTRAL,ESPERAR
2026-05-17 06:15:50,101.02,20.9,53.3,RANGE,BELOW,100.98,101.24,NEUTRAL,ESPERAR
2026-05-17 06:16:37,101.02,20.9,53.3,BULL,BELOW,100.98,101.24,NEUTRAL,ESPERAR
2026-05-17 06:16:51,101.02,20.9,53.3,RANGE,BELOW,100.98,101.24,NEUTRAL,ESPERAR
2026-05-17 06:17:38,101.02,20.9,53.3,BULL,BELOW,100.98,101.24,NEUTRAL,ESPERAR
2026-05-17 06:17:52,101.02,20.9,53.3,RANGE,BELOW,100.98,101.24,NEUTRAL,ESPERAR
2026-05-17 06:18:39,101.02,20.9,53.3,BULL,BELOW,100.98,101.24,NEUTRAL,ESPERAR
2026-05-17 06:18:52,101.02,20.9,53.3,RANGE,BELOW,100.98,101.24,NEUTRAL,ESPERAR
2026-05-17 06:19:41,101.02,20.9,53.3,BULL,BELOW,100.98,101.24,NEUTRAL,ESPERAR
2026-05-17 06:19:53,101.02,20.9,53.3,RANGE,BELOW,100.98,101.24,NEUTRAL,ESPERAR
2026-05-17 06:20:41,101.02,20.9,53.3,BULL,BELOW,100.98,101.24,NEUTRAL,ESPERAR
2026-05-17 06:20:54,101.02,20.9,53.3,RANGE,BELOW,100.98,101.24,NEUTRAL,ESPERAR
2026-05-17 06:21:42,101.02,20.9,53.3,BULL,BELOW,100.98,101.24,NEUTRAL,ESPERAR
2026-05-17 06:21:55,101.02,20.9,53.3,RANGE,BELOW,100.98,101.24,NEUTRAL,ESPERAR
2026-05-17 06:22:43,101.02,20.9,53.3,BULL,BELOW,100.98,101.24,NEUTRAL,ESPERAR
2026-05-17 06:22:56,101.02,20.9,53.3,RANGE,BELOW,100.98,101.24,NEUTRAL,ESPERAR
2026-05-17 06:23:44,101.02,20.9,53.3,BULL,BELOW,100.98,101.24,NEUTRAL,ESPERAR
2026-05-17 06:23:57,101.02,20.9,53.3,RANGE,BELOW,100.98,101.24,NEUTRAL,ESPERAR
2026-05-17 06:24:45,101.02,20.9,53.3,BULL,BELOW,100.98,101.24,NEUTRAL,ESPERAR
2026-05-17 06:24:58,101.02,20.9,53.3,RANGE,BELOW,100.98,101.24,NEUTRAL,ESPERAR
2026-05-17 06:25:46,101.02,20.9,53.3,BULL,BELOW,100.98,101.24,NEUTRAL,ESPERAR
2026-05-17 06:25:59,101.02,20.9,53.3,RANGE,BELOW,100.98,101.24,NEUTRAL,ESPERAR
2026-05-17 06:26:47,101.02,20.9,53.3,BULL,BELOW,100.98,101.24,NEUTRAL,ESPERAR
2026-05-17 06:27:01,101.02,20.9,53.3,RANGE,BELOW,100.98,101.24,NEUTRAL,ESPERAR
2026-05-17 06:27:48,101.02,20.9,53.3,BULL,BELOW,100.98,101.24,NEUTRAL,ESPERAR
2026-05-17 06:28:04,101.02,20.9,53.3,RANGE,BELOW,100.98,101.24,NEUTRAL,ESPERAR
2026-05-17 06:28:49,101.02,20.9,53.3,BULL,BELOW,100.98,101.24,NEUTRAL,ESPERAR
2026-05-17 06:29:05,101.02,20.9,53.3,RANGE,BELOW,100.98,101.24,NEUTRAL,ESPERAR
2026-05-17 06:29:50,101.02,20.9,53.3,BULL,BELOW,100.98,101.24,NEUTRAL,ESPERAR
2026-05-17 06:30:06,101.02,20.9,53.3,RANGE,BELOW,100.98,101.24,NEUTRAL,ESPERAR
2026-05-17 06:30:51,101.02,20.9,53.3,BULL,BELOW,100.98,101.24,NEUTRAL,ESPERAR
2026-05-17 06:31:07,101.02,20.9,53.3,RANGE,BELOW,100.98,101.24,NEUTRAL,ESPERAR
2026-05-17 06:31:52,101.02,20.9,53.3,BULL,BELOW,100.98,101.24,NEUTRAL,ESPERAR
2026-05-17 06:32:09,101.02,20.9,53.3,RANGE,BELOW,100.98,101.24,NEUTRAL,ESPERAR
2026-05-17 06:32:53,101.02,20.9,53.3,BULL,BELOW,100.98,101.24,NEUTRAL,ESPERAR
2026-05-17 06:33:09,101.02,20.9,53.3,RANGE,BELOW,100.98,101.24,NEUTRAL,ESPERAR
2026-05-17 06:33:54,101.02,20.9,53.3,BULL,BELOW,100.98,101.24,NEUTRAL,ESPERAR
2026-05-17 06:34:10,101.02,20.9,53.3,RANGE,BELOW,100.98,101.24,NEUTRAL,ESPERAR
2026-05-17 06:34:55,101.02,20.9,53.3,BULL,BELOW,100.98,101.24,NEUTRAL,ESPERAR
2026-05-17 06:35:11,101.02,20.9,53.3,RANGE,BELOW,100.98,101.24,NEUTRAL,ESPERAR
2026-05-17 06:35:56,101.02,20.9,53.3,BULL,BELOW,100.98,101.24,NEUTRAL,ESPERAR
2026-05-17 06:36:12,101.02,20.9,53.3,RANGE,BELOW,100.98,101.24,NEUTRAL,ESPERAR
2026-05-17 06:36:57,101.02,20.9,53.3,BULL,BELOW,100.98,101.24,NEUTRAL,ESPERAR
2026-05-17 06:37:13,101.02,20.9,53.3,RANGE,BELOW,100.98,101.24,NEUTRAL,ESPERAR
2026-05-17 06:37:59,101.02,20.9,53.3,BULL,BELOW,100.98,101.24,NEUTRAL,ESPERAR
2026-05-17 06:38:15,101.02,20.9,53.3,RANGE,BELOW,100.98,101.24,NEUTRAL,ESPERAR
2026-05-17 06:39:00,101.02,20.9,53.3,BULL,BELOW,100.98,101.24,NEUTRAL,ESPERAR
2026-05-17 06:39:16,101.02,20.9,53.3,RANGE,BELOW,100.98,101.24,NEUTRAL,ESPERAR
2026-05-17 06:40:01,101.02,20.9,53.3,BULL,BELOW,100.98,101.24,NEUTRAL,ESPERAR
2026-05-17 06:40:17,101.02,20.9,53.3,RANGE,BELOW,100.98,101.24,NEUTRAL,ESPERAR
2026-05-17 06:41:02,101.02,20.9,53.3,BULL,BELOW,100.98,101.24,NEUTRAL,ESPERAR
2026-05-17 06:41:18,101.02,20.9,53.3,RANGE,BELOW,100.98,101.24,NEUTRAL,ESPERAR
2026-05-17 06:42:03,101.02,20.9,53.3,BULL,BELOW,100.98,101.24,NEUTRAL,ESPERAR
2026-05-17 06:42:19,101.02,20.9,53.3,RANGE,BELOW,100.98,101.24,NEUTRAL,ESPERAR
2026-05-17 06:43:04,101.02,20.9,53.3,BULL,BELOW,100.98,101.24,NEUTRAL,ESPERAR
2026-05-17 06:43:20,101.02,20.9,53.3,RANGE,BELOW,100.98,101.24,NEUTRAL,ESPERAR
2026-05-17 06:44:05,101.02,20.9,53.3,BULL,BELOW,100.98,101.24,NEUTRAL,ESPERAR
2026-05-17 06:44:21,101.02,20.9,53.3,RANGE,BELOW,100.98,101.24,NEUTRAL,ESPERAR
2026-05-17 06:45:06,101.02,20.9,53.3,BULL,BELOW,100.98,101.24,NEUTRAL,ESPERAR
2026-05-17 06:45:22,101.02,20.9,53.3,RANGE,BELOW,100.98,101.24,NEUTRAL,ESPERAR
2026-05-17 06:46:07,101.02,20.9,53.3,BULL,BELOW,100.98,101.24,NEUTRAL,ESPERAR
2026-05-17 06:46:23,101.02,20.9,53.3,RANGE,BELOW,100.98,101.24,NEUTRAL,ESPERAR
2026-05-17 06:47:08,101.02,20.9,53.3,BULL,BELOW,100.98,101.24,NEUTRAL,ESPERAR
2026-05-17 06:47:23,101.02,20.9,53.3,RANGE,BELOW,100.98,101.24,NEUTRAL,ESPERAR
2026-05-17 06:48:09,101.02,20.9,53.3,BULL,BELOW,100.98,101.24,NEUTRAL,ESPERAR
2026-05-17 06:48:24,101.02,20.9,53.3,RANGE,BELOW,100.98,101.24,NEUTRAL,ESPERAR
2026-05-17 06:49:10,101.02,20.9,53.3,BULL,BELOW,100.98,101.24,NEUTRAL,ESPERAR
2026-05-17 06:49:25,101.02,20.9,53.3,RANGE,BELOW,100.98,101.24,NEUTRAL,ESPERAR
2026-05-17 06:50:11,101.02,20.9,53.3,BULL,BELOW,100.98,101.24,NEUTRAL,ESPERAR
2026-05-17 06:50:27,101.02,20.9,53.3,RANGE,BELOW,100.98,101.24,NEUTRAL,ESPERAR
2026-05-17 06:51:12,101.02,20.9,53.3,BULL,BELOW,100.98,101.24,NEUTRAL,ESPERAR
2026-05-17 06:51:29,101.02,20.9,53.3,RANGE,BELOW,100.98,101.24,NEUTRAL,ESPERAR
2026-05-17 06:52:13,101.02,20.9,53.3,BULL,BELOW,100.98,101.24,NEUTRAL,ESPERAR
2026-05-17 06:52:29,101.02,20.9,53.3,RANGE,BELOW,100.98,101.24,NEUTRAL,ESPERAR
2026-05-17 06:53:13,101.02,20.9,53.3,BULL,BELOW,100.98,101.24,NEUTRAL,ESPERAR
2026-05-17 06:53:30,101.02,20.9,53.3,RANGE,BELOW,100.98,101.24,NEUTRAL,ESPERAR
2026-05-17 06:54:15,101.02,20.9,53.3,BULL,BELOW,100.98,101.24,ALCISTA,ESPERAR
2026-05-17 06:54:31,101.02,20.9,53.3,RANGE,BELOW,100.98,101.24,ALCISTA,ESPERAR
2026-05-17 06:55:16,101.02,20.9,53.3,BULL,BELOW,100.98,101.24,ALCISTA,ESPERAR
2026-05-17 06:55:33,101.02,20.9,53.3,RANGE,BELOW,100.98,101.24,ALCISTA,ESPERAR
2026-05-17 06:56:17,101.02,20.9,53.3,BULL,BELOW,100.98,101.24,ALCISTA,ESPERAR
2026-05-17 06:56:34,101.02,20.9,53.3,RANGE,BELOW,100.98,101.24,ALCISTA,ESPERAR
2026-05-17 06:57:18,101.02,20.9,53.3,BULL,BELOW,100.98,101.24,ALCISTA,ESPERAR
2026-05-17 06:57:35,101.02,20.9,53.3,RANGE,BELOW,100.98,101.24,ALCISTA,ESPERAR
2026-05-17 06:58:19,101.02,20.9,53.3,BULL,BELOW,100.98,101.24,ALCISTA,ESPERAR
2026-05-17 06:58:36,101.02,20.9,53.3,RANGE,BELOW,100.98,101.24,ALCISTA,ESPERAR
2026-05-17 06:59:20,101.02,20.9,53.3,BULL,BELOW,100.98,101.24,ALCISTA,ESPERAR
2026-05-17 06:59:38,101.02,20.9,53.3,RANGE,BELOW,100.98,101.24,ALCISTA,ESPERAR
2026-05-17 07:00:21,101.02,20.9,53.3,BULL,BELOW,100.98,101.24,ALCISTA,ESPERAR
2026-05-17 07:00:39,101.02,20.9,53.3,RANGE,BELOW,100.98,101.24,ALCISTA,ESPERAR
2026-05-17 07:01:22,101.02,20.9,53.3,BULL,BELOW,100.98,101.24,ALCISTA,ESPERAR
2026-05-17 07:01:40,101.02,20.9,53.3,RANGE,BELOW,100.98,101.24,ALCISTA,ESPERAR
2026-05-17 07:02:23,101.02,20.9,53.3,BULL,BELOW,100.98,101.24,ALCISTA,ESPERAR
2026-05-17 07:02:41,101.02,20.9,53.3,RANGE,BELOW,100.98,101.24,ALCISTA,ESPERAR
2026-05-17 07:03:24,101.02,20.9,53.3,BULL,BELOW,100.98,101.24,ALCISTA,ESPERAR
2026-05-17 07:03:42,101.02,20.9,53.3,RANGE,BELOW,100.98,101.24,ALCISTA,ESPERAR
2026-05-17 07:04:25,101.02,20.9,53.3,BULL,BELOW,100.98,101.24,ALCISTA,ESPERAR
2026-05-17 07:04:44,101.02,20.9,53.3,RANGE,BELOW,100.98,101.24,ALCISTA,ESPERAR
2026-05-17 07:05:26,101.02,20.9,53.3,BULL,BELOW,100.98,101.24,ALCISTA,ESPERAR
2026-05-17 07:05:45,101.02,20.9,53.3,RANGE,BELOW,100.98,101.24,ALCISTA,ESPERAR
2026-05-17 07:06:27,101.02,20.9,53.3,BULL,BELOW,100.98,101.24,ALCISTA,ESPERAR
2026-05-17 07:06:46,101.02,20.9,53.3,RANGE,BELOW,100.98,101.24,ALCISTA,ESPERAR
2026-05-17 07:07:28,101.02,20.9,53.3,BULL,BELOW,100.98,101.24,ALCISTA,ESPERAR
2026-05-17 07:07:47,101.02,20.9,53.3,RANGE,BELOW,100.98,101.24,ALCISTA,ESPERAR
2026-05-17 07:08:29,101.02,20.9,53.3,BULL,BELOW,100.98,101.24,ALCISTA,ESPERAR
2026-05-17 07:08:48,101.02,20.9,53.3,RANGE,BELOW,100.98,101.24,ALCISTA,ESPERAR
2026-05-17 07:09:30,101.02,20.9,53.3,BULL,BELOW,100.98,101.24,ALCISTA,ESPERAR
2026-05-17 07:09:49,101.02,20.9,53.3,RANGE,BELOW,100.98,101.24,ALCISTA,ESPERAR
2026-05-17 07:10:31,101.02,20.9,53.3,BULL,BELOW,100.98,101.24,ALCISTA,ESPERAR
2026-05-17 07:10:50,101.02,20.9,53.3,RANGE,BELOW,100.98,101.24,ALCISTA,ESPERAR
2026-05-17 07:11:32,101.02,20.9,53.3,BULL,BELOW,100.98,101.24,ALCISTA,ESPERAR
2026-05-17 07:11:52,101.02,20.9,53.3,RANGE,BELOW,100.98,101.24,ALCISTA,ESPERAR
2026-05-17 07:12:33,101.02,20.9,53.3,BULL,BELOW,100.98,101.24,ALCISTA,ESPERAR
2026-05-17 07:12:53,101.02,20.9,53.3,RANGE,BELOW,100.98,101.24,ALCISTA,ESPERAR
2026-05-17 07:13:34,101.02,20.9,53.3,BULL,BELOW,100.98,101.24,ALCISTA,ESPERAR
2026-05-17 07:13:54,101.02,20.9,53.3,RANGE,BELOW,100.98,101.24,ALCISTA,ESPERAR
2026-05-17 07:14:35,101.02,20.9,53.3,BULL,BELOW,100.98,101.24,ALCISTA,ESPERAR
2026-05-17 07:14:55,101.02,20.9,53.3,RANGE,BELOW,100.98,101.24,ALCISTA,ESPERAR
2026-05-17 07:15:36,101.02,20.9,53.3,BULL,BELOW,100.98,101.24,ALCISTA,ESPERAR
2026-05-17 07:15:56,101.02,20.9,53.3,RANGE,BELOW,100.98,101.24,ALCISTA,ESPERAR
2026-05-17 07:16:37,101.02,20.9,53.3,BULL,BELOW,100.98,101.24,ALCISTA,ESPERAR
2026-05-17 07:16:58,101.02,20.9,53.3,RANGE,BELOW,100.98,101.24,ALCISTA,ESPERAR
2026-05-17 07:17:38,101.02,20.9,53.3,BULL,BELOW,100.98,101.24,ALCISTA,ESPERAR
2026-05-17 07:17:59,101.02,20.9,53.3,RANGE,BELOW,100.98,101.24,ALCISTA,ESPERAR
2026-05-17 07:18:39,101.02,20.9,53.3,BULL,BELOW,100.98,101.24,ALCISTA,ESPERAR
2026-05-17 07:19:00,101.02,20.9,53.3,RANGE,BELOW,100.98,101.24,ALCISTA,ESPERAR
2026-05-17 07:19:40,101.02,20.9,53.3,BULL,BELOW,100.98,101.24,ALCISTA,ESPERAR
2026-05-17 07:20:01,101.02,20.9,53.3,RANGE,BELOW,100.98,101.24,ALCISTA,ESPERAR
2026-05-17 07:20:41,101.02,20.9,53.3,BULL,BELOW,100.98,101.24,ALCISTA,ESPERAR
2026-05-17 07:21:03,101.02,20.9,53.3,RANGE,BELOW,100.98,101.24,ALCISTA,ESPERAR
2026-05-17 07:21:43,101.02,20.9,53.3,BULL,BELOW,100.98,101.24,ALCISTA,ESPERAR
2026-05-17 07:22:04,101.02,20.9,53.3,RANGE,BELOW,100.98,101.24,ALCISTA,ESPERAR
2026-05-17 07:22:44,101.02,20.9,53.3,BULL,BELOW,100.98,101.24,ALCISTA,ESPERAR
2026-05-17 07:23:05,101.02,20.9,53.3,RANGE,BELOW,100.98,101.24,ALCISTA,ESPERAR
2026-05-17 07:23:45,101.02,20.9,53.3,BULL,BELOW,100.98,101.24,ALCISTA,ESPERAR
2026-05-17 07:24:06,101.02,20.9,53.3,RANGE,BELOW,100.98,101.24,ALCISTA,ESPERAR
2026-05-17 07:24:46,101.02,20.9,53.3,BULL,BELOW,100.98,101.24,ALCISTA,ESPERAR
2026-05-17 07:25:07,101.02,20.9,53.3,RANGE,BELOW,100.98,101.24,ALCISTA,ESPERAR
2026-05-17 07:25:47,101.02,20.9,53.3,BULL,BELOW,100.98,101.24,ALCISTA,ESPERAR
2026-05-17 07:26:08,101.02,20.9,53.3,RANGE,BELOW,100.98,101.24,ALCISTA,ESPERAR
2026-05-17 07:26:48,101.02,20.9,53.3,BULL,BELOW,100.98,101.24,ALCISTA,ESPERAR
2026-05-17 07:27:10,101.02,20.9,53.3,RANGE,BELOW,100.98,101.24,ALCISTA,ESPERAR
2026-05-17 07:27:49,101.02,20.9,53.3,BULL,BELOW,100.98,101.24,ALCISTA,ESPERAR
2026-05-17 07:28:11,101.02,20.9,53.3,RANGE,BELOW,100.98,101.24,ALCISTA,ESPERAR
2026-05-17 07:28:51,101.02,20.9,53.3,BULL,BELOW,100.98,101.24,ALCISTA,ESPERAR
2026-05-17 07:29:12,101.02,20.9,53.3,RANGE,BELOW,100.98,101.24,ALCISTA,ESPERAR
2026-05-17 07:29:52,101.02,20.9,53.3,BULL,BELOW,100.98,101.24,ALCISTA,ESPERAR
2026-05-17 07:30:13,101.02,20.9,53.3,RANGE,BELOW,100.98,101.24,ALCISTA,ESPERAR
2026-05-17 07:30:54,101.02,20.9,53.3,BULL,BELOW,100.98,101.24,ALCISTA,ESPERAR
2026-05-17 07:31:14,101.02,20.9,53.3,RANGE,BELOW,100.98,101.24,ALCISTA,ESPERAR
2026-05-17 07:31:55,101.02,20.9,53.3,BULL,BELOW,100.98,101.24,ALCISTA,ESPERAR
2026-05-17 07:32:15,101.02,20.9,53.3,RANGE,BELOW,100.98,101.24,ALCISTA,ESPERAR
2026-05-17 07:32:56,101.02,20.9,53.3,BULL,BELOW,100.98,101.24,ALCISTA,ESPERAR
2026-05-17 07:33:16,101.02,20.9,53.3,RANGE,BELOW,100.98,101.24,ALCISTA,ESPERAR
2026-05-17 07:33:57,101.02,20.9,53.3,BULL,BELOW,100.98,101.24,ALCISTA,ESPERAR
2026-05-17 07:34:17,101.02,20.9,53.3,RANGE,BELOW,100.98,101.24,ALCISTA,ESPERAR
2026-05-17 07:34:58,101.02,20.9,53.3,BULL,BELOW,100.98,101.24,ALCISTA,ESPERAR
2026-05-17 07:35:18,101.02,20.9,53.3,RANGE,BELOW,100.98,101.24,ALCISTA,ESPERAR
2026-05-17 07:35:59,101.02,20.9,53.3,BULL,BELOW,100.98,101.24,ALCISTA,ESPERAR
2026-05-17 07:36:19,101.02,20.9,53.3,RANGE,BELOW,100.98,101.24,ALCISTA,ESPERAR
2026-05-17 07:37:00,101.02,20.9,53.3,BULL,BELOW,100.98,101.24,ALCISTA,ESPERAR
2026-05-17 07:37:21,101.02,20.9,53.3,RANGE,BELOW,100.98,101.24,ALCISTA,ESPERAR
2026-05-17 07:38:01,101.02,20.9,53.3,BULL,BELOW,100.98,101.24,ALCISTA,ESPERAR
2026-05-17 07:38:22,101.02,20.9,53.3,RANGE,BELOW,100.98,101.24,ALCISTA,ESPERAR
2026-05-17 07:39:02,101.02,20.9,53.3,BULL,BELOW,100.98,101.24,ALCISTA,ESPERAR
2026-05-17 07:39:24,101.02,20.9,53.3,RANGE,BELOW,100.98,101.24,ALCISTA,ESPERAR
2026-05-17 07:40:03,101.02,20.9,53.3,BULL,BELOW,100.98,101.24,ALCISTA,ESPERAR
2026-05-17 07:40:24,101.02,20.9,53.3,RANGE,BELOW,100.98,101.24,ALCISTA,ESPERAR
2026-05-17 07:41:04,101.02,20.9,53.3,BULL,BELOW,100.98,101.24,ALCISTA,ESPERAR
2026-05-17 07:41:25,101.02,20.9,53.3,RANGE,BELOW,100.98,101.24,ALCISTA,ESPERAR
2026-05-17 07:42:05,101.02,20.9,53.3,BULL,BELOW,100.98,101.24,ALCISTA,ESPERAR
2026-05-17 07:42:26,101.02,20.9,53.3,RANGE,BELOW,100.98,101.24,ALCISTA,ESPERAR
2026-05-17 07:43:06,101.02,20.9,53.3,BULL,BELOW,100.98,101.24,ALCISTA,ESPERAR
2026-05-17 07:43:27,101.02,20.9,53.3,RANGE,BELOW,100.98,101.24,ALCISTA,ESPERAR
2026-05-17 07:44:07,101.02,20.9,53.3,BULL,BELOW,100.98,101.24,ALCISTA,ESPERAR
2026-05-17 07:44:28,101.02,20.9,53.3,RANGE,BELOW,100.98,101.24,ALCISTA,ESPERAR
2026-05-17 07:45:08,101.02,20.9,53.3,BULL,BELOW,100.98,101.24,ALCISTA,ESPERAR
2026-05-17 07:45:29,101.02,20.9,53.3,RANGE,BELOW,100.98,101.24,ALCISTA,ESPERAR
2026-05-17 07:46:10,101.02,20.9,53.3,BULL,BELOW,100.98,101.24,ALCISTA,ESPERAR
2026-05-17 07:46:30,101.02,20.9,53.3,RANGE,BELOW,100.98,101.24,ALCISTA,ESPERAR
2026-05-17 07:47:10,101.02,20.9,53.3,BULL,BELOW,100.98,101.24,ALCISTA,ESPERAR
2026-05-17 07:47:32,101.02,20.9,53.3,RANGE,BELOW,100.98,101.24,ALCISTA,ESPERAR
2026-05-17 07:48:11,101.02,20.9,53.3,BULL,BELOW,100.98,101.24,ALCISTA,ESPERAR
2026-05-17 07:48:33,101.02,20.9,53.3,RANGE,BELOW,100.98,101.24,ALCISTA,ESPERAR
2026-05-17 07:49:12,101.02,20.9,53.3,BULL,BELOW,100.98,101.24,ALCISTA,ESPERAR
2026-05-17 07:49:34,101.02,20.9,53.3,RANGE,BELOW,100.98,101.24,ALCISTA,ESPERAR
2026-05-17 07:50:13,101.02,20.9,53.3,BULL,BELOW,100.98,101.24,ALCISTA,ESPERAR
2026-05-17 07:50:35,101.02,20.9,53.3,RANGE,BELOW,100.98,101.24,ALCISTA,ESPERAR
2026-05-17 07:51:14,101.02,20.9,53.3,BULL,BELOW,100.98,101.24,ALCISTA,ESPERAR
2026-05-17 07:51:36,101.02,20.9,53.3,RANGE,BELOW,100.98,101.24,ALCISTA,ESPERAR
2026-05-17 07:52:16,101.02,20.9,53.3,BULL,BELOW,100.98,101.24,ALCISTA,ESPERAR
2026-05-17 07:52:37,101.02,20.9,53.3,RANGE,BELOW,100.98,101.24,ALCISTA,ESPERAR
2026-05-17 07:53:17,101.02,20.9,53.3,BULL,BELOW,100.98,101.24,ALCISTA,ESPERAR
2026-05-17 07:53:39,101.02,20.9,53.3,RANGE,BELOW,100.98,101.24,ALCISTA,ESPERAR
2026-05-17 07:54:18,101.02,20.9,53.3,BULL,BELOW,100.98,101.24,ALCISTA,ESPERAR
2026-05-17 07:54:40,101.02,20.9,53.3,RANGE,BELOW,100.98,101.24,ALCISTA,ESPERAR
2026-05-17 07:55:19,101.02,20.9,53.3,BULL,BELOW,100.98,101.24,ALCISTA,ESPERAR
2026-05-17 07:55:41,101.02,20.9,53.3,RANGE,BELOW,100.98,101.24,ALCISTA,ESPERAR
2026-05-17 07:56:20,101.02,20.9,53.3,BULL,BELOW,100.98,101.24,ALCISTA,ESPERAR
2026-05-17 07:56:42,101.02,20.9,53.3,RANGE,BELOW,100.98,101.24,ALCISTA,ESPERAR
2026-05-17 07:57:21,101.02,20.9,53.3,BULL,BELOW,100.98,101.24,ALCISTA,ESPERAR
2026-05-17 07:57:43,101.02,20.9,53.3,RANGE,BELOW,100.98,101.24,ALCISTA,ESPERAR
2026-05-17 07:58:23,101.02,20.9,53.3,BULL,BELOW,100.98,101.24,ALCISTA,ESPERAR
2026-05-17 07:58:44,101.02,20.9,53.3,RANGE,BELOW,100.98,101.24,ALCISTA,ESPERAR
2026-05-17 07:59:24,101.02,20.9,53.3,BULL,BELOW,100.98,101.24,ALCISTA,ESPERAR
2026-05-17 07:59:45,101.02,20.9,53.3,RANGE,BELOW,100.98,101.24,ALCISTA,ESPERAR
2026-05-17 08:00:25,101.02,20.9,53.3,BULL,BELOW,100.98,101.24,ALCISTA,ESPERAR
2026-05-17 08:00:46,101.02,20.9,53.3,RANGE,BELOW,100.98,101.24,ALCISTA,ESPERAR
2026-05-17 08:01:26,101.02,20.9,53.3,BULL,BELOW,100.98,101.24,ALCISTA,ESPERAR
2026-05-17 08:01:47,101.02,20.9,53.3,RANGE,BELOW,100.98,101.24,ALCISTA,ESPERAR
2026-05-17 08:02:27,101.02,20.9,53.3,BULL,BELOW,100.98,101.24,ALCISTA,ESPERAR
2026-05-17 08:02:48,101.02,20.9,53.3,RANGE,BELOW,100.98,101.24,ALCISTA,ESPERAR
2026-05-17 08:03:28,101.02,20.9,53.3,BULL,BELOW,100.98,101.24,ALCISTA,ESPERAR
2026-05-17 08:03:49,101.02,20.9,53.3,RANGE,BELOW,100.98,101.24,ALCISTA,ESPERAR
2026-05-17 08:04:29,101.02,20.9,53.3,BULL,BELOW,100.98,101.24,ALCISTA,ESPERAR
2026-05-17 08:04:50,101.02,20.9,53.3,RANGE,BELOW,100.98,101.24,ALCISTA,ESPERAR
2026-05-17 08:05:30,101.02,20.9,53.3,BULL,BELOW,100.98,101.24,ALCISTA,ESPERAR
2026-05-17 08:05:51,101.02,20.9,53.3,RANGE,BELOW,100.98,101.24,ALCISTA,ESPERAR
2026-05-17 08:06:31,101.02,20.9,53.3,BULL,BELOW,100.98,101.24,ALCISTA,ESPERAR
2026-05-17 08:06:52,101.02,20.9,53.3,RANGE,BELOW,100.98,101.24,ALCISTA,ESPERAR
2026-05-17 08:07:32,101.02,20.9,53.3,BULL,BELOW,100.98,101.24,ALCISTA,ESPERAR
2026-05-17 08:07:53,101.02,20.9,53.3,RANGE,BELOW,100.98,101.24,ALCISTA,ESPERAR
2026-05-17 08:08:33,101.02,20.9,53.3,BULL,BELOW,100.98,101.24,ALCISTA,ESPERAR
2026-05-17 08:08:54,101.02,20.9,53.3,RANGE,BELOW,100.98,101.24,ALCISTA,ESPERAR
2026-05-17 08:09:34,101.02,20.9,53.3,BULL,BELOW,100.98,101.24,ALCISTA,ESPERAR
2026-05-17 08:09:55,101.02,20.9,53.3,RANGE,BELOW,100.98,101.24,ALCISTA,ESPERAR
2026-05-17 08:10:35,101.02,20.9,53.3,BULL,BELOW,100.98,101.24,ALCISTA,ESPERAR
2026-05-17 08:10:55,101.02,20.9,53.3,RANGE,BELOW,100.98,101.24,ALCISTA,ESPERAR
2026-05-17 08:11:36,101.02,20.9,53.3,BULL,BELOW,100.98,101.24,ALCISTA,ESPERAR
2026-05-17 08:11:56,101.02,20.9,53.3,RANGE,BELOW,100.98,101.24,ALCISTA,ESPERAR
2026-05-17 08:12:37,101.02,20.9,53.3,BULL,BELOW,100.98,101.24,ALCISTA,ESPERAR
2026-05-17 08:12:57,101.02,20.9,53.3,RANGE,BELOW,100.98,101.24,ALCISTA,ESPERAR
2026-05-17 08:13:38,101.02,20.9,53.3,BULL,BELOW,100.98,101.24,ALCISTA,ESPERAR
2026-05-17 08:13:58,101.02,20.9,53.3,RANGE,BELOW,100.98,101.24,ALCISTA,ESPERAR
2026-05-17 08:14:39,101.02,20.9,53.3,BULL,BELOW,100.98,101.24,ALCISTA,ESPERAR
2026-05-17 08:15:00,101.02,20.9,53.3,RANGE,BELOW,100.98,101.24,ALCISTA,ESPERAR
2026-05-17 08:15:39,101.02,20.9,53.3,BULL,BELOW,100.98,101.24,ALCISTA,ESPERAR
2026-05-17 08:16:01,101.02,20.9,53.3,RANGE,BELOW,100.98,101.24,ALCISTA,ESPERAR
2026-05-17 08:16:40,101.02,20.9,53.3,BULL,BELOW,100.98,101.24,ALCISTA,ESPERAR
2026-05-17 08:17:02,101.02,20.9,53.3,RANGE,BELOW,100.98,101.24,ALCISTA,ESPERAR
2026-05-17 08:17:43,101.02,20.9,53.3,BULL,BELOW,100.98,101.24,ALCISTA,ESPERAR
2026-05-17 08:18:03,101.02,20.9,53.3,RANGE,BELOW,100.98,101.24,ALCISTA,ESPERAR
2026-05-17 08:18:44,101.02,20.9,53.3,BULL,BELOW,100.98,101.24,ALCISTA,ESPERAR
2026-05-17 08:19:06,101.02,20.9,53.3,RANGE,BELOW,100.98,101.24,ALCISTA,ESPERAR
2026-05-17 08:19:44,101.02,20.9,53.3,BULL,BELOW,100.98,101.24,ALCISTA,ESPERAR
2026-05-17 08:20:07,101.02,20.9,53.3,RANGE,BELOW,100.98,101.24,ALCISTA,ESPERAR
2026-05-17 08:20:45,101.02,20.9,53.3,BULL,BELOW,100.98,101.24,ALCISTA,ESPERAR
2026-05-17 08:21:09,101.02,20.9,53.3,RANGE,BELOW,100.98,101.24,ALCISTA,ESPERAR
2026-05-17 08:21:46,101.02,20.9,53.3,BULL,BELOW,100.98,101.24,ALCISTA,ESPERAR
2026-05-17 08:22:10,101.02,20.9,53.3,RANGE,BELOW,100.98,101.24,ALCISTA,ESPERAR
2026-05-17 08:22:47,101.02,20.9,53.3,BULL,BELOW,100.98,101.24,ALCISTA,ESPERAR
2026-05-17 08:23:11,101.02,20.9,53.3,RANGE,BELOW,100.98,101.24,ALCISTA,ESPERAR
2026-05-17 08:23:48,101.02,20.9,53.3,BULL,BELOW,100.98,101.24,ALCISTA,ESPERAR
2026-05-17 08:24:12,101.02,20.9,53.3,RANGE,BELOW,100.98,101.24,ALCISTA,ESPERAR
2026-05-17 08:24:49,101.02,20.9,53.3,BULL,BELOW,100.98,101.24,ALCISTA,ESPERAR
2026-05-17 08:25:12,101.02,20.9,53.3,RANGE,BELOW,100.98,101.24,ALCISTA,ESPERAR
2026-05-17 08:25:50,101.02,20.9,53.3,BULL,BELOW,100.98,101.24,ALCISTA,ESPERAR
2026-05-17 08:26:14,101.02,20.9,53.3,RANGE,BELOW,100.98,101.24,ALCISTA,ESPERAR
2026-05-17 08:26:51,101.02,20.9,53.3,BULL,BELOW,100.98,101.24,ALCISTA,ESPERAR
2026-05-17 08:27:15,101.02,20.9,53.3,RANGE,BELOW,100.98,101.24,ALCISTA,ESPERAR
2026-05-17 08:27:52,101.02,20.9,53.3,BULL,BELOW,100.98,101.24,ALCISTA,ESPERAR
2026-05-17 08:28:16,101.02,20.9,53.3,RANGE,BELOW,100.98,101.24,ALCISTA,ESPERAR
2026-05-17 08:28:53,101.02,20.9,53.3,BULL,BELOW,100.98,101.24,ALCISTA,ESPERAR
2026-05-17 08:29:17,101.02,20.9,53.3,RANGE,BELOW,100.98,101.24,ALCISTA,ESPERAR
2026-05-17 08:29:54,101.02,20.9,53.3,BULL,BELOW,100.98,101.24,ALCISTA,ESPERAR
2026-05-17 08:30:18,101.02,20.9,53.3,RANGE,BELOW,100.98,101.24,ALCISTA,ESPERAR
2026-05-17 08:30:55,101.02,20.9,53.3,BULL,BELOW,100.98,101.24,ALCISTA,ESPERAR
2026-05-17 08:31:19,101.02,20.9,53.3,RANGE,BELOW,100.98,101.24,ALCISTA,ESPERAR
2026-05-17 08:31:56,101.02,20.9,53.3,BULL,BELOW,100.98,101.24,ALCISTA,ESPERAR
2026-05-17 08:32:21,101.02,20.9,53.3,RANGE,BELOW,100.98,101.24,ALCISTA,ESPERAR
2026-05-17 08:32:57,101.02,20.9,53.3,BULL,BELOW,100.98,101.24,ALCISTA,ESPERAR
2026-05-17 08:33:22,101.02,20.9,53.3,RANGE,BELOW,100.98,101.24,ALCISTA,ESPERAR
2026-05-17 08:33:57,101.02,20.9,53.3,BULL,BELOW,100.98,101.24,ALCISTA,ESPERAR
2026-05-17 08:34:23,101.02,20.9,53.3,RANGE,BELOW,100.98,101.24,ALCISTA,ESPERAR
2026-05-17 08:34:58,101.02,20.9,53.3,BULL,BELOW,100.98,101.24,ALCISTA,ESPERAR
2026-05-17 08:35:24,101.02,20.9,53.3,RANGE,BELOW,100.98,101.24,ALCISTA,ESPERAR
2026-05-17 08:36:00,101.02,20.9,53.3,BULL,BELOW,100.98,101.24,ALCISTA,ESPERAR
2026-05-17 08:36:25,101.02,20.9,53.3,RANGE,BELOW,100.98,101.24,ALCISTA,ESPERAR
2026-05-17 08:37:02,101.02,20.9,53.3,BULL,BELOW,100.98,101.24,ALCISTA,ESPERAR
2026-05-17 08:37:27,101.02,20.9,53.3,RANGE,BELOW,100.98,101.24,ALCISTA,ESPERAR
2026-05-17 08:38:02,101.02,20.9,53.3,BULL,BELOW,100.98,101.24,ALCISTA,ESPERAR
2026-05-17 08:38:27,101.02,20.9,53.3,RANGE,BELOW,100.98,101.24,ALCISTA,ESPERAR
2026-05-17 08:39:03,101.02,20.9,53.3,BULL,BELOW,100.98,101.24,ALCISTA,ESPERAR
2026-05-17 08:39:28,101.02,20.9,53.3,RANGE,BELOW,100.98,101.24,ALCISTA,ESPERAR
2026-05-17 08:40:04,101.02,20.9,53.3,BULL,BELOW,100.98,101.24,ALCISTA,ESPERAR
2026-05-17 08:40:29,101.02,20.9,53.3,RANGE,BELOW,100.98,101.24,ALCISTA,ESPERAR
2026-05-17 08:41:05,101.02,20.9,53.3,BULL,BELOW,100.98,101.24,ALCISTA,ESPERAR
2026-05-17 08:41:30,101.02,20.9,53.3,RANGE,BELOW,100.98,101.24,ALCISTA,ESPERAR
2026-05-17 08:42:06,101.02,20.9,53.3,BULL,BELOW,100.98,101.24,ALCISTA,ESPERAR
2026-05-17 08:42:31,101.02,20.9,53.3,RANGE,BELOW,100.98,101.24,ALCISTA,ESPERAR
2026-05-17 08:43:07,101.02,20.9,53.3,BULL,BELOW,100.98,101.24,ALCISTA,ESPERAR
2026-05-17 08:43:32,101.02,20.9,53.3,RANGE,BELOW,100.98,101.24,ALCISTA,ESPERAR
2026-05-17 08:44:09,101.02,20.9,53.3,BULL,BELOW,100.98,101.24,ALCISTA,ESPERAR
2026-05-17 08:44:34,101.02,20.9,53.3,RANGE,BELOW,100.98,101.24,ALCISTA,ESPERAR
2026-05-17 08:45:10,101.02,20.9,53.3,BULL,BELOW,100.98,101.24,ALCISTA,ESPERAR
2026-05-17 08:45:34,101.02,20.9,53.3,RANGE,BELOW,100.98,101.24,ALCISTA,ESPERAR
2026-05-17 08:46:11,101.02,20.9,53.3,BULL,BELOW,100.98,101.24,ALCISTA,ESPERAR
2026-05-17 08:46:35,101.02,20.9,53.3,RANGE,BELOW,100.98,101.24,ALCISTA,ESPERAR
2026-05-17 08:47:12,101.02,20.9,53.3,BULL,BELOW,100.98,101.24,ALCISTA,ESPERAR
2026-05-17 08:47:36,101.02,20.9,53.3,RANGE,BELOW,100.98,101.24,ALCISTA,ESPERAR
2026-05-17 08:48:13,101.02,20.9,53.3,BULL,BELOW,100.98,101.24,ALCISTA,ESPERAR
2026-05-17 08:48:38,101.02,20.9,53.3,RANGE,BELOW,100.98,101.24,ALCISTA,ESPERAR
2026-05-17 08:49:14,101.02,20.9,53.3,BULL,BELOW,100.98,101.24,ALCISTA,ESPERAR
2026-05-17 08:49:39,101.02,20.9,53.3,RANGE,BELOW,100.98,101.24,ALCISTA,ESPERAR
2026-05-17 08:50:16,101.02,20.9,53.3,BULL,BELOW,100.98,101.24,ALCISTA,ESPERAR
2026-05-17 08:50:40,101.02,20.9,53.3,RANGE,BELOW,100.98,101.24,ALCISTA,ESPERAR
2026-05-17 08:51:17,101.02,20.9,53.3,BULL,BELOW,100.98,101.24,ALCISTA,ESPERAR
2026-05-17 08:51:41,101.02,20.9,53.3,RANGE,BELOW,100.98,101.24,ALCISTA,ESPERAR
2026-05-17 08:52:18,101.02,20.9,53.3,BULL,BELOW,100.98,101.24,ALCISTA,ESPERAR
2026-05-17 08:52:42,101.02,20.9,53.3,RANGE,BELOW,100.98,101.24,ALCISTA,ESPERAR
2026-05-17 08:53:19,101.02,20.9,53.3,BULL,BELOW,100.98,101.24,ALCISTA,ESPERAR
2026-05-17 08:53:43,101.02,20.9,53.3,RANGE,BELOW,100.98,101.24,ALCISTA,ESPERAR
2026-05-17 08:54:20,101.02,20.9,53.3,BULL,BELOW,100.98,101.24,ALCISTA,ESPERAR
2026-05-17 08:54:45,101.02,20.9,53.3,RANGE,BELOW,100.98,101.24,ALCISTA,ESPERAR
2026-05-17 08:55:21,101.02,20.9,53.3,BULL,BELOW,100.98,101.24,ALCISTA,ESPERAR
2026-05-17 08:55:46,101.02,20.9,53.3,RANGE,BELOW,100.98,101.24,ALCISTA,ESPERAR
2026-05-17 08:56:22,101.02,20.9,53.3,BULL,BELOW,100.98,101.24,ALCISTA,ESPERAR
2026-05-17 08:56:47,101.02,20.9,53.3,RANGE,BELOW,100.98,101.24,ALCISTA,ESPERAR
2026-05-17 08:57:23,101.02,20.9,53.3,BULL,BELOW,100.98,101.24,ALCISTA,ESPERAR
2026-05-17 08:57:48,101.02,20.9,53.3,RANGE,BELOW,100.98,101.24,ALCISTA,ESPERAR
2026-05-17 08:58:24,101.02,20.9,53.3,BULL,BELOW,100.98,101.24,ALCISTA,ESPERAR
2026-05-17 08:58:49,101.02,20.9,53.3,RANGE,BELOW,100.98,101.24,ALCISTA,ESPERAR
2026-05-17 08:59:25,101.02,20.9,53.3,BULL,BELOW,100.98,101.24,ALCISTA,ESPERAR
2026-05-17 08:59:49,101.02,20.9,53.3,RANGE,BELOW,100.98,101.24,ALCISTA,ESPERAR
2026-05-17 09:00:28,101.02,20.9,53.3,BULL,BELOW,100.98,101.24,ALCISTA,ESPERAR
2026-05-17 09:00:50,101.02,20.9,53.3,RANGE,BELOW,100.98,101.24,ALCISTA,ESPERAR
2026-05-17 09:01:29,101.02,20.9,53.3,BULL,BELOW,100.98,101.24,ALCISTA,ESPERAR
2026-05-17 09:01:51,101.02,20.9,53.3,RANGE,BELOW,100.98,101.24,ALCISTA,ESPERAR
2026-05-17 09:02:30,101.02,20.9,53.3,BULL,BELOW,100.98,101.24,ALCISTA,ESPERAR
2026-05-17 09:02:52,101.02,20.9,53.3,RANGE,BELOW,100.98,101.24,ALCISTA,ESPERAR
2026-05-17 09:03:30,101.02,20.9,53.3,BULL,BELOW,100.98,101.24,ALCISTA,ESPERAR
2026-05-17 09:03:53,101.02,20.9,53.3,RANGE,BELOW,100.98,101.24,ALCISTA,ESPERAR
2026-05-17 09:04:31,101.02,20.9,53.3,BULL,BELOW,100.98,101.24,ALCISTA,ESPERAR
2026-05-17 09:04:54,101.02,20.9,53.3,RANGE,BELOW,100.98,101.24,ALCISTA,ESPERAR
2026-05-17 09:05:32,101.02,20.9,53.3,BULL,BELOW,100.98,101.24,ALCISTA,ESPERAR
2026-05-17 09:05:55,101.02,20.9,53.3,RANGE,BELOW,100.98,101.24,ALCISTA,ESPERAR
2026-05-17 09:06:34,101.02,20.9,53.3,BULL,BELOW,100.98,101.24,ALCISTA,ESPERAR
2026-05-17 09:06:56,101.02,20.9,53.3,RANGE,BELOW,100.98,101.24,ALCISTA,ESPERAR
2026-05-17 09:07:34,101.02,20.9,53.3,BULL,BELOW,100.98,101.24,ALCISTA,ESPERAR
2026-05-17 09:07:57,101.02,20.9,53.3,RANGE,BELOW,100.98,101.24,ALCISTA,ESPERAR
2026-05-17 09:08:35,101.02,20.9,53.3,BULL,BELOW,100.98,101.24,ALCISTA,ESPERAR
2026-05-17 09:08:58,101.02,20.9,53.3,RANGE,BELOW,100.98,101.24,ALCISTA,ESPERAR
2026-05-17 09:09:36,101.02,20.9,53.3,BULL,BELOW,100.98,101.24,ALCISTA,ESPERAR
2026-05-17 09:09:59,101.02,20.9,53.3,RANGE,BELOW,100.98,101.24,ALCISTA,ESPERAR
2026-05-17 09:10:37,101.02,20.9,53.3,BULL,BELOW,100.98,101.24,ALCISTA,ESPERAR
2026-05-17 09:11:00,101.02,20.9,53.3,RANGE,BELOW,100.98,101.24,ALCISTA,ESPERAR
2026-05-17 09:11:38,101.02,20.9,53.3,BULL,BELOW,100.98,101.24,ALCISTA,ESPERAR
2026-05-17 09:12:01,101.02,20.9,53.3,RANGE,BELOW,100.98,101.24,ALCISTA,ESPERAR
2026-05-17 09:12:39,101.02,20.9,53.3,BULL,BELOW,100.98,101.24,ALCISTA,ESPERAR
2026-05-17 09:13:02,101.02,20.9,53.3,RANGE,BELOW,100.98,101.24,ALCISTA,ESPERAR
2026-05-17 09:13:40,101.02,20.9,53.3,BULL,BELOW,100.98,101.24,ALCISTA,ESPERAR
2026-05-17 09:14:03,101.02,20.9,53.3,RANGE,BELOW,100.98,101.24,ALCISTA,ESPERAR
2026-05-17 09:14:41,101.02,20.9,53.3,BULL,BELOW,100.98,101.24,ALCISTA,ESPERAR
2026-05-17 09:15:04,101.02,20.9,53.3,RANGE,BELOW,100.98,101.24,ALCISTA,ESPERAR
2026-05-17 09:15:42,101.02,20.9,53.3,BULL,BELOW,100.98,101.24,ALCISTA,ESPERAR
2026-05-17 09:16:05,101.02,20.9,53.3,RANGE,BELOW,100.98,101.24,ALCISTA,ESPERAR
2026-05-17 09:16:43,101.02,20.9,53.3,BULL,BELOW,100.98,101.24,ALCISTA,ESPERAR
2026-05-17 09:17:07,101.02,20.9,53.3,RANGE,BELOW,100.98,101.24,ALCISTA,ESPERAR
2026-05-17 09:17:44,101.02,20.9,53.3,BULL,BELOW,100.98,101.24,ALCISTA,ESPERAR
2026-05-17 09:18:08,101.02,20.9,53.3,RANGE,BELOW,100.98,101.24,ALCISTA,ESPERAR
2026-05-17 09:18:45,101.02,20.9,53.3,BULL,BELOW,100.98,101.24,ALCISTA,ESPERAR
2026-05-17 09:19:08,101.02,20.9,53.3,RANGE,BELOW,100.98,101.24,ALCISTA,ESPERAR
2026-05-17 09:19:45,101.02,20.9,53.3,BULL,BELOW,100.98,101.24,ALCISTA,ESPERAR
2026-05-17 09:20:09,101.02,20.9,53.3,RANGE,BELOW,100.98,101.24,ALCISTA,ESPERAR
2026-05-17 09:20:47,101.02,20.9,53.3,BULL,BELOW,100.98,101.24,ALCISTA,ESPERAR
2026-05-17 09:21:10,101.02,20.9,53.3,RANGE,BELOW,100.98,101.24,ALCISTA,ESPERAR
2026-05-17 09:21:48,101.02,20.9,53.3,BULL,BELOW,100.98,101.24,ALCISTA,ESPERAR
2026-05-17 09:22:12,101.02,20.9,53.3,RANGE,BELOW,100.98,101.24,ALCISTA,ESPERAR
2026-05-17 09:22:49,101.02,20.9,53.3,BULL,BELOW,100.98,101.24,ALCISTA,ESPERAR
2026-05-17 09:23:13,101.02,20.9,53.3,RANGE,BELOW,100.98,101.24,ALCISTA,ESPERAR
2026-05-17 09:23:50,101.02,20.9,53.3,BULL,BELOW,100.98,101.24,ALCISTA,ESPERAR
2026-05-17 09:24:14,101.02,20.9,53.3,RANGE,BELOW,100.98,101.24,ALCISTA,ESPERAR
2026-05-17 09:24:51,101.02,20.9,53.3,BULL,BELOW,100.98,101.24,ALCISTA,ESPERAR
2026-05-17 09:25:15,101.02,20.9,53.3,RANGE,BELOW,100.98,101.24,ALCISTA,ESPERAR
2026-05-17 09:25:53,101.02,20.9,53.3,BULL,BELOW,100.98,101.24,ALCISTA,ESPERAR
2026-05-17 09:26:16,101.02,20.9,53.3,RANGE,BELOW,100.98,101.24,ALCISTA,ESPERAR
2026-05-17 09:26:54,101.02,20.9,53.3,BULL,BELOW,100.98,101.24,ALCISTA,ESPERAR
2026-05-17 09:27:17,101.02,20.9,53.3,RANGE,BELOW,100.98,101.24,ALCISTA,ESPERAR
2026-05-17 09:27:54,101.02,20.9,53.3,BULL,BELOW,100.98,101.24,ALCISTA,ESPERAR
2026-05-17 09:28:17,101.02,20.9,53.3,RANGE,BELOW,100.98,101.24,ALCISTA,ESPERAR
2026-05-17 09:28:55,101.02,20.9,53.3,BULL,BELOW,100.98,101.24,ALCISTA,ESPERAR
2026-05-17 09:29:18,101.02,20.9,53.3,RANGE,BELOW,100.98,101.24,ALCISTA,ESPERAR
2026-05-17 09:29:56,101.02,20.9,53.3,BULL,BELOW,100.98,101.24,ALCISTA,ESPERAR
2026-05-17 09:30:21,101.02,20.9,53.3,RANGE,BELOW,100.98,101.24,ALCISTA,ESPERAR
2026-05-17 09:30:57,101.02,20.9,53.3,BULL,BELOW,100.98,101.24,ALCISTA,ESPERAR
2026-05-17 09:31:22,101.02,20.9,53.3,RANGE,BELOW,100.98,101.24,ALCISTA,ESPERAR
2026-05-17 09:31:58,101.02,20.9,53.3,BULL,BELOW,100.98,101.24,ALCISTA,ESPERAR
2026-05-17 09:32:22,101.02,20.9,53.3,RANGE,BELOW,100.98,101.24,ALCISTA,ESPERAR
2026-05-17 09:32:59,101.02,20.9,53.3,BULL,BELOW,100.98,101.24,ALCISTA,ESPERAR
2026-05-17 09:33:23,101.02,20.9,53.3,RANGE,BELOW,100.98,101.24,ALCISTA,ESPERAR
2026-05-17 09:34:00,101.02,20.9,53.3,BULL,BELOW,100.98,101.24,ALCISTA,ESPERAR
2026-05-17 09:34:26,101.02,20.9,53.3,RANGE,BELOW,100.98,101.24,ALCISTA,ESPERAR
2026-05-17 09:35:01,101.02,20.9,53.3,BULL,BELOW,100.98,101.24,ALCISTA,ESPERAR
2026-05-17 09:35:27,101.02,20.9,53.3,RANGE,BELOW,100.98,101.24,ALCISTA,ESPERAR
2026-05-17 09:36:02,101.02,20.9,53.3,BULL,BELOW,100.98,101.24,ALCISTA,ESPERAR
2026-05-17 09:36:28,101.02,20.9,53.3,RANGE,BELOW,100.98,101.24,ALCISTA,ESPERAR
2026-05-17 09:37:03,101.02,20.9,53.3,BULL,BELOW,100.98,101.24,ALCISTA,ESPERAR
2026-05-17 09:37:28,101.02,20.9,53.3,RANGE,BELOW,100.98,101.24,ALCISTA,ESPERAR
2026-05-17 09:38:03,101.02,20.9,53.3,BULL,BELOW,100.98,101.24,ALCISTA,ESPERAR
2026-05-17 09:38:29,101.02,20.9,53.3,RANGE,BELOW,100.98,101.24,ALCISTA,ESPERAR
2026-05-17 09:39:04,101.02,20.9,53.3,BULL,BELOW,100.98,101.24,ALCISTA,ESPERAR
2026-05-17 09:39:30,101.02,20.9,53.3,RANGE,BELOW,100.98,101.24,ALCISTA,ESPERAR
2026-05-17 09:40:05,101.02,20.9,53.3,BULL,BELOW,100.98,101.24,ALCISTA,ESPERAR
2026-05-17 09:40:32,101.02,20.9,53.3,RANGE,BELOW,100.98,101.24,ALCISTA,ESPERAR
2026-05-17 09:41:06,101.02,20.9,53.3,BULL,BELOW,100.98,101.24,ALCISTA,ESPERAR
2026-05-17 09:41:33,101.02,20.9,53.3,RANGE,BELOW,100.98,101.24,ALCISTA,ESPERAR
2026-05-17 09:42:08,101.02,20.9,53.3,BULL,BELOW,100.98,101.24,ALCISTA,ESPERAR
2026-05-17 09:42:34,101.02,20.9,53.3,RANGE,BELOW,100.98,101.24,ALCISTA,ESPERAR
2026-05-17 09:43:09,101.02,20.9,53.3,BULL,BELOW,100.98,101.24,ALCISTA,ESPERAR
2026-05-17 09:43:35,101.02,20.9,53.3,RANGE,BELOW,100.98,101.24,ALCISTA,ESPERAR
2026-05-17 09:44:10,101.02,20.9,53.3,BULL,BELOW,100.98,101.24,ALCISTA,ESPERAR
2026-05-17 09:44:36,101.02,20.9,53.3,RANGE,BELOW,100.98,101.24,ALCISTA,ESPERAR
2026-05-17 09:45:11,101.02,20.9,53.3,BULL,BELOW,100.98,101.24,ALCISTA,ESPERAR
2026-05-17 09:45:37,101.02,20.9,53.3,RANGE,BELOW,100.98,101.24,ALCISTA,ESPERAR
2026-05-17 09:46:12,101.02,20.9,53.3,BULL,BELOW,100.98,101.24,ALCISTA,ESPERAR
2026-05-17 09:46:39,101.02,20.9,53.3,RANGE,BELOW,100.98,101.24,ALCISTA,ESPERAR
2026-05-17 09:47:13,101.02,20.9,53.3,BULL,BELOW,100.98,101.24,ALCISTA,ESPERAR
2026-05-17 09:47:40,101.02,20.9,53.3,RANGE,BELOW,100.98,101.24,ALCISTA,ESPERAR
2026-05-17 09:48:14,101.02,20.9,53.3,BULL,BELOW,100.98,101.24,ALCISTA,ESPERAR
2026-05-17 09:48:40,101.02,20.9,53.3,RANGE,BELOW,100.98,101.24,ALCISTA,ESPERAR
2026-05-17 09:49:15,101.02,20.9,53.3,BULL,BELOW,100.98,101.24,ALCISTA,ESPERAR
2026-05-17 09:49:41,101.02,20.9,53.3,RANGE,BELOW,100.98,101.24,ALCISTA,ESPERAR
2026-05-17 09:50:16,101.02,20.9,53.3,BULL,BELOW,100.98,101.24,ALCISTA,ESPERAR
2026-05-17 09:50:42,101.02,20.9,53.3,RANGE,BELOW,100.98,101.24,ALCISTA,ESPERAR
2026-05-17 09:51:17,101.02,20.9,53.3,BULL,BELOW,100.98,101.24,ALCISTA,ESPERAR
2026-05-17 09:51:44,101.02,20.9,53.3,RANGE,BELOW,100.98,101.24,ALCISTA,ESPERAR
2026-05-17 09:52:18,101.02,20.9,53.3,BULL,BELOW,100.98,101.24,ALCISTA,ESPERAR
2026-05-17 09:52:45,101.02,20.9,53.3,RANGE,BELOW,100.98,101.24,ALCISTA,ESPERAR
2026-05-17 09:53:19,101.02,20.9,53.3,BULL,BELOW,100.98,101.24,ALCISTA,ESPERAR
2026-05-17 09:53:46,101.02,20.9,53.3,RANGE,BELOW,100.98,101.24,ALCISTA,ESPERAR
2026-05-17 09:54:20,101.02,20.9,53.3,BULL,BELOW,100.98,101.24,ALCISTA,ESPERAR
2026-05-17 09:54:47,101.02,20.9,53.3,RANGE,BELOW,100.98,101.24,ALCISTA,ESPERAR
2026-05-17 09:55:21,101.02,20.9,53.3,BULL,BELOW,100.98,101.24,ALCISTA,ESPERAR
2026-05-17 09:55:48,101.02,20.9,53.3,RANGE,BELOW,100.98,101.24,ALCISTA,ESPERAR
2026-05-17 09:56:22,101.02,20.9,53.3,BULL,BELOW,100.98,101.24,ALCISTA,ESPERAR
2026-05-17 09:56:48,101.02,20.9,53.3,RANGE,BELOW,100.98,101.24,ALCISTA,ESPERAR
2026-05-17 09:57:23,101.02,20.9,53.3,BULL,BELOW,100.98,101.24,ALCISTA,ESPERAR
2026-05-17 09:57:50,101.02,20.9,53.3,RANGE,BELOW,100.98,101.24,ALCISTA,ESPERAR
2026-05-17 09:58:23,101.02,20.9,53.3,BULL,BELOW,100.98,101.24,ALCISTA,ESPERAR
2026-05-17 09:58:51,101.02,20.9,53.3,RANGE,BELOW,100.98,101.24,ALCISTA,ESPERAR
2026-05-17 09:59:24,101.02,20.9,53.3,BULL,BELOW,100.98,101.24,ALCISTA,ESPERAR
2026-05-17 09:59:52,101.02,20.9,53.3,RANGE,BELOW,100.98,101.24,ALCISTA,ESPERAR
2026-05-17 10:00:25,101.02,20.9,53.3,BULL,BELOW,100.98,101.24,ALCISTA,ESPERAR
2026-05-17 10:00:53,101.02,20.9,53.3,RANGE,BELOW,100.98,101.24,ALCISTA,ESPERAR
2026-05-17 10:01:27,101.02,20.9,53.3,BULL,BELOW,100.98,101.24,ALCISTA,ESPERAR
2026-05-17 10:01:54,101.02,20.9,53.3,RANGE,BELOW,100.98,101.24,ALCISTA,ESPERAR
2026-05-17 10:02:28,101.02,20.9,53.3,BULL,BELOW,100.98,101.24,ALCISTA,ESPERAR
2026-05-17 10:02:55,101.02,20.9,53.3,RANGE,BELOW,100.98,101.24,ALCISTA,ESPERAR
2026-05-17 10:03:29,101.02,20.9,53.3,BULL,BELOW,100.98,101.24,ALCISTA,ESPERAR
2026-05-17 10:03:56,101.02,20.9,53.3,RANGE,BELOW,100.98,101.24,ALCISTA,ESPERAR
2026-05-17 10:04:30,101.02,20.9,53.3,BULL,BELOW,100.98,101.24,ALCISTA,ESPERAR
2026-05-17 10:04:58,101.02,20.9,53.3,RANGE,BELOW,100.98,101.24,ALCISTA,ESPERAR
2026-05-17 10:05:31,101.02,20.9,53.3,BULL,BELOW,100.98,101.24,ALCISTA,ESPERAR
2026-05-17 10:05:59,101.02,20.9,53.3,RANGE,BELOW,100.98,101.24,ALCISTA,ESPERAR
2026-05-17 10:06:31,101.02,20.9,53.3,BULL,BELOW,100.98,101.24,ALCISTA,ESPERAR
2026-05-17 10:07:00,101.02,20.9,53.3,RANGE,BELOW,100.98,101.24,ALCISTA,ESPERAR
2026-05-17 10:07:32,101.02,20.9,53.3,BULL,BELOW,100.98,101.24,ALCISTA,ESPERAR
2026-05-17 10:08:01,101.02,20.9,53.3,RANGE,BELOW,100.98,101.24,ALCISTA,ESPERAR
2026-05-17 10:08:33,101.02,20.9,53.3,BULL,BELOW,100.98,101.24,ALCISTA,ESPERAR
2026-05-17 10:09:02,101.02,20.9,53.3,RANGE,BELOW,100.98,101.24,ALCISTA,ESPERAR
2026-05-17 10:09:34,101.02,20.9,53.3,BULL,BELOW,100.98,101.24,ALCISTA,ESPERAR
2026-05-17 10:10:03,101.02,20.9,53.3,RANGE,BELOW,100.98,101.24,ALCISTA,ESPERAR
2026-05-17 10:10:35,101.02,20.9,53.3,BULL,BELOW,100.98,101.24,ALCISTA,ESPERAR
2026-05-17 10:11:04,101.02,20.9,53.3,RANGE,BELOW,100.98,101.24,ALCISTA,ESPERAR
2026-05-17 10:11:36,101.02,20.9,53.3,BULL,BELOW,100.98,101.24,ALCISTA,ESPERAR
2026-05-17 10:12:05,101.02,20.9,53.3,RANGE,BELOW,100.98,101.24,ALCISTA,ESPERAR
2026-05-17 10:12:37,101.02,20.9,53.3,BULL,BELOW,100.98,101.24,ALCISTA,ESPERAR
2026-05-17 10:13:07,101.02,20.9,53.3,RANGE,BELOW,100.98,101.24,ALCISTA,ESPERAR
2026-05-17 10:13:38,101.02,20.9,53.3,BULL,BELOW,100.98,101.24,ALCISTA,ESPERAR
2026-05-17 10:14:08,101.02,20.9,53.3,RANGE,BELOW,100.98,101.24,ALCISTA,ESPERAR
2026-05-17 10:14:39,101.02,20.9,53.3,BULL,BELOW,100.98,101.24,ALCISTA,ESPERAR
2026-05-17 10:15:08,101.02,20.9,53.3,RANGE,BELOW,100.98,101.24,ALCISTA,ESPERAR
2026-05-17 10:15:40,101.02,20.9,53.3,BULL,BELOW,100.98,101.24,ALCISTA,ESPERAR
2026-05-17 10:16:10,101.02,20.9,53.3,RANGE,BELOW,100.98,101.24,ALCISTA,ESPERAR
2026-05-17 10:16:41,101.02,20.9,53.3,BULL,BELOW,100.98,101.24,ALCISTA,ESPERAR
2026-05-17 10:17:11,101.02,20.9,53.3,RANGE,BELOW,100.98,101.24,ALCISTA,ESPERAR
2026-05-17 10:17:42,101.02,20.9,53.3,BULL,BELOW,100.98,101.24,ALCISTA,ESPERAR
2026-05-17 10:18:12,101.02,20.9,53.3,RANGE,BELOW,100.98,101.24,ALCISTA,ESPERAR
2026-05-17 10:18:43,101.02,20.9,53.3,BULL,BELOW,100.98,101.24,ALCISTA,ESPERAR
2026-05-17 10:19:13,101.02,20.9,53.3,RANGE,BELOW,100.98,101.24,ALCISTA,ESPERAR
2026-05-17 10:19:44,101.02,20.9,53.3,BULL,BELOW,100.98,101.24,ALCISTA,ESPERAR
2026-05-17 10:20:14,101.02,20.9,53.3,RANGE,BELOW,100.98,101.24,ALCISTA,ESPERAR
2026-05-17 10:20:45,101.02,20.9,53.3,BULL,BELOW,100.98,101.24,ALCISTA,ESPERAR
2026-05-17 10:21:15,101.02,20.9,53.3,RANGE,BELOW,100.98,101.24,ALCISTA,ESPERAR
2026-05-17 10:21:45,101.02,20.9,53.3,BULL,BELOW,100.98,101.24,ALCISTA,ESPERAR
2026-05-17 10:22:17,101.02,20.9,53.3,RANGE,BELOW,100.98,101.24,ALCISTA,ESPERAR
2026-05-17 10:22:47,101.02,20.9,53.3,BULL,BELOW,100.98,101.24,ALCISTA,ESPERAR
2026-05-17 10:23:17,101.02,20.9,53.3,RANGE,BELOW,100.98,101.24,ALCISTA,ESPERAR
2026-05-17 10:23:48,101.02,20.9,53.3,BULL,BELOW,100.98,101.24,ALCISTA,ESPERAR
2026-05-17 10:24:18,101.02,20.9,53.3,RANGE,BELOW,100.98,101.24,ALCISTA,ESPERAR
2026-05-17 10:24:49,101.02,20.9,53.3,BULL,BELOW,100.98,101.24,ALCISTA,ESPERAR
2026-05-17 10:25:20,101.02,20.9,53.3,RANGE,BELOW,100.98,101.24,ALCISTA,ESPERAR
2026-05-17 10:25:50,101.02,20.9,53.3,BULL,BELOW,100.98,101.24,ALCISTA,ESPERAR
2026-05-17 10:26:21,101.02,20.9,53.3,RANGE,BELOW,100.98,101.24,ALCISTA,ESPERAR
2026-05-17 10:26:51,101.02,20.9,53.3,BULL,BELOW,100.98,101.24,ALCISTA,ESPERAR
2026-05-17 10:27:24,101.02,20.9,53.3,RANGE,BELOW,100.98,101.24,ALCISTA,ESPERAR
2026-05-17 10:27:53,101.02,20.9,53.3,BULL,BELOW,100.98,101.24,ALCISTA,ESPERAR
2026-05-17 10:28:25,101.02,20.9,53.3,RANGE,BELOW,100.98,101.24,ALCISTA,ESPERAR
2026-05-17 10:28:55,101.02,20.9,53.3,BULL,BELOW,100.98,101.24,ALCISTA,ESPERAR
2026-05-17 10:29:26,101.02,20.9,53.3,RANGE,BELOW,100.98,101.24,ALCISTA,ESPERAR
2026-05-17 10:29:57,101.02,20.9,53.3,BULL,BELOW,100.98,101.24,ALCISTA,ESPERAR
2026-05-17 10:30:27,101.02,20.9,53.3,RANGE,BELOW,100.98,101.24,ALCISTA,ESPERAR
2026-05-17 10:30:58,101.02,20.9,53.3,BULL,BELOW,100.98,101.24,ALCISTA,ESPERAR
2026-05-17 10:31:28,101.02,20.9,53.3,RANGE,BELOW,100.98,101.24,ALCISTA,ESPERAR
2026-05-17 10:31:59,101.02,20.9,53.3,BULL,BELOW,100.98,101.24,ALCISTA,ESPERAR
2026-05-17 10:32:29,101.02,20.9,53.3,RANGE,BELOW,100.98,101.24,ALCISTA,ESPERAR
2026-05-17 10:33:00,101.02,20.9,53.3,BULL,BELOW,100.98,101.24,ALCISTA,ESPERAR
2026-05-17 10:33:30,101.02,20.9,53.3,RANGE,BELOW,100.98,101.24,ALCISTA,ESPERAR
2026-05-17 10:34:01,101.02,20.9,53.3,BULL,BELOW,100.98,101.24,ALCISTA,ESPERAR
2026-05-17 10:34:32,101.02,20.9,53.3,RANGE,BELOW,100.98,101.24,ALCISTA,ESPERAR
2026-05-17 10:35:03,101.02,20.9,53.3,BULL,BELOW,100.98,101.24,ALCISTA,ESPERAR
2026-05-17 10:35:33,101.02,20.9,53.3,RANGE,BELOW,100.98,101.24,ALCISTA,ESPERAR
2026-05-17 10:36:03,101.02,20.9,53.3,BULL,BELOW,100.98,101.24,ALCISTA,ESPERAR
2026-05-17 10:36:34,101.02,20.9,53.3,RANGE,BELOW,100.98,101.24,ALCISTA,ESPERAR
2026-05-17 10:37:06,101.02,20.9,53.3,BULL,BELOW,100.98,101.24,ALCISTA,ESPERAR
2026-05-17 10:37:35,101.02,20.9,53.3,RANGE,BELOW,100.98,101.24,ALCISTA,ESPERAR
2026-05-17 10:38:07,101.02,20.9,53.3,BULL,BELOW,100.98,101.24,ALCISTA,ESPERAR
2026-05-17 10:38:36,101.02,20.9,53.3,RANGE,BELOW,100.98,101.24,ALCISTA,ESPERAR
2026-05-17 10:39:08,101.02,20.9,53.3,BULL,BELOW,100.98,101.24,ALCISTA,ESPERAR
2026-05-17 10:39:37,101.02,20.9,53.3,RANGE,BELOW,100.98,101.24,ALCISTA,ESPERAR
2026-05-17 10:40:09,101.02,20.9,53.3,BULL,BELOW,100.98,101.24,ALCISTA,ESPERAR
2026-05-17 10:40:38,101.02,20.9,53.3,RANGE,BELOW,100.98,101.24,ALCISTA,ESPERAR
2026-05-17 10:41:10,101.02,20.9,53.3,BULL,BELOW,100.98,101.24,ALCISTA,ESPERAR
2026-05-17 10:41:39,101.02,20.9,53.3,RANGE,BELOW,100.98,101.24,ALCISTA,ESPERAR
2026-05-17 10:42:12,101.02,20.9,53.3,BULL,BELOW,100.98,101.24,ALCISTA,ESPERAR
2026-05-17 10:42:41,101.02,20.9,53.3,RANGE,BELOW,100.98,101.24,ALCISTA,ESPERAR
2026-05-17 10:43:13,101.02,20.9,53.3,BULL,BELOW,100.98,101.24,ALCISTA,ESPERAR
2026-05-17 10:43:43,101.02,20.9,53.3,RANGE,BELOW,100.98,101.24,ALCISTA,ESPERAR
2026-05-17 10:44:13,101.02,20.9,53.3,BULL,BELOW,100.98,101.24,ALCISTA,ESPERAR
2026-05-17 10:44:43,101.02,20.9,53.3,RANGE,BELOW,100.98,101.24,ALCISTA,ESPERAR
2026-05-17 10:45:14,101.02,20.9,53.3,BULL,BELOW,100.98,101.24,ALCISTA,ESPERAR
2026-05-17 10:45:44,101.02,20.9,53.3,RANGE,BELOW,100.98,101.24,ALCISTA,ESPERAR
2026-05-17 10:46:15,101.02,20.9,53.3,BULL,BELOW,100.98,101.24,ALCISTA,ESPERAR
2026-05-17 10:46:45,101.02,20.9,53.3,RANGE,BELOW,100.98,101.24,ALCISTA,ESPERAR
2026-05-17 10:47:16,101.02,20.9,53.3,BULL,BELOW,100.98,101.24,ALCISTA,ESPERAR
2026-05-17 10:47:46,101.02,20.9,53.3,RANGE,BELOW,100.98,101.24,ALCISTA,ESPERAR
2026-05-17 10:48:17,101.02,20.9,53.3,BULL,BELOW,100.98,101.24,ALCISTA,ESPERAR
2026-05-17 10:48:48,101.02,20.9,53.3,RANGE,BELOW,100.98,101.24,ALCISTA,ESPERAR
2026-05-17 10:49:19,101.02,20.9,53.3,BULL,BELOW,100.98,101.24,ALCISTA,ESPERAR
2026-05-17 10:49:50,101.02,20.9,53.3,RANGE,BELOW,100.98,101.24,ALCISTA,ESPERAR
2026-05-17 10:50:20,101.02,20.9,53.3,BULL,BELOW,100.98,101.24,ALCISTA,ESPERAR
2026-05-17 10:50:51,101.02,20.9,53.3,RANGE,BELOW,100.98,101.24,ALCISTA,ESPERAR
2026-05-17 10:51:21,101.02,20.9,53.3,BULL,BELOW,100.98,101.24,ALCISTA,ESPERAR
2026-05-17 10:51:52,101.02,20.9,53.3,RANGE,BELOW,100.98,101.24,ALCISTA,ESPERAR
2026-05-17 10:52:22,101.02,20.9,53.3,BULL,BELOW,100.98,101.24,ALCISTA,ESPERAR
2026-05-17 10:52:53,101.02,20.9,53.3,RANGE,BELOW,100.98,101.24,ALCISTA,ESPERAR
2026-05-17 10:53:23,101.02,20.9,53.3,BULL,BELOW,100.98,101.24,ALCISTA,ESPERAR
2026-05-17 10:53:55,101.02,20.9,53.3,RANGE,BELOW,100.98,101.24,ALCISTA,ESPERAR
2026-05-17 10:54:24,101.02,20.9,53.3,BULL,BELOW,100.98,101.24,ALCISTA,ESPERAR
2026-05-17 10:54:56,101.02,20.9,53.3,RANGE,BELOW,100.98,101.24,ALCISTA,ESPERAR
2026-05-17 10:55:25,101.02,20.9,53.3,BULL,BELOW,100.98,101.24,ALCISTA,ESPERAR
2026-05-17 10:55:56,101.02,20.9,53.3,RANGE,BELOW,100.98,101.24,ALCISTA,ESPERAR
2026-05-17 10:56:26,101.02,20.9,53.3,BULL,BELOW,100.98,101.24,ALCISTA,ESPERAR
2026-05-17 10:56:58,101.02,20.9,53.3,RANGE,BELOW,100.98,101.24,ALCISTA,ESPERAR
2026-05-17 10:57:27,101.02,20.9,53.3,BULL,BELOW,100.98,101.24,ALCISTA,ESPERAR
2026-05-17 10:57:59,101.02,20.9,53.3,RANGE,BELOW,100.98,101.24,ALCISTA,ESPERAR
2026-05-17 10:58:28,101.02,20.9,53.3,BULL,BELOW,100.98,101.24,ALCISTA,ESPERAR
2026-05-17 10:59:00,101.02,20.9,53.3,RANGE,BELOW,100.98,101.24,ALCISTA,ESPERAR
2026-05-17 10:59:29,101.02,20.9,53.3,BULL,BELOW,100.98,101.24,ALCISTA,ESPERAR
2026-05-17 11:00:02,101.02,20.9,53.3,RANGE,BELOW,100.98,101.24,ALCISTA,ESPERAR
2026-05-17 11:00:30,101.02,20.9,53.3,BULL,BELOW,100.98,101.24,ALCISTA,ESPERAR
2026-05-17 11:01:03,101.02,20.9,53.3,RANGE,BELOW,100.98,101.24,ALCISTA,ESPERAR
2026-05-17 11:01:31,101.02,20.9,53.3,BULL,BELOW,100.98,101.24,ALCISTA,ESPERAR
2026-05-17 11:02:05,101.02,20.9,53.3,RANGE,BELOW,100.98,101.24,ALCISTA,ESPERAR
2026-05-17 11:02:32,101.02,20.9,53.3,BULL,BELOW,100.98,101.24,ALCISTA,ESPERAR
2026-05-17 11:03:07,101.02,20.9,53.3,RANGE,BELOW,100.98,101.24,ALCISTA,ESPERAR
2026-05-17 11:03:33,101.02,20.9,53.3,BULL,BELOW,100.98,101.24,ALCISTA,ESPERAR
2026-05-17 11:04:08,101.02,20.9,53.3,RANGE,BELOW,100.98,101.24,ALCISTA,ESPERAR
2026-05-17 11:04:34,101.02,20.9,53.3,BULL,BELOW,100.98,101.24,ALCISTA,ESPERAR
2026-05-17 11:05:09,101.02,20.9,53.3,RANGE,BELOW,100.98,101.24,ALCISTA,ESPERAR
2026-05-17 11:05:35,101.02,20.9,53.3,BULL,BELOW,100.98,101.24,ALCISTA,ESPERAR
2026-05-17 11:06:10,101.02,20.9,53.3,RANGE,BELOW,100.98,101.24,ALCISTA,ESPERAR
2026-05-17 11:06:36,101.02,20.9,53.3,BULL,BELOW,100.98,101.24,ALCISTA,ESPERAR
2026-05-17 11:07:11,101.02,20.9,53.3,RANGE,BELOW,100.98,101.24,ALCISTA,ESPERAR
2026-05-17 11:07:38,101.02,20.9,53.3,BULL,BELOW,100.98,101.24,ALCISTA,ESPERAR
2026-05-17 11:08:12,101.02,20.9,53.3,RANGE,BELOW,100.98,101.24,ALCISTA,ESPERAR
2026-05-17 11:08:40,101.02,20.9,53.3,BULL,BELOW,100.98,101.24,ALCISTA,ESPERAR
2026-05-17 11:09:14,101.02,20.9,53.3,RANGE,BELOW,100.98,101.24,ALCISTA,ESPERAR
2026-05-17 11:09:41,101.02,20.9,53.3,BULL,BELOW,100.98,101.24,ALCISTA,ESPERAR
2026-05-17 11:10:16,101.02,20.9,53.3,RANGE,BELOW,100.98,101.24,ALCISTA,ESPERAR
2026-05-17 11:10:42,101.02,20.9,53.3,BULL,BELOW,100.98,101.24,ALCISTA,ESPERAR
2026-05-17 11:11:17,101.02,20.9,53.3,RANGE,BELOW,100.98,101.24,ALCISTA,ESPERAR
2026-05-17 11:11:43,101.02,20.9,53.3,BULL,BELOW,100.98,101.24,ALCISTA,ESPERAR
2026-05-17 11:12:18,101.02,20.9,53.3,RANGE,BELOW,100.98,101.24,ALCISTA,ESPERAR
2026-05-17 11:12:45,101.02,20.9,53.3,BULL,BELOW,100.98,101.24,ALCISTA,ESPERAR
2026-05-17 11:13:20,101.02,20.9,53.3,RANGE,BELOW,100.98,101.24,ALCISTA,ESPERAR
2026-05-17 11:13:46,101.02,20.9,53.3,BULL,BELOW,100.98,101.24,ALCISTA,ESPERAR
2026-05-17 11:14:21,101.02,20.9,53.3,RANGE,BELOW,100.98,101.24,ALCISTA,ESPERAR
2026-05-17 11:14:47,101.02,20.9,53.3,BULL,BELOW,100.98,101.24,ALCISTA,ESPERAR
2026-05-17 11:15:22,101.02,20.9,53.3,RANGE,BELOW,100.98,101.24,ALCISTA,ESPERAR
2026-05-17 11:15:48,101.02,20.9,53.3,BULL,BELOW,100.98,101.24,ALCISTA,ESPERAR
2026-05-17 11:16:23,101.02,20.9,53.3,RANGE,BELOW,100.98,101.24,ALCISTA,ESPERAR
2026-05-17 11:16:48,101.02,20.9,53.3,BULL,BELOW,100.98,101.24,ALCISTA,ESPERAR
2026-05-17 11:17:24,101.02,20.9,53.3,RANGE,BELOW,100.98,101.24,ALCISTA,ESPERAR
2026-05-17 11:17:51,101.02,20.9,53.3,BULL,BELOW,100.98,101.24,ALCISTA,ESPERAR
2026-05-17 11:18:25,101.02,20.9,53.3,RANGE,BELOW,100.98,101.24,ALCISTA,ESPERAR
2026-05-17 11:18:52,101.02,20.9,53.3,BULL,BELOW,100.98,101.24,ALCISTA,ESPERAR
2026-05-17 11:19:27,101.02,20.9,53.3,RANGE,BELOW,100.98,101.24,ALCISTA,ESPERAR
2026-05-17 11:19:53,101.02,20.9,53.3,BULL,BELOW,100.98,101.24,ALCISTA,ESPERAR
2026-05-17 11:20:28,101.02,20.9,53.3,RANGE,BELOW,100.98,101.24,ALCISTA,ESPERAR
2026-05-17 11:20:54,101.02,20.9,53.3,BULL,BELOW,100.98,101.24,ALCISTA,ESPERAR
2026-05-17 11:21:29,101.02,20.9,53.3,RANGE,BELOW,100.98,101.24,ALCISTA,ESPERAR
2026-05-17 11:21:55,101.02,20.9,53.3,BULL,BELOW,100.98,101.24,ALCISTA,ESPERAR
2026-05-17 11:22:30,101.02,20.9,53.3,RANGE,BELOW,100.98,101.24,ALCISTA,ESPERAR
2026-05-17 11:22:56,101.02,20.9,53.3,BULL,BELOW,100.98,101.24,ALCISTA,ESPERAR
2026-05-17 11:23:31,101.02,20.9,53.3,RANGE,BELOW,100.98,101.24,ALCISTA,ESPERAR
2026-05-17 11:23:57,101.02,20.9,53.3,BULL,BELOW,100.98,101.24,ALCISTA,ESPERAR
2026-05-17 11:24:32,101.02,20.9,53.3,RANGE,BELOW,100.98,101.24,ALCISTA,ESPERAR
2026-05-17 11:24:58,101.02,20.9,53.3,BULL,BELOW,100.98,101.24,ALCISTA,ESPERAR
2026-05-17 11:25:34,101.02,20.9,53.3,RANGE,BELOW,100.98,101.24,ALCISTA,ESPERAR
2026-05-17 11:25:59,101.02,20.9,53.3,BULL,BELOW,100.98,101.24,ALCISTA,ESPERAR
2026-05-17 11:26:36,101.02,20.9,53.3,RANGE,BELOW,100.98,101.24,ALCISTA,ESPERAR
2026-05-17 11:27:00,101.02,20.9,53.3,BULL,BELOW,100.98,101.24,ALCISTA,ESPERAR
2026-05-17 11:27:37,101.02,20.9,53.3,RANGE,BELOW,100.98,101.24,ALCISTA,ESPERAR
2026-05-17 11:28:01,101.02,20.9,53.3,BULL,BELOW,100.98,101.24,ALCISTA,ESPERAR
2026-05-17 11:28:39,101.02,20.9,53.3,RANGE,BELOW,100.98,101.24,ALCISTA,ESPERAR
2026-05-17 11:29:01,101.02,20.9,53.3,BULL,BELOW,100.98,101.24,ALCISTA,ESPERAR
2026-05-17 11:29:40,101.02,20.9,53.3,RANGE,BELOW,100.98,101.24,ALCISTA,ESPERAR
2026-05-17 11:30:02,101.02,20.9,53.3,BULL,BELOW,100.98,101.24,ALCISTA,ESPERAR
2026-05-17 11:30:41,101.02,20.9,53.3,RANGE,BELOW,100.98,101.24,ALCISTA,ESPERAR
2026-05-17 11:31:06,101.02,20.9,53.3,BULL,BELOW,100.98,101.24,ALCISTA,ESPERAR
2026-05-17 11:31:41,101.02,20.9,53.3,RANGE,BELOW,100.98,101.24,ALCISTA,ESPERAR
2026-05-17 11:32:07,101.02,20.9,53.3,BULL,BELOW,100.98,101.24,ALCISTA,ESPERAR
2026-05-17 11:32:42,101.02,20.9,53.3,RANGE,BELOW,100.98,101.24,ALCISTA,ESPERAR
2026-05-17 11:33:08,101.02,20.9,53.3,BULL,BELOW,100.98,101.24,ALCISTA,ESPERAR
2026-05-17 11:33:43,101.02,20.9,53.3,RANGE,BELOW,100.98,101.24,ALCISTA,ESPERAR
2026-05-17 11:34:09,101.02,20.9,53.3,BULL,BELOW,100.98,101.24,ALCISTA,ESPERAR
2026-05-17 11:34:45,101.02,20.9,53.3,RANGE,BELOW,100.98,101.24,ALCISTA,ESPERAR
2026-05-17 11:35:10,101.02,20.9,53.3,BULL,BELOW,100.98,101.24,ALCISTA,ESPERAR
2026-05-17 11:35:46,101.02,20.9,53.3,RANGE,BELOW,100.98,101.24,ALCISTA,ESPERAR
2026-05-17 11:36:12,101.02,20.9,53.3,BULL,BELOW,100.98,101.24,ALCISTA,ESPERAR
2026-05-17 11:36:47,101.02,20.9,53.3,RANGE,BELOW,100.98,101.24,ALCISTA,ESPERAR
2026-05-17 11:37:13,101.02,20.9,53.3,BULL,BELOW,100.98,101.24,ALCISTA,ESPERAR
2026-05-17 11:37:48,101.02,20.9,53.3,RANGE,BELOW,100.98,101.24,ALCISTA,ESPERAR
2026-05-17 11:38:14,101.02,20.9,53.3,BULL,BELOW,100.98,101.24,ALCISTA,ESPERAR
2026-05-17 11:38:49,101.02,20.9,53.3,RANGE,BELOW,100.98,101.24,ALCISTA,ESPERAR
2026-05-17 11:39:15,101.02,20.9,53.3,BULL,BELOW,100.98,101.24,ALCISTA,ESPERAR
2026-05-17 11:39:50,101.02,20.9,53.3,RANGE,BELOW,100.98,101.24,ALCISTA,ESPERAR
2026-05-17 11:40:16,101.02,20.9,53.3,BULL,BELOW,100.98,101.24,ALCISTA,ESPERAR
2026-05-17 11:40:51,101.02,20.9,53.3,RANGE,BELOW,100.98,101.24,ALCISTA,ESPERAR
2026-05-17 11:41:17,101.02,20.9,53.3,BULL,BELOW,100.98,101.24,ALCISTA,ESPERAR
2026-05-17 11:41:52,101.02,20.9,53.3,RANGE,BELOW,100.98,101.24,ALCISTA,ESPERAR
2026-05-17 11:42:18,101.02,20.9,53.3,BULL,BELOW,100.98,101.24,ALCISTA,ESPERAR
2026-05-17 11:42:54,101.02,20.9,53.3,RANGE,BELOW,100.98,101.24,ALCISTA,ESPERAR
2026-05-17 11:43:19,101.02,20.9,53.3,BULL,BELOW,100.98,101.24,ALCISTA,ESPERAR
2026-05-17 11:43:55,101.02,20.9,53.3,RANGE,BELOW,100.98,101.24,ALCISTA,ESPERAR
2026-05-17 11:44:21,101.02,20.9,53.3,BULL,BELOW,100.98,101.24,ALCISTA,ESPERAR
2026-05-17 11:44:56,101.02,20.9,53.3,RANGE,BELOW,100.98,101.24,ALCISTA,ESPERAR
2026-05-17 11:45:22,101.02,20.9,53.3,BULL,BELOW,100.98,101.24,ALCISTA,ESPERAR
2026-05-17 11:45:57,101.02,20.9,53.3,RANGE,BELOW,100.98,101.24,ALCISTA,ESPERAR
2026-05-17 11:46:23,101.02,20.9,53.3,BULL,BELOW,100.98,101.24,ALCISTA,ESPERAR
2026-05-17 11:46:59,101.02,20.9,53.3,RANGE,BELOW,100.98,101.24,ALCISTA,ESPERAR
2026-05-17 11:47:24,101.02,20.9,53.3,BULL,BELOW,100.98,101.24,ALCISTA,ESPERAR
2026-05-17 11:48:00,101.02,20.9,53.3,RANGE,BELOW,100.98,101.24,ALCISTA,ESPERAR
2026-05-17 11:48:25,101.02,20.9,53.3,BULL,BELOW,100.98,101.24,ALCISTA,ESPERAR
2026-05-17 11:49:01,101.02,20.9,53.3,RANGE,BELOW,100.98,101.24,ALCISTA,ESPERAR
2026-05-17 11:49:26,101.02,20.9,53.3,BULL,BELOW,100.98,101.24,ALCISTA,ESPERAR
2026-05-17 11:50:04,101.02,20.9,53.3,RANGE,BELOW,100.98,101.24,ALCISTA,ESPERAR
2026-05-17 11:50:27,101.02,20.9,53.3,BULL,BELOW,100.98,101.24,ALCISTA,ESPERAR
2026-05-17 11:51:05,101.02,20.9,53.3,RANGE,BELOW,100.98,101.24,ALCISTA,ESPERAR
2026-05-17 11:51:28,101.02,20.9,53.3,BULL,BELOW,100.98,101.24,ALCISTA,ESPERAR
2026-05-17 11:52:07,101.02,20.9,53.3,RANGE,BELOW,100.98,101.24,ALCISTA,ESPERAR
2026-05-17 11:52:30,101.02,20.9,53.3,BULL,BELOW,100.98,101.24,ALCISTA,ESPERAR
2026-05-17 11:53:08,101.02,20.9,53.3,RANGE,BELOW,100.98,101.24,ALCISTA,ESPERAR
2026-05-17 11:53:31,101.02,20.9,53.3,BULL,BELOW,100.98,101.24,ALCISTA,ESPERAR
2026-05-17 11:54:09,101.02,20.9,53.3,RANGE,BELOW,100.98,101.24,ALCISTA,ESPERAR
2026-05-17 11:54:32,101.02,20.9,53.3,BULL,BELOW,100.98,101.24,ALCISTA,ESPERAR
2026-05-17 11:55:10,101.02,20.9,53.3,RANGE,BELOW,100.98,101.24,ALCISTA,ESPERAR
2026-05-17 11:55:33,101.02,20.9,53.3,BULL,BELOW,100.98,101.24,ALCISTA,ESPERAR
2026-05-17 11:56:12,101.02,20.9,53.3,RANGE,BELOW,100.98,101.24,ALCISTA,ESPERAR
2026-05-17 11:56:35,101.02,20.9,53.3,BULL,BELOW,100.98,101.24,ALCISTA,ESPERAR
2026-05-17 11:57:13,101.02,20.9,53.3,RANGE,BELOW,100.98,101.24,ALCISTA,ESPERAR
2026-05-17 11:57:37,101.02,20.9,53.3,BULL,BELOW,100.98,101.24,ALCISTA,ESPERAR
2026-05-17 11:58:14,101.02,20.9,53.3,RANGE,BELOW,100.98,101.24,ALCISTA,ESPERAR
2026-05-17 11:58:38,101.02,20.9,53.3,BULL,BELOW,100.98,101.24,ALCISTA,ESPERAR
2026-05-17 11:59:15,101.02,20.9,53.3,RANGE,BELOW,100.98,101.24,ALCISTA,ESPERAR
2026-05-17 11:59:39,101.02,20.9,53.3,BULL,BELOW,100.98,101.24,ALCISTA,ESPERAR
2026-05-17 12:00:17,101.02,20.9,53.3,RANGE,BELOW,100.98,101.24,ALCISTA,ESPERAR
2026-05-17 12:00:41,101.02,20.9,53.3,BULL,BELOW,100.98,101.24,ALCISTA,ESPERAR
2026-05-17 12:01:18,101.02,20.9,53.3,RANGE,BELOW,100.98,101.24,ALCISTA,ESPERAR
2026-05-17 12:01:42,101.02,20.9,53.3,BULL,BELOW,100.98,101.24,ALCISTA,ESPERAR
2026-05-17 12:02:20,101.02,20.9,53.3,RANGE,BELOW,100.98,101.24,ALCISTA,ESPERAR
2026-05-17 12:02:28,101.02,20.9,53.3,SCALP,BELOW,101.02,101.19,ALCISTA,ESPERAR
2026-05-17 12:02:43,101.02,20.9,53.3,BULL,BELOW,100.98,101.24,ALCISTA,ESPERAR
2026-05-17 12:02:59,101.02,20.9,53.3,SCALP,BELOW,101.02,101.19,ALCISTA,ESPERAR
2026-05-17 12:03:21,101.02,20.9,53.3,RANGE,BELOW,100.98,101.24,ALCISTA,ESPERAR
2026-05-17 12:03:31,101.02,20.9,53.3,SCALP,BELOW,101.02,101.19,ALCISTA,ESPERAR
2026-05-17 12:03:44,101.02,20.9,53.3,BULL,BELOW,100.98,101.24,ALCISTA,ESPERAR
2026-05-17 12:04:02,101.02,20.9,53.3,SCALP,BELOW,101.02,101.19,ALCISTA,ESPERAR
2026-05-17 12:04:22,101.02,20.9,53.3,RANGE,BELOW,100.98,101.24,ALCISTA,ESPERAR
2026-05-17 12:04:33,101.02,20.9,53.3,SCALP,BELOW,101.02,101.19,ALCISTA,ESPERAR
2026-05-17 12:04:46,101.02,20.9,53.3,BULL,BELOW,100.98,101.24,ALCISTA,ESPERAR
2026-05-17 12:05:04,101.02,20.9,53.3,SCALP,BELOW,101.02,101.19,ALCISTA,ESPERAR
2026-05-17 12:05:23,101.02,20.9,53.3,RANGE,BELOW,100.98,101.24,ALCISTA,ESPERAR
2026-05-17 12:05:35,101.02,20.9,53.3,SCALP,BELOW,101.02,101.19,ALCISTA,ESPERAR
2026-05-17 12:05:48,101.02,20.9,53.3,BULL,BELOW,100.98,101.24,ALCISTA,ESPERAR
2026-05-17 12:06:06,101.02,20.9,53.3,SCALP,BELOW,101.02,101.19,ALCISTA,ESPERAR
2026-05-17 12:06:24,101.02,20.9,53.3,RANGE,BELOW,100.98,101.24,ALCISTA,ESPERAR
2026-05-17 12:06:37,101.02,20.9,53.3,SCALP,BELOW,101.02,101.19,ALCISTA,ESPERAR
2026-05-17 12:06:49,101.02,20.9,53.3,BULL,BELOW,100.98,101.24,ALCISTA,ESPERAR
2026-05-17 12:07:08,101.02,20.9,53.3,SCALP,BELOW,101.02,101.19,ALCISTA,ESPERAR
2026-05-17 12:07:25,101.02,20.9,53.3,RANGE,BELOW,100.98,101.24,ALCISTA,ESPERAR
2026-05-17 12:07:40,101.02,20.9,53.3,SCALP,BELOW,101.02,101.19,ALCISTA,ESPERAR
2026-05-17 12:07:50,101.02,20.9,53.3,BULL,BELOW,100.98,101.24,ALCISTA,ESPERAR
2026-05-17 12:08:11,101.02,20.9,53.3,SCALP,BELOW,101.02,101.19,ALCISTA,ESPERAR
2026-05-17 12:08:27,101.02,20.9,53.3,RANGE,BELOW,100.98,101.24,ALCISTA,ESPERAR
2026-05-17 12:08:42,101.02,20.9,53.3,SCALP,BELOW,101.02,101.19,ALCISTA,ESPERAR
2026-05-17 12:08:52,101.02,20.9,53.3,BULL,BELOW,100.98,101.24,ALCISTA,ESPERAR
2026-05-17 12:09:14,101.02,20.9,53.3,SCALP,BELOW,101.02,101.19,ALCISTA,ESPERAR
2026-05-17 12:09:28,101.02,20.9,53.3,RANGE,BELOW,100.98,101.24,ALCISTA,ESPERAR
2026-05-17 12:09:45,101.02,20.9,53.3,SCALP,BELOW,101.02,101.19,ALCISTA,ESPERAR
2026-05-17 12:09:53,101.02,20.9,53.3,BULL,BELOW,100.98,101.24,ALCISTA,ESPERAR
2026-05-17 12:10:16,101.02,20.9,53.3,SCALP,BELOW,101.02,101.19,ALCISTA,ESPERAR
2026-05-17 12:10:29,101.02,20.9,53.3,RANGE,BELOW,100.98,101.24,ALCISTA,ESPERAR
2026-05-17 12:10:48,101.02,20.9,53.3,SCALP,BELOW,101.02,101.19,ALCISTA,ESPERAR
2026-05-17 12:10:57,101.02,20.9,53.3,BULL,BELOW,100.98,101.24,ALCISTA,ESPERAR
2026-05-17 12:11:19,101.02,20.9,53.3,SCALP,BELOW,101.02,101.19,ALCISTA,ESPERAR
2026-05-17 12:11:30,101.02,20.9,53.3,RANGE,BELOW,100.98,101.24,ALCISTA,ESPERAR
2026-05-17 12:11:50,101.02,20.9,53.3,SCALP,BELOW,101.02,101.19,ALCISTA,ESPERAR
2026-05-17 12:11:59,101.02,20.9,53.3,BULL,BELOW,100.98,101.24,ALCISTA,ESPERAR
2026-05-17 12:12:21,101.02,20.9,53.3,SCALP,BELOW,101.02,101.19,ALCISTA,ESPERAR
2026-05-17 12:12:31,101.02,20.9,53.3,RANGE,BELOW,100.98,101.24,ALCISTA,ESPERAR
2026-05-17 12:12:53,101.02,20.9,53.3,SCALP,BELOW,101.02,101.19,ALCISTA,ESPERAR
2026-05-17 12:13:00,101.02,20.9,53.3,BULL,BELOW,100.98,101.24,ALCISTA,ESPERAR
2026-05-17 12:13:24,101.02,20.9,53.3,SCALP,BELOW,101.02,101.19,ALCISTA,ESPERAR
2026-05-17 12:13:32,101.02,20.9,53.3,RANGE,BELOW,100.98,101.24,ALCISTA,ESPERAR
2026-05-17 12:13:55,101.02,20.9,53.3,SCALP,BELOW,101.02,101.19,ALCISTA,ESPERAR
2026-05-17 12:14:01,101.02,20.9,53.3,BULL,BELOW,100.98,101.24,ALCISTA,ESPERAR
2026-05-17 12:14:27,101.02,20.9,53.3,SCALP,BELOW,101.02,101.19,ALCISTA,ESPERAR
2026-05-17 12:14:33,101.02,20.9,53.3,RANGE,BELOW,100.98,101.24,ALCISTA,ESPERAR
2026-05-17 12:14:58,101.02,20.9,53.3,SCALP,BELOW,101.02,101.19,ALCISTA,ESPERAR
2026-05-17 12:15:02,101.02,20.9,53.3,BULL,BELOW,100.98,101.24,ALCISTA,ESPERAR
2026-05-17 12:15:29,101.02,20.9,53.3,SCALP,BELOW,101.02,101.19,ALCISTA,ESPERAR
2026-05-17 12:15:35,101.02,20.9,53.3,RANGE,BELOW,100.98,101.24,ALCISTA,ESPERAR
2026-05-17 12:16:01,101.02,20.9,53.3,SCALP,BELOW,101.02,101.19,ALCISTA,ESPERAR
2026-05-17 12:16:03,101.02,20.9,53.3,BULL,BELOW,100.98,101.24,ALCISTA,ESPERAR
2026-05-17 12:16:32,101.02,20.9,53.3,SCALP,BELOW,101.02,101.19,ALCISTA,ESPERAR
2026-05-17 12:16:35,101.02,20.9,53.3,RANGE,BELOW,100.98,101.24,ALCISTA,ESPERAR
2026-05-17 12:17:03,101.02,20.9,53.3,SCALP,BELOW,101.02,101.19,ALCISTA,ESPERAR
2026-05-17 12:17:05,101.02,20.9,53.3,BULL,BELOW,100.98,101.24,ALCISTA,ESPERAR
2026-05-17 12:17:35,101.02,20.9,53.3,SCALP,BELOW,101.02,101.19,ALCISTA,ESPERAR
2026-05-17 12:17:36,101.02,20.9,53.3,RANGE,BELOW,100.98,101.24,ALCISTA,ESPERAR
2026-05-17 12:18:06,101.02,20.9,53.3,SCALP,BELOW,101.02,101.19,ALCISTA,ESPERAR
2026-05-17 12:18:06,101.02,20.9,53.3,BULL,BELOW,100.98,101.24,ALCISTA,ESPERAR
2026-05-17 12:18:37,101.02,20.9,53.3,SCALP,BELOW,101.02,101.19,ALCISTA,ESPERAR
2026-05-17 12:18:37,101.02,20.9,53.3,RANGE,BELOW,100.98,101.24,ALCISTA,ESPERAR
2026-05-17 12:19:07,101.02,20.9,53.3,BULL,BELOW,100.98,101.24,ALCISTA,ESPERAR
2026-05-17 12:19:08,101.02,20.9,53.3,SCALP,BELOW,101.02,101.19,ALCISTA,ESPERAR
2026-05-17 12:19:38,101.02,20.9,53.3,RANGE,BELOW,100.98,101.24,ALCISTA,ESPERAR
2026-05-17 12:19:39,101.02,20.9,53.3,SCALP,BELOW,101.02,101.19,ALCISTA,ESPERAR
2026-05-17 12:20:08,101.02,20.9,53.3,BULL,BELOW,100.98,101.24,ALCISTA,ESPERAR
2026-05-17 12:20:10,101.02,20.9,53.3,SCALP,BELOW,101.02,101.19,ALCISTA,ESPERAR
2026-05-17 12:20:39,101.02,20.9,53.3,RANGE,BELOW,100.98,101.24,ALCISTA,ESPERAR
2026-05-17 12:20:42,101.02,20.9,53.3,SCALP,BELOW,101.02,101.19,ALCISTA,ESPERAR
2026-05-17 12:21:10,101.02,20.9,53.3,BULL,BELOW,100.98,101.24,ALCISTA,ESPERAR
2026-05-17 12:21:13,101.02,20.9,53.3,SCALP,BELOW,101.02,101.19,ALCISTA,ESPERAR
2026-05-17 12:21:41,101.02,20.9,53.3,RANGE,BELOW,100.98,101.24,ALCISTA,ESPERAR
2026-05-17 12:21:44,101.02,20.9,53.3,SCALP,BELOW,101.02,101.19,ALCISTA,ESPERAR
2026-05-17 12:22:11,101.02,20.9,53.3,BULL,BELOW,100.98,101.24,ALCISTA,ESPERAR
2026-05-17 12:22:16,101.02,20.9,53.3,SCALP,BELOW,101.02,101.19,ALCISTA,ESPERAR
2026-05-17 12:22:42,101.02,20.9,53.3,RANGE,BELOW,100.98,101.24,ALCISTA,ESPERAR
2026-05-17 12:22:46,101.02,20.9,53.3,SCALP,BELOW,101.02,101.19,ALCISTA,ESPERAR
2026-05-17 12:23:12,101.02,20.9,53.3,BULL,BELOW,100.98,101.24,ALCISTA,ESPERAR
2026-05-17 12:23:17,101.02,20.9,53.3,SCALP,BELOW,101.02,101.19,ALCISTA,ESPERAR
2026-05-17 12:23:43,101.02,20.9,53.3,RANGE,BELOW,100.98,101.24,ALCISTA,ESPERAR
2026-05-17 12:23:48,101.02,20.9,53.3,SCALP,BELOW,101.02,101.19,ALCISTA,ESPERAR
2026-05-17 12:24:14,101.02,20.9,53.3,BULL,BELOW,100.98,101.24,ALCISTA,ESPERAR
2026-05-17 12:24:19,101.02,20.9,53.3,SCALP,BELOW,101.02,101.19,ALCISTA,ESPERAR
2026-05-17 12:24:44,101.02,20.9,53.3,RANGE,BELOW,100.98,101.24,ALCISTA,ESPERAR
2026-05-17 12:24:50,101.02,20.9,53.3,SCALP,BELOW,101.02,101.19,ALCISTA,ESPERAR
2026-05-17 12:25:15,101.02,20.9,53.3,BULL,BELOW,100.98,101.24,ALCISTA,ESPERAR
2026-05-17 12:25:21,101.02,20.9,53.3,SCALP,BELOW,101.02,101.19,ALCISTA,ESPERAR
2026-05-17 12:25:46,101.02,20.9,53.3,RANGE,BELOW,100.98,101.24,ALCISTA,ESPERAR
2026-05-17 12:25:52,101.02,20.9,53.3,SCALP,BELOW,101.02,101.19,ALCISTA,ESPERAR
2026-05-17 12:26:16,101.02,20.9,53.3,BULL,BELOW,100.98,101.24,ALCISTA,ESPERAR
2026-05-17 12:26:23,101.02,20.9,53.3,SCALP,BELOW,101.02,101.19,ALCISTA,ESPERAR
2026-05-17 12:26:47,101.02,20.9,53.3,RANGE,BELOW,100.98,101.24,ALCISTA,ESPERAR
2026-05-17 12:26:54,101.02,20.9,53.3,SCALP,BELOW,101.02,101.19,ALCISTA,ESPERAR
2026-05-17 12:27:18,101.02,20.9,53.3,BULL,BELOW,100.98,101.24,ALCISTA,ESPERAR
2026-05-17 12:27:25,101.02,20.9,53.3,SCALP,BELOW,101.02,101.19,ALCISTA,ESPERAR
2026-05-17 12:27:48,101.02,20.9,53.3,RANGE,BELOW,100.98,101.24,ALCISTA,ESPERAR
2026-05-17 12:27:55,101.02,20.9,53.3,SCALP,BELOW,101.02,101.19,ALCISTA,ESPERAR
2026-05-17 12:28:19,101.02,20.9,53.3,BULL,BELOW,100.98,101.24,ALCISTA,ESPERAR
2026-05-17 12:28:27,101.02,20.9,53.3,SCALP,BELOW,101.02,101.19,ALCISTA,ESPERAR
2026-05-17 12:28:50,101.02,20.9,53.3,RANGE,BELOW,100.98,101.24,ALCISTA,ESPERAR
2026-05-17 12:28:58,101.02,20.9,53.3,SCALP,BELOW,101.02,101.19,ALCISTA,ESPERAR
2026-05-17 12:29:20,101.02,20.9,53.3,BULL,BELOW,100.98,101.24,ALCISTA,ESPERAR
2026-05-17 12:29:29,101.02,20.9,53.3,SCALP,BELOW,101.02,101.19,ALCISTA,ESPERAR
2026-05-17 12:29:51,101.02,20.9,53.3,RANGE,BELOW,100.98,101.24,ALCISTA,ESPERAR
2026-05-17 12:30:00,101.02,20.9,53.3,SCALP,BELOW,101.02,101.19,ALCISTA,ESPERAR
2026-05-17 12:30:22,101.02,20.9,53.3,BULL,BELOW,100.98,101.24,ALCISTA,ESPERAR
2026-05-17 12:30:31,101.02,20.9,53.3,SCALP,BELOW,101.02,101.19,ALCISTA,ESPERAR
2026-05-17 12:30:52,101.02,20.9,53.3,RANGE,BELOW,100.98,101.24,ALCISTA,ESPERAR
2026-05-17 12:31:03,101.02,20.9,53.3,SCALP,BELOW,101.02,101.19,ALCISTA,ESPERAR
2026-05-17 12:31:23,101.02,20.9,53.3,BULL,BELOW,100.98,101.24,ALCISTA,ESPERAR
2026-05-17 12:31:34,101.02,20.9,53.3,SCALP,BELOW,101.02,101.19,ALCISTA,ESPERAR
2026-05-17 12:31:53,101.02,20.9,53.3,RANGE,BELOW,100.98,101.24,ALCISTA,ESPERAR
2026-05-17 12:32:06,101.02,20.9,53.3,SCALP,BELOW,101.02,101.19,ALCISTA,ESPERAR
2026-05-17 12:32:25,101.02,20.9,53.3,BULL,BELOW,100.98,101.24,ALCISTA,ESPERAR
2026-05-17 12:32:37,101.02,20.9,53.3,SCALP,BELOW,101.02,101.19,ALCISTA,ESPERAR
2026-05-17 12:32:54,101.02,20.9,53.3,RANGE,BELOW,100.98,101.24,ALCISTA,ESPERAR
2026-05-17 12:33:08,101.02,20.9,53.3,SCALP,BELOW,101.02,101.19,ALCISTA,ESPERAR
2026-05-17 12:33:26,101.02,20.9,53.3,BULL,BELOW,100.98,101.24,ALCISTA,ESPERAR
2026-05-17 12:33:40,101.02,20.9,53.3,SCALP,BELOW,101.02,101.19,ALCISTA,ESPERAR
2026-05-17 12:33:55,101.02,20.9,53.3,RANGE,BELOW,100.98,101.24,ALCISTA,ESPERAR
2026-05-17 12:34:11,101.02,20.9,53.3,SCALP,BELOW,101.02,101.19,ALCISTA,ESPERAR
2026-05-17 12:34:27,101.02,20.9,53.3,BULL,BELOW,100.98,101.24,ALCISTA,ESPERAR
2026-05-17 12:34:42,101.02,20.9,53.3,SCALP,BELOW,101.02,101.19,ALCISTA,ESPERAR
2026-05-17 12:34:57,101.02,20.9,53.3,RANGE,BELOW,100.98,101.24,ALCISTA,ESPERAR
2026-05-17 12:35:14,101.02,20.9,53.3,SCALP,BELOW,101.02,101.19,ALCISTA,ESPERAR
2026-05-17 12:35:29,101.02,20.9,53.3,BULL,BELOW,100.98,101.24,ALCISTA,ESPERAR
2026-05-17 12:35:45,101.02,20.9,53.3,SCALP,BELOW,101.02,101.19,ALCISTA,ESPERAR
2026-05-17 12:35:58,101.02,20.9,53.3,RANGE,BELOW,100.98,101.24,ALCISTA,ESPERAR
2026-05-17 12:36:16,101.02,20.9,53.3,SCALP,BELOW,101.02,101.19,ALCISTA,ESPERAR
2026-05-17 12:36:30,101.02,20.9,53.3,BULL,BELOW,100.98,101.24,ALCISTA,ESPERAR
2026-05-17 12:36:47,101.02,20.9,53.3,SCALP,BELOW,101.02,101.19,ALCISTA,ESPERAR
2026-05-17 12:36:59,101.02,20.9,53.3,RANGE,BELOW,100.98,101.24,ALCISTA,ESPERAR
2026-05-17 12:37:19,101.02,20.9,53.3,SCALP,BELOW,101.02,101.19,ALCISTA,ESPERAR
2026-05-17 12:37:32,101.02,20.9,53.3,BULL,BELOW,100.98,101.24,ALCISTA,ESPERAR
2026-05-17 12:37:50,101.02,20.9,53.3,SCALP,BELOW,101.02,101.19,ALCISTA,ESPERAR
2026-05-17 12:38:01,101.02,20.9,53.3,RANGE,BELOW,100.98,101.24,ALCISTA,ESPERAR
2026-05-17 12:38:21,101.02,20.9,53.3,SCALP,BELOW,101.02,101.19,ALCISTA,ESPERAR
2026-05-17 12:38:33,101.02,20.9,53.3,BULL,BELOW,100.98,101.24,ALCISTA,ESPERAR
2026-05-17 12:38:52,101.02,20.9,53.3,SCALP,BELOW,101.02,101.19,ALCISTA,ESPERAR
2026-05-17 12:39:02,101.02,20.9,53.3,RANGE,BELOW,100.98,101.24,ALCISTA,ESPERAR
2026-05-17 12:39:24,101.02,20.9,53.3,SCALP,BELOW,101.02,101.19,ALCISTA,ESPERAR
2026-05-17 12:39:34,101.02,20.9,53.3,BULL,BELOW,100.98,101.24,ALCISTA,ESPERAR
2026-05-17 12:39:56,101.02,20.9,53.3,SCALP,BELOW,101.02,101.19,ALCISTA,ESPERAR
2026-05-17 12:40:03,101.02,20.9,53.3,RANGE,BELOW,100.98,101.24,ALCISTA,ESPERAR
2026-05-17 12:40:27,101.02,20.9,53.3,SCALP,BELOW,101.02,101.19,ALCISTA,ESPERAR
2026-05-17 12:40:35,101.02,20.9,53.3,BULL,BELOW,100.98,101.24,ALCISTA,ESPERAR
2026-05-17 12:40:58,101.02,20.9,53.3,SCALP,BELOW,101.02,101.19,ALCISTA,ESPERAR
2026-05-17 12:41:03,101.02,20.9,53.3,RANGE,BELOW,100.98,101.24,ALCISTA,ESPERAR
2026-05-17 12:41:29,101.02,20.9,53.3,SCALP,BELOW,101.02,101.19,ALCISTA,ESPERAR
2026-05-17 12:41:36,101.02,20.9,53.3,BULL,BELOW,100.98,101.24,ALCISTA,ESPERAR
2026-05-17 12:42:01,101.02,20.9,53.3,SCALP,BELOW,101.02,101.19,ALCISTA,ESPERAR
2026-05-17 12:42:06,101.02,20.9,53.3,RANGE,BELOW,100.98,101.24,ALCISTA,ESPERAR
2026-05-17 12:42:32,101.02,20.9,53.3,SCALP,BELOW,101.02,101.19,ALCISTA,ESPERAR
2026-05-17 12:42:37,101.02,20.9,53.3,BULL,BELOW,100.98,101.24,ALCISTA,ESPERAR
2026-05-17 12:43:03,101.02,20.9,53.3,SCALP,BELOW,101.02,101.19,ALCISTA,ESPERAR
2026-05-17 12:43:06,101.02,20.9,53.3,RANGE,BELOW,100.98,101.24,ALCISTA,ESPERAR
2026-05-17 12:43:34,101.02,20.9,53.3,SCALP,BELOW,101.02,101.19,ALCISTA,ESPERAR
2026-05-17 12:43:38,101.02,20.9,53.3,BULL,BELOW,100.98,101.24,ALCISTA,ESPERAR
2026-05-17 12:44:05,101.02,20.9,53.3,SCALP,BELOW,101.02,101.19,ALCISTA,ESPERAR
2026-05-17 12:44:08,101.02,20.9,53.3,RANGE,BELOW,100.98,101.24,ALCISTA,ESPERAR
2026-05-17 12:44:37,101.02,20.9,53.3,SCALP,BELOW,101.02,101.19,ALCISTA,ESPERAR
2026-05-17 12:44:39,101.02,20.9,53.3,BULL,BELOW,100.98,101.24,ALCISTA,ESPERAR
2026-05-17 12:45:08,101.02,20.9,53.3,SCALP,BELOW,101.02,101.19,ALCISTA,ESPERAR
2026-05-17 12:45:09,101.02,20.9,53.3,RANGE,BELOW,100.98,101.24,ALCISTA,ESPERAR
2026-05-17 12:45:40,101.02,20.9,53.3,SCALP,BELOW,101.02,101.19,ALCISTA,ESPERAR
2026-05-17 12:45:40,101.02,20.9,53.3,BULL,BELOW,100.98,101.24,ALCISTA,ESPERAR
2026-05-17 12:46:10,101.02,20.9,53.3,RANGE,BELOW,100.98,101.24,ALCISTA,ESPERAR
2026-05-17 12:46:11,101.02,20.9,53.3,SCALP,BELOW,101.02,101.19,ALCISTA,ESPERAR
2026-05-17 12:46:41,101.02,20.9,53.3,BULL,BELOW,100.98,101.24,ALCISTA,ESPERAR
2026-05-17 12:46:42,101.02,20.9,53.3,SCALP,BELOW,101.02,101.19,ALCISTA,ESPERAR
2026-05-17 12:47:11,101.02,20.9,53.3,RANGE,BELOW,100.98,101.24,ALCISTA,ESPERAR
2026-05-17 12:47:12,101.02,20.9,53.3,SCALP,BELOW,101.02,101.19,ALCISTA,ESPERAR
2026-05-17 12:47:43,101.02,20.9,53.3,BULL,BELOW,100.98,101.24,ALCISTA,ESPERAR
2026-05-17 12:47:44,101.02,20.9,53.3,SCALP,BELOW,101.02,101.19,ALCISTA,ESPERAR
2026-05-17 12:48:12,101.02,20.9,53.3,RANGE,BELOW,100.98,101.24,ALCISTA,ESPERAR
2026-05-17 12:48:14,101.02,20.9,53.3,SCALP,BELOW,101.02,101.19,ALCISTA,ESPERAR
2026-05-17 12:48:44,101.02,20.9,53.3,BULL,BELOW,100.98,101.24,ALCISTA,ESPERAR
2026-05-17 12:48:45,101.02,20.9,53.3,SCALP,BELOW,101.02,101.19,ALCISTA,ESPERAR
2026-05-17 12:49:14,101.02,20.9,53.3,RANGE,BELOW,100.98,101.24,ALCISTA,ESPERAR
2026-05-17 12:49:17,101.02,20.9,53.3,SCALP,BELOW,101.02,101.19,ALCISTA,ESPERAR
2026-05-17 12:49:45,101.02,20.9,53.3,BULL,BELOW,100.98,101.24,ALCISTA,ESPERAR
2026-05-17 12:49:48,101.02,20.9,53.3,SCALP,BELOW,101.02,101.19,ALCISTA,ESPERAR
2026-05-17 12:50:15,101.02,20.9,53.3,RANGE,BELOW,100.98,101.24,ALCISTA,ESPERAR
2026-05-17 12:50:20,101.02,20.9,53.3,SCALP,BELOW,101.02,101.19,ALCISTA,ESPERAR
2026-05-17 12:50:46,101.02,20.9,53.3,BULL,BELOW,100.98,101.24,ALCISTA,ESPERAR
2026-05-17 12:50:51,101.02,20.9,53.3,SCALP,BELOW,101.02,101.19,ALCISTA,ESPERAR
2026-05-17 12:51:16,101.02,20.9,53.3,RANGE,BELOW,100.98,101.24,ALCISTA,ESPERAR
2026-05-17 12:51:22,101.02,20.9,53.3,SCALP,BELOW,101.02,101.19,ALCISTA,ESPERAR
2026-05-17 12:51:48,101.02,20.9,53.3,BULL,BELOW,100.98,101.24,ALCISTA,ESPERAR
2026-05-17 12:52:02,101.02,20.9,53.3,SCALP,BELOW,101.02,101.19,ALCISTA,ESPERAR
2026-05-17 12:52:18,101.02,20.9,53.3,RANGE,BELOW,100.98,101.24,ALCISTA,ESPERAR
2026-05-17 12:52:33,101.02,20.9,53.3,SCALP,BELOW,101.02,101.19,ALCISTA,ESPERAR
2026-05-17 12:52:49,101.02,20.9,53.3,BULL,BELOW,100.98,101.24,ALCISTA,ESPERAR
2026-05-17 12:53:04,101.02,20.9,53.3,SCALP,BELOW,101.02,101.19,ALCISTA,ESPERAR
2026-05-17 12:53:19,101.02,20.9,53.3,RANGE,BELOW,100.98,101.24,ALCISTA,ESPERAR
2026-05-17 12:53:35,101.02,20.9,53.3,SCALP,BELOW,101.02,101.19,ALCISTA,ESPERAR
2026-05-17 12:53:50,101.02,20.9,53.3,BULL,BELOW,100.98,101.24,ALCISTA,ESPERAR
2026-05-17 12:54:06,101.02,20.9,53.3,SCALP,BELOW,101.02,101.19,ALCISTA,ESPERAR
2026-05-17 12:54:20,101.02,20.9,53.3,RANGE,BELOW,100.98,101.24,ALCISTA,ESPERAR
2026-05-17 12:54:37,101.02,20.9,53.3,SCALP,BELOW,101.02,101.19,ALCISTA,ESPERAR
2026-05-17 12:54:52,101.02,20.9,53.3,BULL,BELOW,100.98,101.24,ALCISTA,ESPERAR
2026-05-17 12:55:08,101.02,20.9,53.3,SCALP,BELOW,101.02,101.19,ALCISTA,ESPERAR
2026-05-17 12:55:22,101.02,20.9,53.3,RANGE,BELOW,100.98,101.24,NEUTRAL,ESPERAR
2026-05-17 12:55:39,101.02,20.9,53.3,SCALP,BELOW,101.02,101.19,ALCISTA,ESPERAR
2026-05-17 12:55:53,101.02,20.9,53.3,BULL,BELOW,100.98,101.24,ALCISTA,ESPERAR
2026-05-17 12:56:11,101.02,20.9,53.3,SCALP,BELOW,101.02,101.19,ALCISTA,ESPERAR
2026-05-17 12:56:23,101.02,20.9,53.3,RANGE,BELOW,100.98,101.24,NEUTRAL,ESPERAR
2026-05-17 12:56:42,101.02,20.9,53.3,SCALP,BELOW,101.02,101.19,ALCISTA,ESPERAR
2026-05-17 12:56:54,101.02,20.9,53.3,BULL,BELOW,100.98,101.24,ALCISTA,ESPERAR
2026-05-17 12:57:13,101.02,20.9,53.3,SCALP,BELOW,101.02,101.19,ALCISTA,ESPERAR
2026-05-17 12:57:24,101.02,20.9,53.3,RANGE,BELOW,100.98,101.24,NEUTRAL,ESPERAR
2026-05-17 12:57:44,101.02,20.9,53.3,SCALP,BELOW,101.02,101.19,ALCISTA,ESPERAR
2026-05-17 12:57:55,101.02,20.9,53.3,BULL,BELOW,100.98,101.24,ALCISTA,ESPERAR
2026-05-17 12:58:15,101.02,20.9,53.3,SCALP,BELOW,101.02,101.19,ALCISTA,ESPERAR
2026-05-17 12:58:25,101.02,20.9,53.3,RANGE,BELOW,100.98,101.24,NEUTRAL,ESPERAR
2026-05-17 12:58:47,101.02,20.9,53.3,SCALP,BELOW,101.02,101.19,ALCISTA,ESPERAR
2026-05-17 12:58:56,101.02,20.9,53.3,BULL,BELOW,100.98,101.24,ALCISTA,ESPERAR
2026-05-17 12:59:18,101.02,20.9,53.3,SCALP,BELOW,101.02,101.19,ALCISTA,ESPERAR
2026-05-17 12:59:26,101.02,20.9,53.3,RANGE,BELOW,100.98,101.24,NEUTRAL,ESPERAR
2026-05-17 12:59:49,101.02,20.9,53.3,SCALP,BELOW,101.02,101.19,ALCISTA,ESPERAR
2026-05-17 12:59:57,101.02,20.9,53.3,BULL,BELOW,100.98,101.24,ALCISTA,ESPERAR
2026-05-17 13:00:21,101.02,20.9,53.3,SCALP,BELOW,101.02,101.19,ALCISTA,ESPERAR
2026-05-17 13:00:27,101.02,20.9,53.3,RANGE,BELOW,100.98,101.24,NEUTRAL,ESPERAR
2026-05-17 13:00:52,101.02,20.9,53.3,SCALP,BELOW,101.02,101.19,ALCISTA,ESPERAR
2026-05-17 13:00:59,101.02,20.9,53.3,BULL,BELOW,100.98,101.24,ALCISTA,ESPERAR
2026-05-17 13:01:23,101.02,20.9,53.3,SCALP,BELOW,101.02,101.19,ALCISTA,ESPERAR
2026-05-17 13:01:28,101.02,20.9,53.3,RANGE,BELOW,100.98,101.24,NEUTRAL,ESPERAR
2026-05-17 13:01:54,101.02,20.9,53.3,SCALP,BELOW,101.02,101.19,ALCISTA,ESPERAR
2026-05-17 13:02:00,101.02,20.9,53.3,BULL,BELOW,100.98,101.24,ALCISTA,ESPERAR
2026-05-17 13:02:25,101.02,20.9,53.3,SCALP,BELOW,101.02,101.19,ALCISTA,ESPERAR
2026-05-17 13:02:29,101.02,20.9,53.3,RANGE,BELOW,100.98,101.24,NEUTRAL,ESPERAR
2026-05-17 13:02:57,101.02,20.9,53.3,SCALP,BELOW,101.02,101.19,ALCISTA,ESPERAR
2026-05-17 13:03:01,101.02,20.9,53.3,BULL,BELOW,100.98,101.24,ALCISTA,ESPERAR
2026-05-17 13:03:29,101.02,20.9,53.3,SCALP,BELOW,101.02,101.19,ALCISTA,ESPERAR
2026-05-17 13:03:30,101.02,20.9,53.3,RANGE,BELOW,100.98,101.24,NEUTRAL,ESPERAR
2026-05-17 13:04:00,101.02,20.9,53.3,SCALP,BELOW,101.02,101.19,ALCISTA,ESPERAR
2026-05-17 13:04:02,101.02,20.9,53.3,BULL,BELOW,100.98,101.24,ALCISTA,ESPERAR
2026-05-17 13:04:31,101.02,20.9,53.3,RANGE,BELOW,100.98,101.24,NEUTRAL,ESPERAR
2026-05-17 13:04:31,101.02,20.9,53.3,SCALP,BELOW,101.02,101.19,ALCISTA,ESPERAR
2026-05-17 13:05:02,101.02,20.9,53.3,SCALP,BELOW,101.02,101.19,ALCISTA,ESPERAR
2026-05-17 13:05:02,101.02,20.9,53.3,BULL,BELOW,100.98,101.24,ALCISTA,ESPERAR
2026-05-17 13:05:32,101.02,20.9,53.3,RANGE,BELOW,100.98,101.24,NEUTRAL,ESPERAR
2026-05-17 13:05:33,101.02,20.9,53.3,SCALP,BELOW,101.02,101.19,ALCISTA,ESPERAR
2026-05-17 13:06:04,101.02,20.9,53.3,BULL,BELOW,100.98,101.24,ALCISTA,ESPERAR
2026-05-17 13:06:04,101.02,20.9,53.3,SCALP,BELOW,101.02,101.19,ALCISTA,ESPERAR
2026-05-17 13:06:33,101.02,20.9,53.3,RANGE,BELOW,100.98,101.24,NEUTRAL,ESPERAR
2026-05-17 13:06:35,101.02,20.9,53.3,SCALP,BELOW,101.02,101.19,ALCISTA,ESPERAR
2026-05-17 13:07:05,101.02,20.9,53.3,BULL,BELOW,100.98,101.24,ALCISTA,ESPERAR
2026-05-17 13:07:05,101.02,20.9,53.3,SCALP,BELOW,101.02,101.19,ALCISTA,ESPERAR
2026-05-17 13:07:34,101.02,20.9,53.3,RANGE,BELOW,100.98,101.24,NEUTRAL,ESPERAR
2026-05-17 13:07:38,101.02,20.9,53.3,SCALP,BELOW,101.02,101.19,ALCISTA,ESPERAR
2026-05-17 13:08:06,101.02,20.9,53.3,BULL,BELOW,100.98,101.24,ALCISTA,ESPERAR
2026-05-17 13:08:10,101.02,20.9,53.3,SCALP,BELOW,101.02,101.19,ALCISTA,ESPERAR
2026-05-17 13:09:05,101.02,20.9,53.3,SCALP,BELOW,101.02,101.19,ALCISTA,ESPERAR
2026-05-17 13:09:10,101.02,20.9,53.3,RANGE,BELOW,100.98,101.24,NEUTRAL,ESPERAR
2026-05-17 13:09:27,101.02,20.9,53.3,BULL,BELOW,100.98,101.24,ALCISTA,ESPERAR
2026-05-17 13:09:35,101.02,20.9,53.3,SCALP,BELOW,101.02,101.19,ALCISTA,ESPERAR
2026-05-17 13:10:07,101.02,20.9,53.3,SCALP,BELOW,101.02,101.19,ALCISTA,ESPERAR
2026-05-17 13:10:10,101.02,20.9,53.3,RANGE,BELOW,100.98,101.24,NEUTRAL,ESPERAR
2026-05-17 13:10:28,101.02,20.9,53.3,BULL,BELOW,100.98,101.24,ALCISTA,ESPERAR
2026-05-17 13:10:37,101.02,20.9,53.3,SCALP,BELOW,101.02,101.19,ALCISTA,ESPERAR
2026-05-17 13:11:09,101.02,20.9,53.3,SCALP,BELOW,101.02,101.19,ALCISTA,ESPERAR
2026-05-17 13:11:11,101.02,20.9,53.3,RANGE,BELOW,100.98,101.24,NEUTRAL,ESPERAR
2026-05-17 13:11:29,101.02,20.9,53.3,BULL,BELOW,100.98,101.24,ALCISTA,ESPERAR
2026-05-17 13:11:40,101.02,20.9,53.3,SCALP,BELOW,101.02,101.19,ALCISTA,ESPERAR
2026-05-17 13:12:11,101.02,20.9,53.3,SCALP,BELOW,101.02,101.19,ALCISTA,ESPERAR
2026-05-17 13:12:12,101.02,20.9,53.3,RANGE,BELOW,100.98,101.24,NEUTRAL,ESPERAR
2026-05-17 13:12:30,101.02,20.9,53.3,BULL,BELOW,100.98,101.24,ALCISTA,ESPERAR
2026-05-17 13:12:42,101.02,20.9,53.3,SCALP,BELOW,101.02,101.19,ALCISTA,ESPERAR
2026-05-17 13:13:13,101.02,20.9,53.3,SCALP,BELOW,101.02,101.19,ALCISTA,ESPERAR
2026-05-17 13:13:13,101.02,20.9,53.3,RANGE,BELOW,100.98,101.24,NEUTRAL,ESPERAR
2026-05-17 13:13:31,101.02,20.9,53.3,BULL,BELOW,100.98,101.24,ALCISTA,ESPERAR
2026-05-17 13:13:44,101.02,20.9,53.3,SCALP,BELOW,101.02,101.19,ALCISTA,ESPERAR
2026-05-17 13:14:14,101.02,20.9,53.3,RANGE,BELOW,100.98,101.24,NEUTRAL,ESPERAR
2026-05-17 13:14:15,101.02,20.9,53.3,SCALP,BELOW,101.02,101.19,ALCISTA,ESPERAR
2026-05-17 13:14:32,101.02,20.9,53.3,BULL,BELOW,100.98,101.24,ALCISTA,ESPERAR
2026-05-17 13:14:48,101.02,20.9,53.3,SCALP,BELOW,101.02,101.19,ALCISTA,ESPERAR
2026-05-17 13:15:15,101.02,20.9,53.3,RANGE,BELOW,100.98,101.24,NEUTRAL,ESPERAR
2026-05-17 13:15:19,101.02,20.9,53.3,SCALP,BELOW,101.02,101.19,ALCISTA,ESPERAR
2026-05-17 13:15:33,101.02,20.9,53.3,BULL,BELOW,100.98,101.24,ALCISTA,ESPERAR
2026-05-17 13:15:50,101.02,20.9,53.3,SCALP,BELOW,101.02,101.19,ALCISTA,ESPERAR
2026-05-17 13:16:17,101.02,20.9,53.3,RANGE,BELOW,100.98,101.24,NEUTRAL,ESPERAR
2026-05-17 13:16:21,101.02,20.9,53.3,SCALP,BELOW,101.02,101.19,ALCISTA,ESPERAR
2026-05-17 13:16:34,101.02,20.9,53.3,BULL,BELOW,100.98,101.24,ALCISTA,ESPERAR
2026-05-17 13:16:52,101.02,20.9,53.3,SCALP,BELOW,101.02,101.19,ALCISTA,ESPERAR
2026-05-17 13:17:18,101.02,20.9,53.3,RANGE,BELOW,100.98,101.24,NEUTRAL,ESPERAR
2026-05-17 13:17:23,101.02,20.9,53.3,SCALP,BELOW,101.02,101.19,ALCISTA,ESPERAR
2026-05-17 13:17:35,101.02,20.9,53.3,BULL,BELOW,100.98,101.24,ALCISTA,ESPERAR
2026-05-17 13:17:54,101.02,20.9,53.3,SCALP,BELOW,101.02,101.19,ALCISTA,ESPERAR
2026-05-17 13:18:19,101.02,20.9,53.3,RANGE,BELOW,100.98,101.24,NEUTRAL,ESPERAR
2026-05-17 13:18:25,101.02,20.9,53.3,SCALP,BELOW,101.02,101.19,ALCISTA,ESPERAR
2026-05-17 13:18:36,101.02,20.9,53.3,BULL,BELOW,100.98,101.24,ALCISTA,ESPERAR
2026-05-17 13:18:57,101.02,20.9,53.3,SCALP,BELOW,101.02,101.19,ALCISTA,ESPERAR
2026-05-17 13:19:20,101.02,20.9,53.3,RANGE,BELOW,100.98,101.24,NEUTRAL,ESPERAR
2026-05-17 13:19:28,101.02,20.9,53.3,SCALP,BELOW,101.02,101.19,ALCISTA,ESPERAR
2026-05-17 13:19:37,101.02,20.9,53.3,BULL,BELOW,100.98,101.24,ALCISTA,ESPERAR
2026-05-17 13:19:59,101.02,20.9,53.3,SCALP,BELOW,101.02,101.19,ALCISTA,ESPERAR
2026-05-17 13:20:21,101.02,20.9,53.3,RANGE,BELOW,100.98,101.24,NEUTRAL,ESPERAR
2026-05-17 13:20:31,101.02,20.9,53.3,SCALP,BELOW,101.02,101.19,ALCISTA,ESPERAR
2026-05-17 13:20:38,101.02,20.9,53.3,BULL,BELOW,100.98,101.24,ALCISTA,ESPERAR
2026-05-17 13:21:02,101.02,20.9,53.3,SCALP,BELOW,101.02,101.19,ALCISTA,ESPERAR
2026-05-17 13:21:22,101.02,20.9,53.3,RANGE,BELOW,100.98,101.24,NEUTRAL,ESPERAR
2026-05-17 13:21:33,101.02,20.9,53.3,SCALP,BELOW,101.02,101.19,ALCISTA,ESPERAR
2026-05-17 13:21:39,101.02,20.9,53.3,BULL,BELOW,100.98,101.24,ALCISTA,ESPERAR
2026-05-17 13:22:04,101.02,20.9,53.3,SCALP,BELOW,101.02,101.19,ALCISTA,ESPERAR
2026-05-17 13:22:24,101.02,20.9,53.3,RANGE,BELOW,100.98,101.24,NEUTRAL,ESPERAR
2026-05-17 13:22:35,101.02,20.9,53.3,SCALP,BELOW,101.02,101.19,ALCISTA,ESPERAR
2026-05-17 13:22:40,101.02,20.9,53.3,BULL,BELOW,100.98,101.24,ALCISTA,ESPERAR
2026-05-17 13:23:07,101.02,20.9,53.3,SCALP,BELOW,101.02,101.19,ALCISTA,ESPERAR
2026-05-17 13:23:25,101.02,20.9,53.3,RANGE,BELOW,100.98,101.24,NEUTRAL,ESPERAR
2026-05-17 13:23:38,101.02,20.9,53.3,SCALP,BELOW,101.02,101.19,ALCISTA,ESPERAR
2026-05-17 13:23:41,101.02,20.9,53.3,BULL,BELOW,100.98,101.24,ALCISTA,ESPERAR
2026-05-17 13:24:09,101.02,20.9,53.3,SCALP,BELOW,101.02,101.19,ALCISTA,ESPERAR
2026-05-17 13:24:27,101.02,20.9,53.3,RANGE,BELOW,100.98,101.24,NEUTRAL,ESPERAR
2026-05-17 13:24:40,101.02,20.9,53.3,SCALP,BELOW,101.02,101.19,ALCISTA,ESPERAR
2026-05-17 13:24:42,101.02,20.9,53.3,BULL,BELOW,100.98,101.24,ALCISTA,ESPERAR
2026-05-17 13:25:12,101.02,20.9,53.3,SCALP,BELOW,101.02,101.19,ALCISTA,ESPERAR
2026-05-17 13:25:28,101.02,20.9,53.3,RANGE,BELOW,100.98,101.24,NEUTRAL,ESPERAR
2026-05-17 13:25:43,101.02,20.9,53.3,SCALP,BELOW,101.02,101.19,ALCISTA,ESPERAR
2026-05-17 13:25:43,101.02,20.9,53.3,BULL,BELOW,100.98,101.24,ALCISTA,ESPERAR
2026-05-17 13:26:14,101.02,20.9,53.3,SCALP,BELOW,101.02,101.19,ALCISTA,ESPERAR
2026-05-17 13:26:29,101.02,20.9,53.3,RANGE,BELOW,100.98,101.24,NEUTRAL,ESPERAR
2026-05-17 13:26:44,101.02,20.9,53.3,BULL,BELOW,100.98,101.24,ALCISTA,ESPERAR
2026-05-17 13:26:45,101.02,20.9,53.3,SCALP,BELOW,101.02,101.19,ALCISTA,ESPERAR
2026-05-17 13:27:16,101.02,20.9,53.3,SCALP,BELOW,101.02,101.19,ALCISTA,ESPERAR
2026-05-17 13:27:30,101.02,20.9,53.3,RANGE,BELOW,100.98,101.24,NEUTRAL,ESPERAR
2026-05-17 13:27:45,101.02,20.9,53.3,BULL,BELOW,100.98,101.24,ALCISTA,ESPERAR
2026-05-17 13:27:47,101.02,20.9,53.3,SCALP,BELOW,101.02,101.19,ALCISTA,ESPERAR
2026-05-17 13:28:18,101.02,20.9,53.3,SCALP,BELOW,101.02,101.19,ALCISTA,ESPERAR
2026-05-17 13:28:31,101.02,20.9,53.3,RANGE,BELOW,100.98,101.24,NEUTRAL,ESPERAR
2026-05-17 13:28:48,101.02,20.9,53.3,BULL,BELOW,100.98,101.24,ALCISTA,ESPERAR
2026-05-17 13:28:49,101.02,20.9,53.3,SCALP,BELOW,101.02,101.19,ALCISTA,ESPERAR
2026-05-17 13:29:20,101.02,20.9,53.3,SCALP,BELOW,101.02,101.19,ALCISTA,ESPERAR
2026-05-17 13:29:32,101.02,20.9,53.3,RANGE,BELOW,100.98,101.24,NEUTRAL,ESPERAR
2026-05-17 13:29:49,101.02,20.9,53.3,BULL,BELOW,100.98,101.24,ALCISTA,ESPERAR
2026-05-17 13:29:51,101.02,20.9,53.3,SCALP,BELOW,101.02,101.19,ALCISTA,ESPERAR
2026-05-17 13:30:22,101.02,20.9,53.3,SCALP,BELOW,101.02,101.19,ALCISTA,ESPERAR
2026-05-17 13:30:33,101.02,20.9,53.3,RANGE,BELOW,100.98,101.24,NEUTRAL,ESPERAR
2026-05-17 13:30:50,101.02,20.9,53.3,BULL,BELOW,100.98,101.24,ALCISTA,ESPERAR
2026-05-17 13:30:54,101.02,20.9,53.3,SCALP,BELOW,101.02,101.19,ALCISTA,ESPERAR
2026-05-17 13:31:25,101.02,20.9,53.3,SCALP,BELOW,101.02,101.19,ALCISTA,ESPERAR
2026-05-17 13:31:34,101.02,20.9,53.3,RANGE,BELOW,100.98,101.24,NEUTRAL,ESPERAR
2026-05-17 13:31:51,101.02,20.9,53.3,BULL,BELOW,100.98,101.24,ALCISTA,ESPERAR
2026-05-17 13:31:56,101.02,20.9,53.3,SCALP,BELOW,101.02,101.19,ALCISTA,ESPERAR
2026-05-17 13:32:27,101.02,20.9,53.3,SCALP,BELOW,101.02,101.19,ALCISTA,ESPERAR
2026-05-17 13:32:34,101.02,20.9,53.3,RANGE,BELOW,100.98,101.24,NEUTRAL,ESPERAR
2026-05-17 13:32:52,101.02,20.9,53.3,BULL,BELOW,100.98,101.24,ALCISTA,ESPERAR
2026-05-17 13:32:58,101.02,20.9,53.3,SCALP,BELOW,101.02,101.19,ALCISTA,ESPERAR
2026-05-17 13:33:30,101.02,20.9,53.3,SCALP,BELOW,101.02,101.19,ALCISTA,ESPERAR
2026-05-17 13:33:35,101.02,20.9,53.3,RANGE,BELOW,100.98,101.24,NEUTRAL,ESPERAR
2026-05-17 13:33:54,101.02,20.9,53.3,BULL,BELOW,100.98,101.24,ALCISTA,ESPERAR
2026-05-17 13:34:01,101.02,20.9,53.3,SCALP,BELOW,101.02,101.19,ALCISTA,ESPERAR
2026-05-17 13:34:32,101.02,20.9,53.3,SCALP,BELOW,101.02,101.19,ALCISTA,ESPERAR
2026-05-17 13:34:36,101.02,20.9,53.3,RANGE,BELOW,100.98,101.24,NEUTRAL,ESPERAR
2026-05-17 13:34:55,101.02,20.9,53.3,BULL,BELOW,100.98,101.24,ALCISTA,ESPERAR
2026-05-17 13:35:03,101.02,20.9,53.3,SCALP,BELOW,101.02,101.19,ALCISTA,ESPERAR
2026-05-17 13:35:34,101.02,20.9,53.3,SCALP,BELOW,101.02,101.19,ALCISTA,ESPERAR
2026-05-17 13:35:37,101.02,20.9,53.3,RANGE,BELOW,100.98,101.24,NEUTRAL,ESPERAR
2026-05-17 13:35:56,101.02,20.9,53.3,BULL,BELOW,100.98,101.24,ALCISTA,ESPERAR
2026-05-17 13:36:05,101.02,20.9,53.3,SCALP,BELOW,101.02,101.19,ALCISTA,ESPERAR
2026-05-17 13:36:36,101.02,20.9,53.3,SCALP,BELOW,101.02,101.19,ALCISTA,ESPERAR
2026-05-17 13:36:38,101.02,20.9,53.3,RANGE,BELOW,100.98,101.24,NEUTRAL,ESPERAR
2026-05-17 16:38:22,101.02,20.9,53.3,BULL,BELOW,100.98,101.24,ALCISTA,ESPERAR
2026-05-17 16:38:30,101.02,20.9,53.3,SCALP,BELOW,101.02,101.19,ALCISTA,ESPERAR
2026-05-17 21:58:41,103.28,16.2,48.9,RANGE,BELOW,103.14,103.41,ALCISTA,ESPERAR
2026-05-17 21:58:41,103.28,16.2,48.9,SCALP,BELOW,103.23,103.31,ALCISTA,ESPERAR
2026-05-17 21:58:55,103.25,16.2,45.7,BULL,BELOW,103.14,103.41,ALCISTA,ESPERAR
2026-05-17 21:59:16,103.29,16.2,50.0,SCALP,BELOW,103.23,103.31,ALCISTA,ESPERAR
2026-05-17 21:59:43,103.28,17.5,41.9,RANGE,BELOW,103.14,103.41,ALCISTA,CALL (COMPRA)
2026-05-17 21:59:47,103.28,17.5,41.9,SCALP,BELOW,103.25,103.3,ALCISTA,ESPERAR
2026-05-17 21:59:56,103.27,17.5,40.9,BULL,BELOW,103.14,103.41,ALCISTA,ESPERAR
2026-05-17 22:00:19,103.29,17.6,44.4,SCALP,BELOW,103.27,103.28,ALCISTA,ESPERAR
2026-05-17 22:00:44,103.33,17.6,49.0,RANGE,BELOW,103.14,103.41,ALCISTA,ESPERAR
2026-05-17 22:00:51,103.35,17.6,51.0,SCALP,ABOVE,103.27,103.28,ALCISTA,ESPERAR
2026-05-17 22:00:57,103.34,17.6,50.0,BULL,ABOVE,103.14,103.41,ALCISTA,ESPERAR
2026-05-17 22:01:22,103.33,18.2,55.6,SCALP,BELOW,103.28,103.35,ALCISTA,ESPERAR
2026-05-17 22:01:45,103.24,18.2,46.3,RANGE,BELOW,103.14,103.38,ALCISTA,ESPERAR
2026-05-17 22:01:52,103.24,18.2,46.3,SCALP,BELOW,103.28,103.35,ALCISTA,ESPERAR
2026-05-17 22:01:58,103.24,18.2,46.3,BULL,BELOW,103.14,103.38,ALCISTA,ESPERAR
2026-05-17 22:02:23,103.25,18.0,49.0,SCALP,BELOW,103.22,103.34,ALCISTA,ESPERAR
2026-05-17 22:02:46,103.24,18.0,48.1,RANGE,BELOW,103.14,103.38,ALCISTA,ESPERAR
2026-05-17 22:02:54,103.24,18.0,48.1,SCALP,BELOW,103.22,103.34,ALCISTA,ESPERAR
2026-05-17 22:02:59,103.24,18.0,48.1,BULL,BELOW,103.14,103.38,ALCISTA,ESPERAR
2026-05-17 22:03:25,103.25,17.2,52.9,SCALP,BELOW,103.23,103.26,ALCISTA,ESPERAR
2026-05-17 22:03:47,103.25,17.2,52.9,RANGE,BELOW,103.14,103.38,ALCISTA,ESPERAR
2026-05-17 22:03:56,103.21,17.2,49.0,SCALP,BELOW,103.23,103.26,ALCISTA,ESPERAR
2026-05-17 22:04:00,103.2,17.2,48.1,BULL,BELOW,103.14,103.38,ALCISTA,ESPERAR
2026-05-17 22:04:27,103.24,15.6,59.1,SCALP,BELOW,103.2,103.25,ALCISTA,ESPERAR
2026-05-17 22:04:49,103.23,15.6,57.8,RANGE,BELOW,103.14,103.38,ALCISTA,ESPERAR
2026-05-17 22:04:58,103.21,15.6,55.3,SCALP,BELOW,103.2,103.25,ALCISTA,ESPERAR
2026-05-17 22:05:01,103.2,15.6,54.2,BULL,BELOW,103.14,103.38,ALCISTA,ESPERAR
2026-05-17 22:05:29,103.18,14.4,48.9,SCALP,BELOW,103.19,103.26,ALCISTA,ESPERAR
2026-05-17 22:05:50,103.15,14.4,46.0,RANGE,BELOW,103.14,103.38,ALCISTA,ESPERAR
2026-05-17 22:06:01,103.18,14.4,48.9,SCALP,BELOW,103.19,103.26,ALCISTA,ESPERAR
2026-05-17 22:06:02,103.18,14.4,48.9,BULL,BELOW,103.14,103.38,ALCISTA,ESPERAR
2026-05-17 22:06:32,103.22,13.2,52.9,SCALP,BELOW,103.14,103.21,ALCISTA,ESPERAR
2026-05-17 22:06:51,103.3,13.2,59.3,RANGE,BELOW,103.14,103.38,ALCISTA,ESPERAR
2026-05-17 22:07:03,103.3,13.2,59.3,SCALP,BELOW,103.14,103.21,ALCISTA,CALL (SCALP)
2026-05-17 22:07:03,103.3,13.2,59.3,BULL,BELOW,103.14,103.38,ALCISTA,ESPERAR
2026-05-17 22:07:34,103.28,12.6,52.7,SCALP,BELOW,103.17,103.33,ALCISTA,ESPERAR
2026-05-17 22:07:53,103.29,12.6,53.7,RANGE,BELOW,103.14,103.37,ALCISTA,ESPERAR
2026-05-17 22:08:04,103.27,11.4,50.8,BULL,BELOW,103.14,103.35,ALCISTA,ESPERAR
2026-05-17 22:08:08,103.27,11.4,50.8,SCALP,BELOW,103.24,103.3,ALCISTA,ESPERAR
2026-05-17 22:08:39,103.25,11.4,49.2,SCALP,BELOW,103.24,103.3,ALCISTA,ESPERAR
2026-05-17 22:08:54,103.27,11.4,50.8,RANGE,BELOW,103.14,103.35,ALCISTA,ESPERAR
2026-05-17 22:09:05,103.27,11.4,50.8,BULL,BELOW,103.14,103.35,ALCISTA,ESPERAR
2026-05-17 22:09:10,103.27,11.4,50.8,SCALP,BELOW,103.24,103.3,ALCISTA,ESPERAR
2026-05-17 22:09:42,103.27,11.4,50.8,SCALP,BELOW,103.24,103.3,ALCISTA,ESPERAR
2026-05-17 22:09:55,103.27,11.4,50.8,RANGE,BELOW,103.14,103.35,ALCISTA,ESPERAR
2026-05-17 22:10:07,103.3,10.7,49.2,BULL,ABOVE,103.14,103.35,ALCISTA,ESPERAR
2026-05-17 22:10:14,103.19,10.7,40.6,SCALP,BELOW,103.24,103.27,ALCISTA,ESPERAR
2026-05-17 22:10:45,103.24,10.7,44.1,SCALP,BELOW,103.24,103.27,ALCISTA,ESPERAR
2026-05-17 22:10:56,103.21,10.7,41.9,RANGE,BELOW,103.14,103.35,ALCISTA,CALL (COMPRA)
2026-05-17 22:11:08,103.19,10.2,44.1,BULL,BELOW,103.14,103.35,ALCISTA,ESPERAR
2026-05-17 22:11:16,103.2,10.2,44.8,SCALP,BELOW,103.19,103.3,ALCISTA,ESPERAR
2026-05-17 22:11:47,103.2,10.2,44.8,SCALP,BELOW,103.19,103.3,ALCISTA,ESPERAR
2026-05-17 22:11:58,103.2,10.2,44.8,RANGE,BELOW,103.14,103.35,ALCISTA,CALL (COMPRA)
2026-05-17 22:12:09,103.2,10.2,44.8,BULL,BELOW,103.14,103.35,ALCISTA,ESPERAR
2026-05-17 22:12:18,103.2,10.2,44.8,SCALP,BELOW,103.19,103.3,ALCISTA,ESPERAR
2026-05-17 22:12:50,103.19,9.0,41.1,SCALP,BELOW,103.19,103.23,ALCISTA,ESPERAR
2026-05-17 22:12:59,103.23,9.0,44.8,RANGE,BELOW,103.14,103.35,ALCISTA,CALL (COMPRA)
2026-05-17 22:13:10,103.23,9.0,44.8,BULL,BELOW,103.14,103.35,ALCISTA,ESPERAR
2026-05-17 22:13:21,103.23,9.0,44.8,SCALP,BELOW,103.19,103.23,ALCISTA,ESPERAR
2026-05-17 22:13:52,103.23,9.0,44.8,SCALP,BELOW,103.19,103.23,ALCISTA,ESPERAR
2026-05-17 22:14:00,103.23,9.0,44.8,RANGE,BELOW,103.14,103.35,ALCISTA,CALL (COMPRA)
2026-05-17 22:14:11,103.2,7.1,44.1,BULL,BELOW,103.14,103.35,ALCISTA,ESPERAR
2026-05-17 22:14:23,103.23,7.1,46.4,SCALP,BELOW,103.18,103.23,ALCISTA,ESPERAR
2026-05-17 22:14:54,103.21,7.1,44.8,SCALP,BELOW,103.18,103.23,ALCISTA,ESPERAR
2026-05-17 22:15:01,103.21,7.1,44.8,RANGE,BELOW,103.14,103.35,ALCISTA,CALL (COMPRA)
2026-05-17 22:15:12,103.21,7.4,37.3,BULL,BELOW,103.14,103.35,ALCISTA,ESPERAR
2026-05-17 22:15:26,103.21,7.4,37.3,SCALP,BELOW,103.2,103.23,ALCISTA,ESPERAR
2026-05-18 01:20:00,102.96,32.4,67.9,BULL,ABOVE,102.66,103.09,ALCISTA,ESPERAR
2026-05-18 01:20:04,103.03,34.6,66.2,SCALP,ABOVE,102.93,103.04,ALCISTA,ESPERAR
2026-05-18 15:56:25,101.91,54.5,45.8,BULL,ABOVE,101.56,102.02,ALCISTA,ESPERAR
2026-05-18 15:56:36,101.96,54.5,50.9,SCALP,ABOVE,101.87,101.94,ALCISTA,ESPERAR
2026-05-18 15:56:59,101.98,54.5,52.7,BULL,ABOVE,101.56,102.02,ALCISTA,ESPERAR
2026-05-18 15:57:08,102.05,54.9,78.3,SCALP,ABOVE,101.9,102.03,ALCISTA,CALL (SCALP)
2026-05-18 15:57:28,102.08,54.9,79.6,BULL,ABOVE,101.56,102.03,ALCISTA,ESPERAR
2026-05-18 15:57:41,102.08,54.9,79.6,SCALP,ABOVE,101.9,102.03,ALCISTA,CALL (SCALP)
2026-05-18 15:58:01,102.05,54.9,78.3,BULL,ABOVE,101.56,102.03,ALCISTA,ESPERAR
2026-05-18 15:58:13,102.09,55.5,78.7,SCALP,ABOVE,102.02,102.08,ALCISTA,CALL (SCALP)
2026-05-18 15:58:29,102.13,55.5,80.4,BULL,ABOVE,101.58,102.08,ALCISTA,ESPERAR
2026-05-18 15:58:44,102.14,55.5,80.8,SCALP,ABOVE,102.02,102.08,ALCISTA,ESPERAR
2026-05-18 15:59:02,102.13,55.5,80.4,BULL,ABOVE,101.58,102.08,ALCISTA,ESPERAR
2026-05-18 15:59:16,102.1,56.9,80.4,SCALP,ABOVE,102.05,102.14,ALCISTA,ESPERAR
2026-05-18 15:59:31,102.09,56.9,78.8,BULL,ABOVE,101.59,102.14,ALCISTA,ESPERAR
2026-05-18 15:59:47,102.11,56.9,82.0,SCALP,ABOVE,102.05,102.14,ALCISTA,ESPERAR
2026-05-18 16:00:03,102.25,58.7,88.3,BULL,ABOVE,101.68,102.14,ALCISTA,ESPERAR
2026-05-18 16:00:19,102.15,58.7,86.0,SCALP,ABOVE,102.07,102.14,ALCISTA,ESPERAR
2026-05-18 16:00:32,102.2,58.7,87.3,BULL,ABOVE,101.68,102.14,ALCISTA,ESPERAR
2026-05-18 16:00:51,102.21,58.7,87.5,SCALP,ABOVE,102.07,102.14,ALCISTA,ESPERAR
2026-05-18 16:01:05,102.25,58.7,88.3,BULL,ABOVE,101.68,102.14,ALCISTA,ESPERAR
2026-05-18 16:01:22,102.28,60.3,87.3,SCALP,ABOVE,102.11,102.25,ALCISTA,ESPERAR
2026-05-18 16:01:34,102.26,60.3,86.8,BULL,ABOVE,101.69,102.25,ALCISTA,ESPERAR
2026-05-18 16:01:54,102.36,60.3,88.9,SCALP,ABOVE,102.11,102.25,ALCISTA,ESPERAR
2026-05-18 16:02:08,102.32,60.9,84.4,BULL,ABOVE,101.77,102.36,ALCISTA,ESPERAR
2026-05-18 16:02:27,102.29,60.9,80.6,SCALP,ABOVE,102.25,102.36,ALCISTA,ESPERAR
2026-05-18 16:02:35,102.31,60.9,83.1,BULL,ABOVE,101.77,102.36,ALCISTA,ESPERAR
2026-05-18 16:02:58,102.32,60.9,84.4,SCALP,ABOVE,102.25,102.36,ALCISTA,ESPERAR
2026-05-18 16:03:10,102.34,62.2,84.8,BULL,ABOVE,101.77,102.36,ALCISTA,ESPERAR
2026-05-18 16:03:29,102.4,62.2,86.1,SCALP,ABOVE,102.28,102.34,ALCISTA,ESPERAR
2026-05-18 16:03:36,102.4,62.2,86.1,BULL,ABOVE,101.77,102.36,ALCISTA,ESPERAR
2026-05-18 16:04:00,102.5,62.2,87.8,SCALP,ABOVE,102.28,102.34,ALCISTA,ESPERAR
2026-05-18 16:04:11,102.5,62.2,87.8,BULL,ABOVE,101.77,102.36,ALCISTA,ESPERAR
2026-05-18 16:04:32,102.51,63.1,87.8,SCALP,ABOVE,102.33,102.51,ALCISTA,ESPERAR
2026-05-18 16:04:38,102.51,63.1,87.8,BULL,ABOVE,101.77,102.51,ALCISTA,ESPERAR
2026-05-18 16:05:03,102.48,62.9,82.5,SCALP,ABOVE,102.44,102.53,ALCISTA,ESPERAR
2026-05-18 16:05:12,102.48,62.9,82.5,BULL,ABOVE,101.77,102.53,ALCISTA,ESPERAR
2026-05-18 16:05:34,102.43,62.9,79.0,SCALP,ABOVE,102.44,102.53,ALCISTA,ESPERAR
2026-05-18 16:05:39,102.43,62.9,79.0,BULL,ABOVE,101.77,102.53,ALCISTA,ESPERAR
2026-05-18 16:06:06,102.39,61.2,76.2,SCALP,ABOVE,102.41,102.52,ALCISTA,ESPERAR
2026-05-18 16:06:13,102.38,61.2,75.3,BULL,ABOVE,101.77,102.53,ALCISTA,ESPERAR
2026-05-18 16:06:37,102.34,61.2,71.9,SCALP,ABOVE,102.41,102.52,ALCISTA,ESPERAR
2026-05-18 16:06:41,102.34,61.2,71.9,BULL,ABOVE,101.77,102.53,ALCISTA,ESPERAR
2026-05-18 16:07:08,102.39,62.4,79.1,SCALP,ABOVE,102.31,102.41,ALCISTA,ESPERAR
2026-05-18 16:07:14,102.36,62.4,78.3,BULL,ABOVE,101.78,102.53,ALCISTA,ESPERAR
2026-05-18 16:07:40,102.41,62.4,79.5,SCALP,ABOVE,102.31,102.41,ALCISTA,ESPERAR
2026-05-18 16:07:42,102.41,62.4,79.5,BULL,ABOVE,101.78,102.53,ALCISTA,ESPERAR
2026-05-18 16:08:11,102.43,64.0,79.5,SCALP,ABOVE,102.35,102.41,ALCISTA,CALL (SCALP)
2026-05-18 16:08:15,102.42,64.0,79.3,BULL,ABOVE,101.87,102.53,ALCISTA,ESPERAR
2026-05-18 16:08:43,102.52,64.0,81.4,SCALP,ABOVE,102.35,102.41,ALCISTA,ESPERAR
2026-05-18 16:08:43,102.53,64.0,81.6,BULL,ABOVE,101.87,102.53,ALCISTA,ESPERAR
2026-05-18 16:09:14,102.5,67.8,81.1,SCALP,ABOVE,102.4,102.6,ALCISTA,ESPERAR
2026-05-18 16:09:16,102.49,67.8,80.2,BULL,ABOVE,101.87,102.6,ALCISTA,ESPERAR
2026-05-18 16:09:45,102.54,67.8,81.8,BULL,ABOVE,101.87,102.6,ALCISTA,ESPERAR
2026-05-18 16:09:45,102.54,67.8,81.8,SCALP,ABOVE,102.4,102.6,ALCISTA,ESPERAR
2026-05-18 16:10:17,102.45,67.8,77.0,SCALP,ABOVE,102.4,102.6,ALCISTA,ESPERAR
2026-05-18 16:10:17,102.45,67.8,77.0,BULL,ABOVE,101.87,102.6,ALCISTA,ESPERAR
2026-05-18 16:10:46,102.45,67.8,77.0,BULL,ABOVE,101.87,102.6,ALCISTA,ESPERAR
2026-05-18 16:10:48,102.45,67.8,77.0,SCALP,ABOVE,102.4,102.6,ALCISTA,ESPERAR
2026-05-18 16:11:19,102.45,67.8,77.0,BULL,ABOVE,101.87,102.6,ALCISTA,ESPERAR
2026-05-18 16:11:19,102.45,67.8,77.0,SCALP,ABOVE,102.4,102.6,ALCISTA,ESPERAR
2026-05-18 16:11:47,102.45,67.8,77.0,BULL,ABOVE,101.87,102.6,ALCISTA,ESPERAR
2026-05-18 16:11:51,102.45,67.8,77.0,SCALP,ABOVE,102.4,102.6,ALCISTA,ESPERAR
2026-05-18 16:12:21,102.45,67.8,77.0,BULL,ABOVE,101.87,102.6,ALCISTA,ESPERAR
2026-05-18 16:12:22,102.45,67.8,77.0,SCALP,ABOVE,102.4,102.6,ALCISTA,ESPERAR
2026-05-18 16:12:49,102.45,67.8,77.0,BULL,ABOVE,101.87,102.6,ALCISTA,ESPERAR
2026-05-18 16:12:53,102.45,67.8,77.0,SCALP,ABOVE,102.4,102.6,ALCISTA,ESPERAR
2026-05-18 16:13:22,102.45,67.8,77.0,BULL,ABOVE,101.87,102.6,ALCISTA,ESPERAR
2026-05-18 16:13:24,102.45,67.8,77.0,SCALP,ABOVE,102.4,102.6,ALCISTA,ESPERAR
2026-05-18 16:13:50,102.45,67.8,77.0,BULL,ABOVE,101.87,102.6,ALCISTA,ESPERAR
2026-05-18 16:13:56,102.45,67.8,77.0,SCALP,ABOVE,102.4,102.6,ALCISTA,ESPERAR
2026-05-18 16:14:23,102.45,67.8,77.0,BULL,ABOVE,101.87,102.6,ALCISTA,ESPERAR
2026-05-18 16:14:27,102.45,67.8,77.0,SCALP,ABOVE,102.4,102.6,ALCISTA,ESPERAR
2026-05-18 16:14:52,102.45,67.8,77.0,BULL,ABOVE,101.87,102.6,ALCISTA,ESPERAR
2026-05-18 16:14:58,102.45,67.8,77.0,SCALP,ABOVE,102.4,102.6,ALCISTA,ESPERAR
2026-05-18 16:15:25,102.45,67.8,77.0,BULL,ABOVE,101.87,102.6,ALCISTA,ESPERAR
2026-05-18 16:15:30,102.45,67.8,77.0,SCALP,ABOVE,102.4,102.6,ALCISTA,ESPERAR
2026-05-18 16:15:53,102.45,67.8,77.0,BULL,ABOVE,101.87,102.6,ALCISTA,ESPERAR
2026-05-18 16:16:00,102.45,67.8,77.0,SCALP,ABOVE,102.4,102.6,ALCISTA,ESPERAR
2026-05-18 16:16:26,102.45,67.8,77.0,BULL,ABOVE,101.87,102.6,ALCISTA,ESPERAR
2026-05-18 16:16:32,102.45,67.8,77.0,SCALP,ABOVE,102.4,102.6,ALCISTA,ESPERAR
2026-05-18 16:16:55,102.45,67.8,77.0,BULL,ABOVE,101.87,102.6,ALCISTA,ESPERAR
2026-05-18 16:17:03,102.45,67.8,77.0,SCALP,ABOVE,102.4,102.6,ALCISTA,ESPERAR
2026-05-18 16:17:27,102.45,67.8,77.0,BULL,ABOVE,101.87,102.6,ALCISTA,ESPERAR
2026-05-18 16:17:34,102.45,67.8,77.0,SCALP,ABOVE,102.4,102.6,ALCISTA,ESPERAR
2026-05-18 16:17:56,102.45,67.8,77.0,BULL,ABOVE,101.87,102.6,ALCISTA,ESPERAR
2026-05-18 16:18:05,102.45,67.8,77.0,SCALP,ABOVE,102.4,102.6,ALCISTA,ESPERAR
2026-05-18 16:18:29,102.45,67.8,77.0,BULL,ABOVE,101.87,102.6,ALCISTA,ESPERAR
2026-05-18 16:18:36,102.45,67.8,77.0,SCALP,ABOVE,102.4,102.6,ALCISTA,ESPERAR
2026-05-18 16:18:57,102.45,67.8,77.0,BULL,ABOVE,101.87,102.6,ALCISTA,ESPERAR
2026-05-18 16:19:08,102.45,67.8,77.0,SCALP,ABOVE,102.4,102.6,ALCISTA,ESPERAR
2026-05-18 16:19:30,102.45,67.8,77.0,BULL,ABOVE,101.87,102.6,ALCISTA,ESPERAR
2026-05-18 16:19:39,102.45,67.8,77.0,SCALP,ABOVE,102.4,102.6,ALCISTA,ESPERAR
2026-05-18 16:19:59,102.45,67.8,77.0,BULL,ABOVE,101.87,102.6,ALCISTA,ESPERAR
2026-05-18 16:20:10,102.45,67.8,77.0,SCALP,ABOVE,102.4,102.6,ALCISTA,ESPERAR
2026-05-18 16:20:31,102.45,67.8,77.0,BULL,ABOVE,101.87,102.6,ALCISTA,ESPERAR
2026-05-18 16:20:42,102.45,67.8,77.0,SCALP,ABOVE,102.4,102.6,ALCISTA,ESPERAR
2026-05-18 16:21:00,102.45,67.8,77.0,BULL,ABOVE,101.87,102.6,ALCISTA,ESPERAR
2026-05-18 16:21:13,102.45,67.8,77.0,SCALP,ABOVE,102.4,102.6,ALCISTA,ESPERAR
2026-05-18 16:21:33,102.45,67.8,77.0,BULL,ABOVE,101.87,102.6,ALCISTA,ESPERAR
2026-05-18 16:21:44,102.45,67.8,77.0,SCALP,ABOVE,102.4,102.6,ALCISTA,ESPERAR
2026-05-18 16:22:02,102.45,67.8,77.0,BULL,ABOVE,101.87,102.6,ALCISTA,ESPERAR
2026-05-18 16:22:16,102.45,67.8,77.0,SCALP,ABOVE,102.4,102.6,ALCISTA,ESPERAR
2026-05-18 16:22:34,102.45,67.8,77.0,BULL,ABOVE,101.87,102.6,ALCISTA,ESPERAR
2026-05-18 16:22:50,102.45,67.8,77.0,SCALP,ABOVE,102.4,102.6,ALCISTA,ESPERAR
2026-05-18 16:23:03,102.45,67.8,77.0,BULL,ABOVE,101.87,102.6,ALCISTA,ESPERAR
2026-05-18 16:23:22,102.45,67.8,77.0,SCALP,ABOVE,102.4,102.6,ALCISTA,ESPERAR
2026-05-18 16:23:35,102.45,67.8,77.0,BULL,ABOVE,101.87,102.6,ALCISTA,ESPERAR
2026-05-18 16:23:53,102.45,67.8,77.0,SCALP,ABOVE,102.4,102.6,ALCISTA,ESPERAR
2026-05-18 16:24:05,102.45,67.8,77.0,BULL,ABOVE,101.87,102.6,ALCISTA,ESPERAR
2026-05-18 16:24:25,102.45,67.8,77.0,SCALP,ABOVE,102.4,102.6,ALCISTA,ESPERAR
2026-05-18 16:24:37,102.45,67.8,77.0,BULL,ABOVE,101.87,102.6,ALCISTA,ESPERAR
2026-05-18 16:24:56,102.49,70.4,75.0,SCALP,ABOVE,102.45,102.56,ALCISTA,ESPERAR
2026-05-18 18:25:03,102.45,36.7,47.4,BEAR,BELOW,102.45,102.52,ALCISTA,ESPERAR
2026-05-18 18:25:10,102.45,36.7,47.4,SCALP,BELOW,102.45,102.47,ALCISTA,ESPERAR
2026-05-18 18:25:21,102.45,36.8,50.0,BULL,BELOW,102.45,102.52,ALCISTA,ESPERAR
2026-05-18 18:25:40,102.45,36.8,50.0,SCALP,BELOW,102.45,102.47,ALCISTA,ESPERAR
2026-05-18 18:26:04,102.46,36.8,52.6,BEAR,BELOW,102.45,102.52,ALCISTA,ESPERAR
2026-05-18 18:26:12,102.41,39.6,39.1,SCALP,BELOW,102.45,102.46,ALCISTA,ESPERAR
2026-05-18 18:26:22,102.42,39.6,40.9,BULL,BELOW,102.45,102.52,ALCISTA,ESPERAR
2026-05-18 18:26:44,102.36,39.6,32.1,SCALP,BELOW,102.45,102.46,ALCISTA,ESPERAR
2026-05-18 18:27:05,102.36,41.9,20.0,BEAR,BELOW,102.32,102.52,ALCISTA,ESPERAR
2026-05-18 18:27:15,102.36,41.9,20.0,SCALP,BELOW,102.32,102.45,ALCISTA,ESPERAR
2026-05-18 18:27:24,102.36,41.9,20.0,BULL,BELOW,102.32,102.52,ALCISTA,ESPERAR
2026-05-18 18:27:46,102.37,41.9,23.1,SCALP,BELOW,102.32,102.45,ALCISTA,ESPERAR
2026-05-18 18:28:06,102.36,41.9,20.0,BEAR,BELOW,102.32,102.52,ALCISTA,ESPERAR
2026-05-18 18:28:17,102.36,41.9,20.0,SCALP,BELOW,102.32,102.45,ALCISTA,ESPERAR
2026-05-18 18:28:25,102.36,41.9,20.0,BULL,BELOW,102.32,102.52,ALCISTA,ESPERAR
2026-05-18 18:28:48,102.39,43.4,29.6,SCALP,BELOW,102.35,102.37,ALCISTA,ESPERAR
2026-05-18 18:29:07,102.39,43.4,29.6,BEAR,BELOW,102.32,102.52,ALCISTA,ESPERAR
2026-05-18 18:29:19,102.39,43.4,29.6,SCALP,BELOW,102.35,102.37,ALCISTA,ESPERAR
2026-05-18 18:29:26,102.39,43.4,29.6,BULL,BELOW,102.32,102.52,ALCISTA,ESPERAR
2026-05-18 18:29:50,102.41,44.3,34.5,SCALP,BELOW,102.38,102.39,ALCISTA,ESPERAR
2026-05-18 18:30:07,102.39,44.0,26.9,BEAR,BELOW,102.32,102.52,ALCISTA,ESPERAR
2026-05-18 18:30:21,102.39,44.0,26.9,SCALP,BELOW,102.39,102.41,ALCISTA,ESPERAR
2026-05-18 18:30:27,102.39,44.0,26.9,BULL,BELOW,102.32,102.52,ALCISTA,ESPERAR
2026-05-18 18:30:52,102.4,44.0,29.6,SCALP,BELOW,102.39,102.41,ALCISTA,ESPERAR
2026-05-18 18:31:08,102.4,44.0,29.6,BEAR,BELOW,102.32,102.52,ALCISTA,ESPERAR
2026-05-18 18:31:23,102.4,44.0,29.6,SCALP,BELOW,102.39,102.41,ALCISTA,ESPERAR
2026-05-18 18:31:28,102.4,44.0,29.6,BULL,BELOW,102.32,102.52,ALCISTA,ESPERAR
2026-05-18 18:31:55,102.39,43.8,29.6,SCALP,BELOW,102.38,102.4,ALCISTA,ESPERAR
2026-05-18 18:32:10,102.39,43.8,29.6,BEAR,BELOW,102.32,102.52,ALCISTA,ESPERAR
2026-05-18 18:32:26,102.41,41.6,35.7,SCALP,BELOW,102.37,102.39,ALCISTA,ESPERAR
2026-05-18 18:32:28,102.41,41.6,35.7,BULL,BELOW,102.32,102.52,ALCISTA,ESPERAR
2026-05-18 18:32:57,102.48,41.6,48.6,SCALP,ABOVE,102.37,102.39,ALCISTA,ESPERAR
2026-05-18 18:33:11,102.42,40.0,40.6,BEAR,BELOW,102.32,102.52,ALCISTA,ESPERAR
2026-05-18 18:33:28,102.42,40.0,40.6,SCALP,BELOW,102.4,102.48,ALCISTA,ESPERAR
2026-05-18 18:33:28,102.42,40.0,40.6,BULL,BELOW,102.32,102.52,ALCISTA,ESPERAR
2026-05-18 18:33:59,102.42,40.0,40.6,SCALP,BELOW,102.4,102.48,ALCISTA,ESPERAR
2026-05-18 18:34:12,102.42,40.0,40.6,BEAR,BELOW,102.32,102.52,ALCISTA,ESPERAR
2026-05-18 18:34:30,102.42,40.0,40.6,SCALP,BELOW,102.4,102.48,ALCISTA,ESPERAR
2026-05-18 18:34:32,102.42,40.0,40.6,BULL,BELOW,102.32,102.52,ALCISTA,ESPERAR
2026-05-18 18:35:01,102.42,40.0,40.6,SCALP,BELOW,102.4,102.48,ALCISTA,ESPERAR
2026-05-18 18:35:13,102.42,40.0,40.6,BEAR,BELOW,102.32,102.52,ALCISTA,ESPERAR
2026-05-18 18:35:32,102.42,40.0,40.6,SCALP,BELOW,102.4,102.48,ALCISTA,ESPERAR
2026-05-18 18:35:32,102.42,40.0,40.6,BULL,BELOW,102.32,102.52,ALCISTA,ESPERAR
2026-05-18 18:36:03,102.42,40.0,40.6,SCALP,BELOW,102.4,102.48,ALCISTA,ESPERAR
2026-05-18 18:36:14,102.46,39.3,45.7,BULL,ABOVE,102.32,102.52,ALCISTA,ESPERAR
2026-05-18 18:36:33,102.46,39.3,45.7,BULL,ABOVE,102.32,102.52,ALCISTA,ESPERAR
2026-05-18 18:36:34,102.46,39.3,45.7,SCALP,ABOVE,102.42,102.45,ALCISTA,ESPERAR
2026-05-18 18:37:04,102.46,39.3,45.7,SCALP,ABOVE,102.42,102.45,ALCISTA,ESPERAR
2026-05-18 18:37:15,102.46,39.3,45.7,BULL,ABOVE,102.32,102.52,ALCISTA,ESPERAR
2026-05-18 18:37:34,102.46,39.3,45.7,BULL,ABOVE,102.32,102.52,ALCISTA,ESPERAR
2026-05-18 18:37:36,102.46,39.3,45.7,SCALP,ABOVE,102.42,102.45,ALCISTA,ESPERAR
2026-05-18 18:38:08,102.46,39.3,45.7,SCALP,ABOVE,102.42,102.45,ALCISTA,ESPERAR
2026-05-18 18:38:16,102.46,39.3,45.7,BULL,ABOVE,102.32,102.52,ALCISTA,ESPERAR
2026-05-18 18:38:35,102.45,37.2,47.1,BULL,BELOW,102.32,102.51,ALCISTA,ESPERAR
2026-05-18 18:38:38,102.45,37.2,47.1,SCALP,BELOW,102.45,102.46,ALCISTA,ESPERAR
2026-05-18 18:39:09,102.46,37.2,48.5,SCALP,ABOVE,102.45,102.46,ALCISTA,ESPERAR
2026-05-18 18:39:17,102.46,37.2,48.5,BULL,ABOVE,102.32,102.51,ALCISTA,ESPERAR
2026-05-18 18:39:36,102.46,37.2,48.5,BULL,ABOVE,102.32,102.51,ALCISTA,ESPERAR
2026-05-18 18:39:40,102.46,37.2,48.5,SCALP,ABOVE,102.45,102.46,ALCISTA,ESPERAR
2026-05-18 18:40:11,102.44,35.2,47.1,SCALP,BELOW,102.45,102.46,ALCISTA,ESPERAR
2026-05-18 18:40:18,102.44,35.2,47.1,BEAR,BELOW,102.32,102.51,ALCISTA,ESPERAR
2026-05-18 18:40:37,102.44,33.8,45.5,BULL,BELOW,102.32,102.5,ALCISTA,ESPERAR
2026-05-18 18:40:42,102.44,33.8,45.5,SCALP,BELOW,102.44,102.45,ALCISTA,ESPERAR
2026-05-18 18:41:13,102.45,33.8,47.1,SCALP,BELOW,102.44,102.45,ALCISTA,ESPERAR
2026-05-18 18:41:19,102.45,34.1,50.0,BEAR,BELOW,102.32,102.5,ALCISTA,ESPERAR
2026-05-18 18:41:38,102.39,34.1,42.1,BULL,BELOW,102.32,102.5,ALCISTA,ESPERAR
2026-05-18 18:41:45,102.39,34.1,42.1,SCALP,BELOW,102.43,102.45,ALCISTA,ESPERAR
2026-05-18 18:42:16,102.44,34.1,48.5,SCALP,BELOW,102.43,102.45,ALCISTA,ESPERAR
2026-05-18 18:42:20,102.44,34.1,48.5,BEAR,BELOW,102.32,102.5,ALCISTA,ESPERAR
2026-05-18 18:42:39,102.44,34.1,48.5,BULL,BELOW,102.32,102.5,ALCISTA,ESPERAR
2026-05-18 18:42:47,102.44,34.1,48.5,SCALP,BELOW,102.43,102.45,ALCISTA,ESPERAR
2026-05-18 18:43:18,102.43,32.9,68.2,SCALP,BELOW,102.44,102.44,ALCISTA,ESPERAR
2026-05-18 18:43:20,102.43,32.9,68.2,BEAR,BELOW,102.32,102.49,ALCISTA,ESPERAR
2026-05-18 18:43:40,102.43,32.9,68.2,BULL,BELOW,102.32,102.49,ALCISTA,ESPERAR
2026-05-18 18:43:49,102.45,32.9,72.7,SCALP,BELOW,102.44,102.44,ALCISTA,CALL (SCALP)
2026-05-18 18:44:21,102.44,32.9,71.4,BEAR,BELOW,102.32,102.49,ALCISTA,ESPERAR
2026-05-18 18:44:23,102.44,32.9,71.4,SCALP,BELOW,102.44,102.44,ALCISTA,ESPERAR
2026-05-18 18:44:42,102.41,28.3,60.9,BULL,BELOW,102.32,102.48,ALCISTA,ESPERAR
2026-05-18 18:44:56,102.41,28.3,60.9,SCALP,BELOW,102.43,102.45,ALCISTA,ESPERAR
2026-05-18 18:45:22,102.41,28.3,60.9,BEAR,BELOW,102.32,102.48,ALCISTA,ESPERAR
2026-05-18 18:45:27,102.41,28.3,60.9,SCALP,BELOW,102.43,102.45,ALCISTA,ESPERAR
2026-05-18 18:45:43,102.41,28.3,60.9,BULL,BELOW,102.32,102.48,ALCISTA,ESPERAR
2026-05-18 18:46:01,102.39,23.2,50.0,SCALP,BELOW,102.41,102.42,ALCISTA,ESPERAR
2026-05-18 18:46:24,102.4,19.8,52.2,RANGE,BELOW,102.32,102.48,ALCISTA,ESPERAR
2026-05-18 18:46:31,102.4,19.8,52.2,SCALP,BELOW,102.39,102.41,ALCISTA,ESPERAR
2026-05-18 18:46:44,102.4,19.8,52.2,BULL,BELOW,102.32,102.48,ALCISTA,ESPERAR
2026-05-18 18:47:03,102.4,19.8,52.2,SCALP,BELOW,102.39,102.41,ALCISTA,ESPERAR
2026-05-18 18:47:25,102.4,15.6,50.0,RANGE,BELOW,102.32,102.48,ALCISTA,ESPERAR
2026-05-18 18:47:34,102.4,15.6,50.0,SCALP,BELOW,102.4,102.4,ALCISTA,ESPERAR
2026-05-18 18:47:45,102.41,15.6,52.2,BULL,BELOW,102.32,102.48,ALCISTA,ESPERAR
2026-05-18 18:48:05,102.41,15.6,52.2,SCALP,BELOW,102.4,102.4,ALCISTA,ESPERAR
2026-05-18 18:48:26,102.41,15.6,52.2,RANGE,BELOW,102.32,102.48,ALCISTA,ESPERAR
2026-05-18 18:48:36,102.41,15.6,52.2,SCALP,BELOW,102.4,102.4,ALCISTA,ESPERAR
2026-05-18 18:48:46,102.41,12.4,54.5,BULL,BELOW,102.32,102.48,ALCISTA,ESPERAR
2026-05-18 18:49:07,102.44,12.4,60.0,SCALP,BELOW,102.4,102.41,ALCISTA,CALL (SCALP)
2026-05-18 18:49:27,102.45,12.1,52.4,RANGE,BELOW,102.32,102.48,ALCISTA,ESPERAR
2026-05-18 18:49:39,102.45,12.1,52.4,SCALP,BELOW,102.41,102.44,ALCISTA,ESPERAR
2026-05-18 18:49:47,102.47,12.1,56.5,BULL,ABOVE,102.32,102.48,ALCISTA,ESPERAR
2026-05-18 18:50:10,102.47,12.1,56.5,SCALP,ABOVE,102.41,102.44,ALCISTA,CALL (SCALP)
2026-05-18 18:50:28,102.48,11.3,63.6,RANGE,ABOVE,102.35,102.48,ALCISTA,ESPERAR
2026-05-18 18:50:41,102.47,11.3,61.9,SCALP,ABOVE,102.45,102.47,ALCISTA,ESPERAR
2026-05-18 18:50:49,102.47,11.3,61.9,BULL,ABOVE,102.35,102.48,ALCISTA,ESPERAR
2026-05-18 18:51:12,102.47,11.3,61.9,SCALP,ABOVE,102.45,102.47,ALCISTA,ESPERAR
2026-05-18 18:51:29,102.47,11.3,61.9,RANGE,ABOVE,102.35,102.48,ALCISTA,ESPERAR
2026-05-18 18:51:43,102.47,11.3,61.9,SCALP,ABOVE,102.45,102.47,ALCISTA,ESPERAR
2026-05-18 18:51:50,102.47,11.3,61.9,BULL,ABOVE,102.35,102.48,ALCISTA,ESPERAR
2026-05-18 18:52:14,102.44,12.3,45.0,SCALP,BELOW,102.47,102.48,ALCISTA,ESPERAR
2026-05-18 18:52:30,102.44,12.3,45.0,RANGE,BELOW,102.37,102.48,ALCISTA,ESPERAR
